group,time_years,survival,ci_low,ci_high
No detected CH,0.0,1.0,1.0,1.0
No detected CH,0.052020233132781646,1.0,1.0,1.0
No detected CH,0.16701232742629896,1.0,1.0,1.0
No detected CH,0.2245083745730576,1.0,1.0,1.0
No detected CH,0.2874802357337933,1.0,1.0,1.0
No detected CH,0.4271134930902072,1.0,1.0,1.0
No detected CH,0.4380651211181612,0.9999296616726454,0.9995007523115997,0.9999900919549042
No detected CH,0.5475814013977015,0.9999296616726454,0.9995007523115997,0.9999900919549042
No detected CH,0.572222564460598,0.9999296616726454,0.9995007523115997,0.9999900919549042
No detected CH,0.6160290765724142,0.9999296616726454,0.9995007523115997,0.9999900919549042
No detected CH,0.6324565186143453,0.9999296616726454,0.9995007523115997,0.9999900919549042
No detected CH,0.6899525657611039,0.9998593035484072,0.9994375382608187,0.9999648111880775
No detected CH,0.7145937288240005,0.9998593035484072,0.9994375382608187,0.9999648111880775
No detected CH,0.73375907787292,0.9998593035484072,0.9994375382608187,0.9999648111880775
No detected CH,0.7693518689637706,0.9998593035484072,0.9994375382608187,0.9999648111880775
No detected CH,0.7720897759707591,0.9997889305681462,0.9993456960434355,0.9999319221380674
No detected CH,0.8104204740685983,0.9997889305681462,0.9993456960434355,0.9999319221380674
No detected CH,1.0020739645577939,0.9992962850300654,0.9986924927868057,0.999621305608316
No detected CH,1.0048118715647822,0.998873987684652,0.9981626461581345,0.9993100246455465
No detected CH,1.0075497785717709,0.998451660581128,0.9976494373546474,0.9989802330611552
No detected CH,1.0102876855787593,0.9979588414001896,0.9970640466211695,0.9985811223008906
No detected CH,1.0130255925857479,0.9973956194791173,0.996407237052709,0.9981123517845973
No detected CH,1.0157634995927363,0.9969731433960339,0.995920826847573,0.9977542967593803
No detected CH,1.0185014065997249,0.9968322981402035,0.9957596402668789,0.9976339346972839
No detected CH,1.0212393136067133,0.9965505877267118,0.9954385243207304,0.9973918912056391
No detected CH,1.0239772206137019,0.9957758293363667,0.9945628815230597,0.9967186312957466
No detected CH,1.0267151276206903,0.9957053967554261,0.9944837491923612,0.9966569489245795
No detected CH,1.029453034627679,0.9951418563823067,0.9938529910060329,0.9961610027869274
No detected CH,1.0321909416346673,0.9945078285819782,0.9931478196560773,0.9955985036024297
No detected CH,1.034928848641656,0.994085113438064,0.9926799304450276,0.9952212026849625
No detected CH,1.0376667556486443,0.9937328258509076,0.9922912147500474,0.994905535218624
No detected CH,1.040404662655633,0.9931691257440646,0.9916712997666779,0.9943983451598363
No detected CH,1.0431425696626213,0.9928872756906431,0.991362219548441,0.9941438689302605
No detected CH,1.04588047666961,0.9923235755838,0.9907456481820315,0.9936333209915554
No detected CH,1.0486183836765983,0.9920417255303785,0.9904380998446618,0.9933773069264612
No detected CH,1.051356290683587,0.991759875476957,0.9901310090910956,0.9931208336956523
No detected CH,1.0540941976905753,0.9914780254235355,0.9898243531071915,0.9928639242706107
No detected CH,1.056832104697564,0.9910552202954231,0.9893651031854906,0.9924777627121264
No detected CH,1.0595700117045523,0.9908437876641555,0.9891357716513763,0.9922843265669443
No detected CH,1.062307918711541,0.9906323550328878,0.9889066497555558,0.9920906802604359
No detected CH,1.0650458257185293,0.9904208923130146,0.9886776950123529,0.9918968052995204
No detected CH,1.067783732725518,0.9900684293620136,0.988296507366111,0.9915732250128506
No detected CH,1.0705216397325064,0.9897159664110126,0.9879158370816697,0.9912491263667791
No detected CH,1.073259546739495,0.9891520256894109,0.9873077769348335,0.990729554393647
No detected CH,1.0759974537464836,0.9887995124942257,0.9869282771923942,0.9904041813684754
No detected CH,1.078735360753472,0.9884469741626177,0.9865491819393424,0.9900783523856568
No detected CH,1.0814732677604606,0.9881649434973312,0.986246205098347,0.9898173894557583
No detected CH,1.084211174767449,0.9878123548498262,0.9858677847258457,0.9894907829508383
No detected CH,1.0869490817744376,0.9873187307433193,0.9853386368214669,0.9890328925877647
No detected CH,1.089686988781426,0.987177685210356,0.9851875720669205,0.9889019259267164
No detected CH,1.0924248957884146,0.9866839905760434,0.9846592473170274,0.988443069116576
No detected CH,1.095162802795403,0.9864723769092055,0.9844329918287994,0.988246185550566
No detected CH,1.0979007098023916,0.9859080737976379,0.9838302161788219,0.9877205900864656
No detected CH,1.10063861680938,0.9853437706860703,0.9832282346572081,0.9871942000950074
No detected CH,1.1033765238163686,0.9853437706860703,0.9832282346572081,0.9871942000950074
No detected CH,1.106114430823357,0.984779386769303,0.9826269104643556,0.9866669894140354
No detected CH,1.1088523378303456,0.984497154373582,0.9823264707241012,0.9864030800763989
No detected CH,1.111590244837334,0.9843560381757216,0.9821763159086478,0.986271060344033
No detected CH,1.1143281518443227,0.9836504066071368,0.9814261124408424,0.9856102890200351
No detected CH,1.117066058851311,0.9832975655114314,0.9810513605682982,0.9852795024562552
No detected CH,1.1198039658582997,0.982874156196585,0.9806019771703943,0.9848822397380926
No detected CH,1.122541872865288,0.9826624363381382,0.9803773950158199,0.984683468205741
No detected CH,1.1252797798722767,0.9823095192154769,0.9800032167538021,0.9843519548723104
No detected CH,1.128017686879265,0.9820977232863661,0.9797787655204354,0.9841528991942667
No detected CH,1.1307555938862537,0.9818859121310923,0.9795543759451254,0.9839537512203083
No detected CH,1.133493500893242,0.9816034769485434,0.9792552873022187,0.9836880822844568
No detected CH,1.1362314079002307,0.9812504329703574,0.9788816156667128,0.9833558070523404
No detected CH,1.138969314907219,0.9808267801965341,0.9784334795386002,0.9829568070863168
No detected CH,1.1417072219142077,0.9806149385593427,0.9782095019301386,0.982757185998791
No detected CH,1.144445128921196,0.9804736904587219,0.9780601997477077,0.9826240481163746
No detected CH,1.1471830359281847,0.9802618030454258,0.9778362871696812,0.9824242699117891
No detected CH,1.149920942935173,0.980191163728351,0.9777616534798332,0.9823576528597135
No detected CH,1.1526588499421617,0.9799792305037611,0.9775377805418711,0.9821577428666357
No detected CH,1.1553967569491501,0.9795553640545813,0.9770902349667929,0.9817577227698682
No detected CH,1.1581346639561387,0.9792021420135981,0.9767174795262897,0.9814241736686476
No detected CH,1.1608725709631271,0.9791314925084023,0.9766429440290034,0.9813574380192742
No detected CH,1.1636104779701157,0.9786369102853139,0.9761213502598998,0.9808900621392412
No detected CH,1.1663483849771041,0.9782127989482454,0.9756743297807831,0.980489024982719
No detected CH,1.1690862919840928,0.9779300376246588,0.9753764258456993,0.9802215162339978
No detected CH,1.1718241989910811,0.9771523877718524,0.9745576565499231,0.9794852883076932
No detected CH,1.1745621059980698,0.9767988594115876,0.9741856806327389,0.9791503447693714
No detected CH,1.1773000130050582,0.9763038122051092,0.9736650474350229,0.9786810749171385
No detected CH,1.1800379200120468,0.9758087291360397,0.97314466126577,0.9782114863861325
No detected CH,1.1827758270190354,0.9753136460669702,0.9726245534840271,0.9777416199164553
No detected CH,1.1855137340260238,0.9748892275960969,0.9721788940036965,0.9773386066326623
No detected CH,1.1882516410330124,0.9742525074909906,0.9715106644065259,0.9767336419511352
No detected CH,1.1909895480400008,0.9738986970219715,0.9711395232333918,0.9763972983640736
No detected CH,1.1937274550469894,0.9734032543708702,0.970620019708007,0.975926106579344
No detected CH,1.1964653620539778,0.9731200825150531,0.97032320192605,0.9756566888387875
No detected CH,1.1992032690609664,0.9729784862862405,0.9701748110794935,0.9755219412857425
No detected CH,1.2019411760679548,0.9728368591412206,0.9700264055261243,0.975387146354786
No detected CH,1.2046790830749434,0.9724119158422364,0.9695812357855198,0.9749825905988759
No detected CH,1.2074169900819318,0.9720576932297338,0.9692102771446534,0.9746452376196238
No detected CH,1.2101548970889204,0.9717742738279611,0.9689135482722561,0.9743752344067769
No detected CH,1.2128928040959088,0.9713491447253021,0.9684685917675473,0.9739700931390347
No detected CH,1.2156307111028974,0.9705696276470226,0.9676531288699275,0.973226816066528
No detected CH,1.2183686181098858,0.9703570010307716,0.9674307870054593,0.973023984897154
No detected CH,1.2211065251168745,0.9695772561983267,0.9666157335862795,0.9722798426016086
No detected CH,1.2238444321238628,0.9693645674173531,0.9663934991744632,0.9720767795911455
No detected CH,1.2265823391308515,0.9689391587423601,0.9659491056667782,0.9716705160681179
No detected CH,1.2293202461378399,0.9683718641529326,0.9653567128237008,0.9711285334235886
No detected CH,1.2320581531448285,0.968017227126582,0.9649865086901046,0.9707895967875567
No detected CH,1.2347960601518169,0.968017227126582,0.9649865086901046,0.9707895967875567
No detected CH,1.2375339671588055,0.9675205897335971,0.9644682240106035,0.9703147925888697
No detected CH,1.2402718741657939,0.96709486932157,0.9640240921490145,0.9699076431731872
No detected CH,1.2430097811727825,0.9669529416917899,0.9638760549681763,0.9697718782044706
No detected CH,1.2457476881797709,0.9666690864322297,0.9635800244013922,0.9695003046067879
No detected CH,1.2484855951867595,0.9662432097512257,0.9631359842279072,0.9690927505690227
No detected CH,1.251223502193748,0.9658172391958615,0.9626919693391888,0.9686849831977469
No detected CH,1.2539614092007365,0.9657462441033008,0.9626179791293866,0.9686170097373912
No detected CH,1.256699316207725,0.9655332275065571,0.9623959951431863,0.9684130399100173
No detected CH,1.2594372232147135,0.9651071003005962,0.9619520174655289,0.968004921553221
No detected CH,1.262175130221702,0.9647519681618338,0.9615821009263011,0.9676647059231296
No detected CH,1.2649130372286905,0.9646809208116488,0.9615081048745832,0.9675966335792245
No detected CH,1.267650944235679,0.9645388051780583,0.9613600999537277,0.9674604597275229
No detected CH,1.2703888512426675,0.9642545529699457,0.9610641070554276,0.9671880531942955
No detected CH,1.273126758249656,0.9641124268658894,0.9609161303410695,0.9670518302651402
No detected CH,1.2758646652566445,0.9635439224496642,0.9603243532963655,0.9665068092045677
No detected CH,1.278602572263633,0.9632596702415517,0.9600285416331561,0.9662342220889394
No detected CH,1.2813404792706216,0.9629753970616073,0.9597327576248648,0.965961565407834
No detected CH,1.28407838627761,0.9626911238816629,0.9594370235442046,0.9656888589746557
No detected CH,1.2868162932845986,0.9624067877304758,0.959141270370991,0.9654160454379956
No detected CH,1.2895542002915872,0.9619091627109668,0.9586237796822497,0.9649384710489585
No detected CH,1.2922921072985756,0.9616248055569617,0.9583281368637215,0.9646655054877802
No detected CH,1.2950300143055642,0.9612693591144553,0.9579586500238947,0.9643242320875707
No detected CH,1.2977679213125526,0.9610559965754392,0.9577368903205025,0.9641193458066785
No detected CH,1.3005058283195412,0.9606292399162139,0.9572934149890406,0.9637094660956173
No detected CH,1.3032437353265296,0.9602024832569885,0.9568500427911181,0.9632994836343675
No detected CH,1.3059816423335182,0.9598467473043889,0.956480529299881,0.9629576570572982
No detected CH,1.3087195493405066,0.9594909586071896,0.9561110283360917,0.9626157123992464
No detected CH,1.3114574563474952,0.9592774695561015,0.955889343707833,0.9624104980179927
No detected CH,1.3141953633544836,0.9587081231834886,0.95529825876247,0.9618631013339382
No detected CH,1.3169332703614722,0.9583522288620158,0.9549288608115484,0.9615208426042712
No detected CH,1.3196711773684606,0.958209860559429,0.9547811087767336,0.961383910827124
No detected CH,1.3224090843754492,0.9575691556006597,0.9541163029307606,0.9607675445450388
No detected CH,1.3251469913824376,0.9572131554684563,0.953746999727081,0.9604249796285147
No detected CH,1.3278848983894262,0.9565723075625413,0.9530823626763397,0.9598081590731821
No detected CH,1.3306228053964146,0.9562874862710234,0.9527870336423307,0.9595339516456648
No detected CH,1.3333607124034033,0.9557178436879878,0.9521964939922715,0.9589854188230929
No detected CH,1.3360986194103917,0.9552903888193984,0.9517534507589624,0.9585737109730826
No detected CH,1.3388365264173803,0.9551478719778619,0.9516057545281186,0.9584364263045194
No detected CH,1.3415744334243687,0.9550766029230956,0.9515318985250927,0.9583677705452568
No detected CH,1.3443123404313573,0.9547202310563333,0.9511626255302785,0.9580244315448817
No detected CH,1.3470502474383457,0.9546489407164993,0.9510887608104138,0.957955741874342
No detected CH,1.3497881544453343,0.9542924357718744,0.9507194150530912,0.9576122090485183
No detected CH,1.3525260614523227,0.9537932915553009,0.9502023886658749,0.9571311310541477
No detected CH,1.3552639684593113,0.9532941100195336,0.9496854346889211,0.9566499062982076
No detected CH,1.3580018754662997,0.9531514653823917,0.949537731004571,0.9565123733507667
No detected CH,1.3607397824732883,0.9529374664004918,0.9493161578739093,0.9563060273849915
No detected CH,1.3634776894802767,0.9524381354427253,0.9487992321544103,0.9558244755577042
No detected CH,1.3662155964872653,0.9521527820952779,0.94850387170781,0.9555492347639217
No detected CH,1.3689535034942537,0.9520814330670204,0.9484300255714329,0.9554804091756863
No detected CH,1.3716914105012423,0.9519387350105055,0.9482823398549199,0.9553427514720134
No detected CH,1.3744293175082307,0.9517246558347161,0.948060793056254,0.9551362188645561
No detected CH,1.3771672245152193,0.9513678304538542,0.9476915628424374,0.9547919299483082
No detected CH,1.3799051315222077,0.9512250788850263,0.9475438627450234,0.9546541795185439
No detected CH,1.3826430385291963,0.9507967277537361,0.9471007098377285,0.9542407877375658
No detected CH,1.3853809455361847,0.9505110745382476,0.946805224572269,0.9539650713845713
No detected CH,1.3881188525431734,0.950368226465729,0.9466574714505593,0.9538271807193964
No detected CH,1.3908567595501617,0.9500825088478513,0.9463619671512489,0.9535513545119109
No detected CH,1.3935946665571504,0.9498682045225473,0.9461403433806415,0.9533444482030529
No detected CH,1.3963325735641388,0.9493680482541812,0.9456231719047666,0.9528614902654026
No detected CH,1.3990704805711274,0.9490821801276368,0.9453276208210535,0.9525854096409553
No detected CH,1.401808387578116,0.9487962258702919,0.9450320095179346,0.9523092167159175
No detected CH,1.4045462945851044,0.9485102285150936,0.9447363840112846,0.9520329517532571
No detected CH,1.407284201592093,0.9482242095995972,0.9444407672010559,0.9517566350327666
No detected CH,1.4100221085990814,0.9480096954129749,0.9442190753474257,0.951549376844364
No detected CH,1.41276001560607,0.9476521447999353,0.9438495992000322,0.9512038823886482
No detected CH,1.4154979226130584,0.9474376144321116,0.9436279368823736,0.9509965624629109
No detected CH,1.418235829620047,0.9473661043095037,0.9435540533154695,0.9509274519681926
No detected CH,1.4209737366270354,0.9470799990307391,0.9432584688004398,0.9506509304533441
No detected CH,1.423711643634024,0.9465792769768709,0.94274122899749,0.9501669092719389
No detected CH,1.4264495506410124,0.9462931500889462,0.9424457050944847,0.9498902842529665
No detected CH,1.429187457648001,0.9457208530523034,0.9418547008039069,0.9493369044323753
No detected CH,1.4319253646549894,0.9454346395838756,0.9415591735584271,0.9490601096510343
No detected CH,1.434663271661978,0.9452915111848773,0.9414113977594679,0.9489216810653329
No detected CH,1.4374011786689664,0.9449336630961489,0.9410419612371502,0.948575552486185
No detected CH,1.440139085675955,0.9447189379795538,0.9408203037157893,0.9483678384593509
No detected CH,1.4428769926829434,0.9445757770554775,0.9406725294530914,0.9482293433287392
No detected CH,1.445614899689932,0.9442178747452867,0.9403031252370704,0.9478830742233034
No detected CH,1.4483528066969205,0.9436452310489816,0.9397121710625183,0.9473289515554447
No detected CH,1.451090713703909,0.9435736451567763,0.9396383039212446,0.9472596732475398
No detected CH,1.4538286207108975,0.9432872581334341,0.9393428063696864,0.9469825019934465
No detected CH,1.456566527717886,0.9430724678659274,0.9391212015238927,0.9467746053285118
No detected CH,1.4593044347248745,0.9427859938477421,0.9388256595862217,0.9464973043449989
No detected CH,1.462042341731863,0.9424278741205341,0.9384562418320439,0.9461506141238994
No detected CH,1.4647802487388515,0.9424278741205341,0.9384562418320439,0.9461506141238994
No detected CH,1.46751815574584,0.9419979670845177,0.9380128222045182,0.945734377055358
No detected CH,1.4702560627528285,0.9417829972152606,0.9377911178163263,0.9455262204462184
No detected CH,1.4729939697598171,0.9414963707229179,0.93749553555023,0.9452486548415201
No detected CH,1.4757318767668055,0.9414246922782493,0.9374216208475911,0.9451792388641287
No detected CH,1.4784697837737941,0.9411379784995746,0.9371259787389801,0.9449015583432779
No detected CH,1.4812076907807825,0.9407078423119605,0.9366824953515025,0.9444849267452233
No detected CH,1.4839455977877711,0.9404210848535511,0.9363868727064862,0.9442071395785879
No detected CH,1.4866835047947595,0.9398475699367324,0.9357957056783436,0.9436514874033807
No detected CH,1.4894214118017481,0.9396324690281413,0.9355740096736646,0.9434430605862767
No detected CH,1.4921593188087365,0.9394173517046459,0.9353523105855922,0.943234604033865
No detected CH,1.4948972258157252,0.939130528606652,0.9350567341516067,0.9429566397336256
No detected CH,1.4976351328227135,0.9387001953874952,0.9346133118365351,0.9425395536637563
No detected CH,1.5003730398297022,0.9382697963983216,0.9341698759441954,0.9421223496761629
No detected CH,1.5031109468366906,0.9380545969037348,0.9339481790634865,0.9419137267308954
No detected CH,1.5058488538436792,0.9377676423008275,0.9336525815031828,0.9416355206669667
No detected CH,1.5085867608506678,0.9372653949025027,0.9331352630315568,0.9411485291296228
No detected CH,1.5113246678576562,0.9371218956458385,0.9329874715073683,0.9410093750112506
No detected CH,1.5140625748646448,0.9366913319446458,0.9325440630195232,0.9405918146509173
No detected CH,1.5168004818716332,0.9366195713277804,0.9324701668880544,0.9405222160029045
No detected CH,1.5195383888786218,0.9362607132544747,0.9321006501123237,0.9401741488146323
No detected CH,1.5222762958856102,0.9357582734359542,0.931583348179532,0.9396867563589241
No detected CH,1.5250142028925988,0.9353993878512967,0.9312138911254482,0.9393385748029752
No detected CH,1.5277521098995872,0.934968692100617,0.9307705557552765,0.9389206778776944
No detected CH,1.5304900169065758,0.9346097789750505,0.9304011495408706,0.9385723907252366
No detected CH,1.5332279239135642,0.9343943980150777,0.9301794878762388,0.9383633701700138
No detected CH,1.5359658309205528,0.9341789839526752,0.929957803870945,0.9381543056978278
No detected CH,1.5387037379275412,0.9339635698902725,0.9297361327215816,0.9379452284388293
No detected CH,1.5414416449345298,0.9338199384300817,0.9295883355556239,0.9378058157861693
No detected CH,1.5441795519415182,0.933460832162419,0.9292188380283941,0.9374572335661093
No detected CH,1.5469174589485069,0.9331016982626951,0.9288493462958279,0.9371085903777591
No detected CH,1.5496553659554952,0.9328861681506849,0.9286276150827502,0.9368993410057797
No detected CH,1.5523932729624839,0.9326706380386748,0.9284058964056658,0.936690079166472
No detected CH,1.5551311799694723,0.9320958467972982,0.9278146603604148,0.9361319454566626
No detected CH,1.5578690869764609,0.9316647201336546,0.927371255602521,0.9357132566287181
No detected CH,1.5606069939834493,0.9312335934700111,0.926927899760566,0.935294519149225
No detected CH,1.5633449009904379,0.9310180301381894,0.9267062400478452,0.9350851322988759
No detected CH,1.5660828079974263,0.9308024668063677,0.9264845924026934,0.9348757334452795
No detected CH,1.568820715004415,0.9304431668500617,0.9261151768531144,0.9345266827361965
No detected CH,1.5715586220114033,0.9302275702253184,0.9258935257506891,0.9343172208088137
No detected CH,1.574296529018392,0.9300119569431832,0.9256718688299372,0.9341077313910919
No detected CH,1.5770344360253803,0.9298682036458737,0.9255240923230518,0.933968054784326
No detected CH,1.579772343032369,0.9296525403593691,0.9253024019708302,0.9337584987240384
No detected CH,1.5825102500393573,0.9294368603948591,0.9250807056617562,0.9335489152714346
No detected CH,1.585248157046346,0.9290055004658392,0.924637348139864,0.9331297134592993
No detected CH,1.5879860640533343,0.9287897871143379,0.9244156513664523,0.9329200637732206
No detected CH,1.590723971060323,0.9285740737628366,0.9241939661666857,0.9327104025760096
No detected CH,1.5934618780673113,0.9284302648618358,0.9240461824390472,0.9325706220734574
No detected CH,1.5961997850743,0.9282145348026161,0.9238244986789031,0.9323609260686169
No detected CH,1.5989376920812883,0.9277830746841766,0.9233811654523059,0.9319414999492317
No detected CH,1.601675599088277,0.9276392546446969,0.9232333978190558,0.9318016811877636
No detected CH,1.6044135060952653,0.9271358064525342,0.9227161677898856,0.9313122026818906
No detected CH,1.607151413102254,0.9269919529526968,0.922568387182054,0.9311723299849121
No detected CH,1.6098893201092423,0.9267761727029405,0.9223467255911169,0.9309625116684365
No detected CH,1.612627227116231,0.9261287817099005,0.9216817541974137,0.9303329430447729
No detected CH,1.6153651341232196,0.9258410300300155,0.9213862195306635,0.930053081990887
No detected CH,1.618103041130208,0.9257690865200279,0.9213123329816563,0.9299831084279749
No detected CH,1.6208409481371966,0.9256971374187206,0.9212384417179331,0.9299131283857424
No detected CH,1.623578855144185,0.9254093410134917,0.9209428887934219,0.929633196151214
No detected CH,1.6263167621511736,0.9251934769264814,0.9207212189933385,0.9294232185301642
No detected CH,1.629054669158162,0.9247617151732295,0.9202778762453061,0.9290031993445155
No detected CH,1.6317925761651506,0.9244737619690653,0.9199822195481655,0.9287230571245841
No detected CH,1.634530483172139,0.924185741480875,0.9196865105668187,0.9284428325146714
No detected CH,1.6372683901791276,0.9235376448879711,0.9190211810069054,0.9278122107311513
No detected CH,1.640006297186116,0.9232496019577916,0.918725509498402,0.9275319040330486
No detected CH,1.6427442041931046,0.9231055467850723,0.9185776450243529,0.9273917119232574
No detected CH,1.645482111200093,0.9228173914715762,0.9182818823795971,0.9271112714040531
No detected CH,1.6482200182070816,0.9226012581142169,0.918060054684559,0.9269009129982637
No detected CH,1.65095792521407,0.9222409795848066,0.917690305313912,0.9265502396250103
No detected CH,1.6536958322210586,0.9220248124671603,0.9174684694676272,0.9263398219026744
No detected CH,1.656433739228047,0.9218086453495141,0.9172466439045509,0.9261293939548546
No detected CH,1.6591716462350357,0.9215203774594822,0.9169508446921293,0.9258487649734801
No detected CH,1.661909553242024,0.9213762322416722,0.9168029399536465,0.9257084330740332
No detected CH,1.6646474602490127,0.9210879192534092,0.9165071201539556,0.9254277345017843
No detected CH,1.667385367256001,0.9209437627592776,0.9163592170109385,0.9252873784970446
No detected CH,1.6701232742629897,0.9207995836966147,0.9162112944648542,0.9251469967165574
No detected CH,1.672861181269978,0.9205111804130202,0.9159154150019782,0.9248661771524832
No detected CH,1.6755990882769667,0.9202948440603966,0.9156934812490273,0.9246555188224925
No detected CH,1.678336995283955,0.9200784907548422,0.9154715395596655,0.924444834530921
No detected CH,1.6810749022909437,0.9198620865625831,0.915249553988601,0.9242340922560626
No detected CH,1.683812809297932,0.9197178057867125,0.9151015571612613,0.9240935812233266
No detected CH,1.6865507163049207,0.9193571038470361,0.9147315843627196,0.9237422844847502
No detected CH,1.689288623311909,0.9190684743504983,0.914435553968513,0.9234611632779044
No detected CH,1.6920265303188977,0.9187798221914687,0.9141395170606353,0.9231800032974361
No detected CH,1.694764437325886,0.9184190069926816,0.9137694953565234,0.9228285290354058
No detected CH,1.6975023443328747,0.9183468439529242,0.9136954942597484,0.9227582309580286
No detected CH,1.7002402513398631,0.9179138657143796,0.9132515102760002,0.9223364200290494
No detected CH,1.7029781583468517,0.9176252135553499,0.9129555423779416,0.9220551914433565
No detected CH,1.7057160653538401,0.9175530505155924,0.9128815530695094,0.9219848816462993
No detected CH,1.7084539723608287,0.9172643983565628,0.9125856064612501,0.9217036318939315
No detected CH,1.7139297863748058,0.9171200609217309,0.9124376275091383,0.9215629899596831
No detected CH,1.7166676933817941,0.9169757121280075,0.9122896407745026,0.9214223330826072
No detected CH,1.7194056003887828,0.9163981805820286,0.9116975917678465,0.9208595347628752
No detected CH,1.7221435073957714,0.9160371949282895,0.9113275650957344,0.9205077251004876
No detected CH,1.7248814144027598,0.9156762092745504,0.9109575644070901,0.920155889605914
No detected CH,1.7276193214097484,0.9154596178823069,0.9107355764017734,0.9199447759731467
No detected CH,1.7303572284167368,0.9153874207515591,0.9106615824606282,0.9198744027134843
No detected CH,1.7330951354237254,0.9149542037990028,0.9102176042694639,0.9194521093941338
No detected CH,1.7358330424307138,0.9145931896718725,0.9098476505423967,0.9191001703573006
No detected CH,1.7385709494377024,0.9143765640940251,0.9096256724375673,0.9188889786239987
No detected CH,1.7413088564446908,0.9136544218067925,0.9088857508176064,0.9181848869495202
No detected CH,1.7440467634516794,0.9133655420591656,0.9085897861500029,0.9179032007329327
No detected CH,1.7467846704586678,0.913293322122259,0.9085157974773332,0.9178327766987613
No detected CH,1.7495225774656564,0.9130044195292587,0.9082198286108982,0.9175510490427763
No detected CH,1.7522604844726448,0.9127877425845085,0.9079978623722534,0.9173397429488344
No detected CH,1.7549983914796334,0.9123543201046488,0.9075538841381087,0.9169170393071655
No detected CH,1.7577362984866218,0.9123543201046488,0.9075538841381087,0.9169170393071655
No detected CH,1.7604742054936104,0.9119931061050824,0.9071838990997287,0.9165647323284021
No detected CH,1.7632121125005988,0.9114874065056895,0.906665961025934,0.9160714618110781
No detected CH,1.7659500195075875,0.9110539153485054,0.9062220156530868,0.9156485883719124
No detected CH,1.7686879265145758,0.9109094068362763,0.9060740294842152,0.9155076120310053
No detected CH,1.7714258335215645,0.9105481355557035,0.9057040808563223,0.915155154479234
No detected CH,1.7741637405285529,0.9102591185312452,0.9054081391576951,0.914873171330803
No detected CH,1.7769016475355415,0.9100423557629015,0.9051861928747038,0.9146616740343793
No detected CH,1.7796395545425299,0.9099701015067869,0.9051122126778028,0.914591173048721
No detected CH,1.7823774615495185,0.9096088015379523,0.9047422956241568,0.9142386268190701
No detected CH,1.7851153685565069,0.9093920043341218,0.9045203385445958,0.9140270715030128
No detected CH,1.7878532755634955,0.909030646945449,0.9041503985746746,0.9136744334146324
No detected CH,1.7905911825704839,0.9088138325122452,0.9039284458147006,0.9134628394022454
No detected CH,1.7933290895774725,0.9083079321681032,0.9034105885943282,0.9129690876677118
No detected CH,1.796066996584461,0.9081633777108472,0.9032626255993611,0.9128279965465326
No detected CH,1.7988049035914495,0.9079465115058697,0.9030406516416538,0.9126163202444064
No detected CH,1.801542810598438,0.9078019225240231,0.902892661473464,0.9124751872127992
No detected CH,1.8042807176054265,0.9075850217779597,0.9026706649045224,0.9122634644312931
No detected CH,1.807018624612415,0.9071511511596291,0.9022266236311142,0.9118399287199614
No detected CH,1.8097565316194035,0.9070788278596882,0.9021526077956714,0.9117693253205421
No detected CH,1.812494438626392,0.9068618579598653,0.9019305657477438,0.9115575096949059
No detected CH,1.8152323456333805,0.9068618579598653,0.9019305657477438,0.9115575096949059
No detected CH,1.817970252640369,0.9067895231223476,0.9018565413914165,0.9114868917336275
No detected CH,1.8207081596473575,0.9065725012979067,0.9016344555217736,0.9112750160155474
No detected CH,1.823446066654346,0.9062107405232467,0.9012642696628633,0.910921817057165
No detected CH,1.8261839736613346,0.9058489219731696,0.9008940454547889,0.9105685408872537
No detected CH,1.8289218806683232,0.90570418299067,0.9007459498726826,0.9104272132017639
No detected CH,1.8316597876753116,0.905487057167674,0.9005237949337356,0.9102151985380507
No detected CH,1.8343976946823002,0.9052698966295412,0.9003016114621442,0.9100031429401441
No detected CH,1.8371356016892886,0.9049802797706659,0.9000053061234631,0.9097203238102868
No detected CH,1.8398735086962772,0.9046906397387341,0.8997089905765695,0.9094374685715513
No detected CH,1.8426114157032656,0.9041112669307042,0.8991163041976021,0.9088716279228526
No detected CH,1.8453493227102542,0.9037491299175942,0.8987458732048667,0.908517921608774
No detected CH,1.8480872297172426,0.903531847709728,0.8985236250897756,0.9083056874021768
No detected CH,1.8508251367242312,0.9031697106966179,0.8981532289545883,0.9079519464375976
No detected CH,1.8535630437312196,0.9030248558913738,0.898005076566251,0.9078104440218409
No detected CH,1.8563009507382082,0.9027351230427683,0.8977087576927288,0.9075274068178304
No detected CH,1.8590388577451966,0.9025902449938126,0.8975605911897597,0.9073858720361998
No detected CH,1.8617767647521852,0.9024453553164719,0.8974124158864674,0.9072443227914785
No detected CH,1.8645146717591736,0.9023004423730248,0.8972642195309704,0.90710274803325
No detected CH,1.8672525787661622,0.902010593210682,0.896967812601122,0.9068195661924253
No detected CH,1.8699904857731506,0.9016482817577535,0.8965973231343515,0.9064655698105946
No detected CH,1.8727283927801393,0.9013584092993842,0.8963009223424011,0.906182335369322
No detected CH,1.8754662997871276,0.9013584092993842,0.8963009223424011,0.906182335369322
No detected CH,1.8782042067941163,0.9012134381036786,0.8961526902411835,0.9060406798713151
No detected CH,1.8809421138011047,0.900923472390003,0.8958562116411132,0.9057573366364414
No detected CH,1.8836800208080933,0.9007059280872689,0.895633787887158,0.9055447538737246
No detected CH,1.8864179278150817,0.9002708044505118,0.89518892621233,0.9051195325126159
No detected CH,1.8891558348220703,0.899980722026007,0.894892368493585,0.9048360349767078
No detected CH,1.8918937418290587,0.899618118995376,0.8945216900747929,0.9044816444414736
No detected CH,1.8946316488360473,0.8995455983892499,0.8944475568801227,0.9044107638604737
No detected CH,1.8973695558430357,0.899327983939192,0.8942251069188983,0.9041980671439626
No detected CH,1.9001074628500243,0.899110316819239,0.894002609015202,0.903985312958494
No detected CH,1.9028453698570127,0.8988926496992861,0.8937801185329896,0.9037725513976205
No detected CH,1.9055832768640013,0.8983121571906008,0.8931867974445953,0.9032051067800608
No detected CH,1.9083211838709897,0.8978767878090868,0.8927418409266149,0.9027794892302702
No detected CH,1.9110590908779783,0.897368856863987,0.8922227618945648,0.9022828987427217
No detected CH,1.9137969978849667,0.89715117217323,0.892000311556588,0.9020700622174874
No detected CH,1.9165349048919553,0.8970060490460586,0.8918520153505842,0.9019281672057415
No detected CH,1.9192728118989437,0.8965706796645446,0.8914071459577907,0.9015024630615183
No detected CH,1.9220107189059323,0.8964981004789488,0.8913329853394658,0.9014314928251784
No detected CH,1.9247486259129207,0.8962077837365657,0.8910363508340785,0.9011476039604676
No detected CH,1.9274865329199093,0.8960626253653742,0.8908880383515572,0.901005654786943
No detected CH,1.9302244399268977,0.8959174669941826,0.8907397290411253,0.9008637024605634
No detected CH,1.9329623469338864,0.8958448760472539,0.8906655632181497,0.9007927139244954
No detected CH,1.935700253940875,0.8957722851003252,0.8905913981864882,0.9007217246019444
No detected CH,1.9384381609478634,0.8952640661024567,0.8900721785429582,0.9002246989868231
No detected CH,1.941176067954852,0.8950462402956191,0.8898496490886271,0.9000116594639319
No detected CH,1.9439139749618404,0.8948284144887816,0.8896271266900239,0.8997986129285398
No detected CH,1.946651881968829,0.8945379800796648,0.8893304410999718,0.8995145400067386
No detected CH,1.9493897889758174,0.8943927628751064,0.8891821029810193,0.8993724988982308
No detected CH,1.952127695982806,0.8940296903887561,0.8888112403265517,0.8990173545549046
No detected CH,1.9548656029897944,0.8938844259984094,0.8886628635229891,0.898875257726715
No detected CH,1.957603509996783,0.8935212650225427,0.8882919350367006,0.8985200022166712
No detected CH,1.9603414170037714,0.8933033684370226,0.8880693871890911,0.8983068397230665
No detected CH,1.96307932401076,0.8932307362418492,0.8879952061096621,0.8982357840314676
No detected CH,1.9658172310177484,0.8930854718515026,0.8878468462512322,0.8980936703618537
No detected CH,1.968555138024737,0.8927949430708092,0.887550135716415,0.8978094338963819
No detected CH,1.9712930450317254,0.892359149899769,0.8871050927854643,0.8973830564653404
No detected CH,1.974030952038714,0.8920686211190757,0.8868084126809223,0.8970987897533704
No detected CH,1.9767688590457024,0.8919959830097101,0.8867342383394172,0.8970277155616365
No detected CH,1.979506766052691,0.8917780331848991,0.8865116825936304,0.8968144546692051
No detected CH,1.9822446730596794,0.8916327214636697,0.8863633034444895,0.8966722657156028
No detected CH,1.984982580066668,0.8915600596821145,0.8862891087861461,0.896601164475523
No detected CH,1.9877204870736565,0.8914873979005593,0.8862149148802345,0.8965300624876039
No detected CH,1.990458394080645,0.8911967507743386,0.8859181467673489,0.8962456470709225
No detected CH,1.9931963010876335,0.8907607445361907,0.8854729797591961,0.8958189677518457
No detected CH,1.995934208094622,0.8904700499960794,0.8851761917890997,0.895534477450731
No detected CH,1.9986721151016105,0.8901793317296752,0.8848793908152986,0.8952499527254705
No detected CH,2.001410022108599,0.8900339488566179,0.8847309698706235,0.8951076633205207
No detected CH,2.0041479291155877,0.8897431593609529,0.8844341119403549,0.8948230530594665
No detected CH,2.006885836122576,0.8894523223390158,0.8841372159582332,0.8945383857757404
No detected CH,2.0096237431295645,0.8891614853170787,0.8838403317393099,0.8942537068013637
No detected CH,2.012361650136553,0.8889432504765362,0.883617563975235,0.8940400878581747
No detected CH,2.0150995571435417,0.8887977248564206,0.8834690183267192,0.8938976375349386
No detected CH,2.01783746415053,0.8885066259536591,0.8831718858218248,0.8936126827334472
No detected CH,2.0205753711575185,0.8882155270508977,0.8828747649901113,0.8933277163335905
No detected CH,2.023313278164507,0.888069977599517,0.8827262089389295,0.8931852287968729
No detected CH,2.0260511851714957,0.8879244162198088,0.8825776432834829,0.8930427270029598
No detected CH,2.028789092178484,0.8876332457275249,0.8822804706181915,0.892757669266354
No detected CH,2.0315269991854725,0.8874148141191923,0.8820575423686214,0.8925438171806039
No detected CH,2.034264906192461,0.8871235480769771,0.8817602897482537,0.8922586482442462
No detected CH,2.0370028131994498,0.8870507196106708,0.8816859658592019,0.892187342821161
No detected CH,2.039740720206438,0.8869050507183791,0.8815373077004989,0.8920447184272243
No detected CH,2.0424786272134265,0.8867593459293667,0.8813886147843778,0.8919020569468036
No detected CH,2.0452165342204154,0.8865407887458481,0.8811655807913505,0.8916880593807253
No detected CH,2.0479544412274038,0.8863222136006937,0.8809425344137102,0.891474038284117
No detected CH,2.050692348234392,0.885739346546949,0.8803477754549687,0.8909032841859063
No detected CH,2.0534302552413806,0.8855207534209502,0.8801247337227788,0.8906892226030606
No detected CH,2.0561681622483694,0.8854478830495363,0.8800503816112978,0.8906178616152973
No detected CH,2.058906069255358,0.8851563775736351,0.8797529550940125,0.8903323877563194
No detected CH,2.061643976262346,0.8849377484667094,0.8795298926134453,0.890118275003717
No detected CH,2.0643818832693346,0.8846462429908083,0.8792324858185246,0.8898327815526914
No detected CH,2.0671197902763234,0.8843546894790704,0.8789350399130089,0.8895472311240706
No detected CH,2.069857697283312,0.8841360063214345,0.8787119439445276,0.8893330438090246
No detected CH,2.0725956042903,0.8839902055288353,0.878563204194686,0.8891902373287538
No detected CH,2.0753335112972886,0.8836255531876387,0.8781912094914093,0.8888330655376813
No detected CH,2.0780714183042774,0.883406707595336,0.8779679642511026,0.88861870246163
No detected CH,2.080809325311266,0.8828960257096999,0.8774470387839541,0.8881184576037555
No detected CH,2.0835472323182542,0.8828230590960049,0.8773726109951252,0.8880469797968799
No detected CH,2.0862851393252426,0.8824581657095883,0.877000419218405,0.8876895229187206
No detected CH,2.0890230463322315,0.88238518099652,0.8769259766070621,0.8876180237306042
No detected CH,2.09176095333922,0.8821662087454661,0.8767026339269923,0.8874035047837027
No detected CH,2.0944988603462082,0.8819471821273881,0.876479240485327,0.8871889278072344
No detected CH,2.0972367673531966,0.8817281373764665,0.8762558342195036,0.8869743273990045
No detected CH,2.0999746743601855,0.8813630627915972,0.875883504105028,0.8866166464853358
No detected CH,2.102712581367174,0.8811439817419349,0.8756600762019292,0.8864019951648562
No detected CH,2.1054504883741623,0.8810709547253808,0.8755856015938919,0.8863304433745358
No detected CH,2.1081883953811507,0.8807788466591644,0.8752877099452168,0.8860442294770722
No detected CH,2.1109263023881395,0.8805597474435775,0.8750642792974482,0.8858295446499904
No detected CH,2.113664209395128,0.8804867143717152,0.8749898037661218,0.8857579816991136
No detected CH,2.1164021164021163,0.8802676151561284,0.8747663812182312,0.8855432888285224
No detected CH,2.1191400234091047,0.8798293803659744,0.8743195162216503,0.8851138503308902
No detected CH,2.124615837423082,0.8796102447793328,0.8740960737347627,0.8848991047177891
No detected CH,2.1273537444300703,0.8793180154621304,0.8737981089780831,0.8846127215828464
No detected CH,2.1300916514370587,0.8791718765198897,0.8736491051875457,0.8844695028449712
No detected CH,2.1328295584440475,0.8789526498862301,0.8734255854288145,0.8842546523731414
No detected CH,2.135567465451036,0.8784411210743576,0.8729040625739789,0.8837533115197255
No detected CH,2.1383053724580243,0.8782218579606856,0.8726805245346544,0.8835384064434265
No detected CH,2.1410432794650127,0.8781487702561284,0.8726060131758224,0.8834667701063239
No detected CH,2.1437811864720016,0.8779294888918227,0.8723824639579236,0.8832518397307921
No detected CH,2.14651909347899,0.8777101527436985,0.8721588633425016,0.8830368511306665
No detected CH,2.1492570004859783,0.8776370406943237,0.8720843311194536,0.8829651869578555
No detected CH,2.151994907492967,0.8774176862727555,0.8718607192703357,0.8827501730684215
No detected CH,2.1547328144999556,0.8772714378043377,0.8717116352317157,0.8826068155752227
No detected CH,2.157470721506944,0.8770520468145566,0.8714879949507893,0.8823917569871116
No detected CH,2.1602086285139324,0.8769057739581834,0.8713388919382791,0.8822483696959198
No detected CH,2.162946535520921,0.8766863463727405,0.8711152231675411,0.8820332664124383
No detected CH,2.1656844425279096,0.8766132038442594,0.8710406682138283,0.881961564024049
No detected CH,2.168422349534898,0.8764668943718662,0.8708915347175533,0.8818181339768841
No detected CH,2.1711602565418864,0.8761742510014582,0.870593249973329,0.8815312427967158
No detected CH,2.173898163548875,0.8760279048763535,0.8704440859293175,0.8813877699845287
No detected CH,2.1766360705558636,0.8758083490104697,0.870220306356674,0.8811725208883584
No detected CH,2.179373977562852,0.8758083490104697,0.870220306356674,0.8811725208883584
No detected CH,2.1821118845698404,0.8754423308104485,0.869847257363202,0.8808136718564874
No detected CH,2.1848497915768292,0.8751494917635141,0.8695488041702453,0.8805265576983194
No detected CH,2.1875876985838176,0.8748566282173705,0.8692503356464373,0.8802394099060242
No detected CH,2.190325605590806,0.8745637156440994,0.8689518261157085,0.8799522050581001
No detected CH,2.1930635125977944,0.8744172470934974,0.8688025623667807,0.8798085870971591
No detected CH,2.1958014196047833,0.8741242363715092,0.8685039655530915,0.8795212731813105
No detected CH,2.1985393266117716,0.8740509775518334,0.8684293115259024,0.8794494372492059
No detected CH,2.20127723361876,0.8737578439968566,0.8681305990318515,0.8791619932350767
No detected CH,2.2040151406257484,0.8735379938306241,0.8679065713451307,0.8789464035909091
No detected CH,2.2067530476327373,0.8733914024572678,0.8677571970141646,0.8788026504920081
No detected CH,2.2094909546397257,0.8733914024572678,0.8677571970141646,0.8788026504920081
No detected CH,2.212228861646714,0.8731714784848511,0.8675331016836606,0.8785869808268708
No detected CH,2.2149667686537025,0.8730981581826859,0.8674583916364369,0.8785150779084493
No detected CH,2.2177046756606913,0.8728048769740253,0.867159557776125,0.8782274599543719
No detected CH,2.2204425826676797,0.8724381830504164,0.8667859330521106,0.8778678350387962
No detected CH,2.223180489674668,0.8719981133490038,0.8663375654904862,0.8774362291441911
No detected CH,2.2259183966816565,0.871851423448533,0.8661881146579187,0.8772923555297195
No detected CH,2.2286563036886453,0.8716313515705064,0.8659639044033692,0.8770765050336642
No detected CH,2.2313942106956337,0.8714112611694702,0.8657396804156318,0.8768606312373094
No detected CH,2.234132117702622,0.8712645218815743,0.8655901879662588,0.8767167004597893
No detected CH,2.2368700247096105,0.8708242298634417,0.8651416480668432,0.876284822362733
No detected CH,2.2396079317165993,0.8706040838543753,0.8649173865044583,0.876068874991454
No detected CH,2.2423458387235877,0.8705306894787342,0.8648426209606956,0.8759968794680509
No detected CH,2.245083745730576,0.8705306894787342,0.8648426209606956,0.8759968794680509
No detected CH,2.2478216527375645,0.8703104134945544,0.8646182310135038,0.8757808003764119
No detected CH,2.2505595597445534,0.8702369819713098,0.8645434291296197,0.8757087668565888
No detected CH,2.2532974667515417,0.8701635504480653,0.864468627864582,0.8756367327227809
No detected CH,2.25603537375853,0.8700166874015762,0.8643190271891992,0.8754926626150278
No detected CH,2.258773280765519,0.8698698119584427,0.8641694160307886,0.8753485781962237
No detected CH,2.2615111877725074,0.8697229365153092,0.8640198073394174,0.8752044913297478
No detected CH,2.2642490947794958,0.8694291608231912,0.8637205714265133,0.874916286532998
No detected CH,2.266987001786484,0.8690619412080438,0.8633465403521955,0.8745560168285186
No detected CH,2.269724908793473,0.8689150285309738,0.863196906268832,0.874411880931879
No detected CH,2.2724628158004614,0.8685477157864139,0.8628227993165393,0.8740515008644674
No detected CH,2.27520072280745,0.8682538407345491,0.8625234987638914,0.8737631621352616
No detected CH,2.277938629814438,0.8681068658990461,0.862373813165375,0.8736189534427801
No detected CH,2.280676536821427,0.8679598786207022,0.8622241170006176,0.873474730430241
No detected CH,2.2834144438284154,0.8675188794445041,0.8617750040590113,0.8730420112135547
No detected CH,2.286152350835404,0.8672983611731659,0.8615504362424468,0.8728256256195661
No detected CH,2.288890257842392,0.8670778429018277,0.8613258738564571,0.8726092346380021
No detected CH,2.291628164849381,0.8669308307209355,0.861176168610265,0.8724649709962824
No detected CH,2.2943660718563694,0.8667838185400433,0.8610264657688985,0.8723207049687012
No detected CH,2.297103978863358,0.866489794178259,0.8607270672867018,0.8720321657696627
No detected CH,2.299841885870346,0.8663427695249667,0.8605773586152138,0.871887880664392
No detected CH,2.302579792877335,0.8662692509600036,0.8605024986625865,0.8718157312492845
No detected CH,2.3053176998843234,0.8659751517405299,0.860203038763831,0.8715271037659106
No detected CH,2.308055606891312,0.8657545773259245,0.859978450101506,0.8713106269410116
No detected CH,2.3107935138983002,0.8656075152268373,0.8598287142622295,0.8711662941474025
No detected CH,2.313531420905289,0.8654604406341558,0.8596789677562219,0.8710219470326426
No detected CH,2.3162693279122775,0.8654604406341558,0.8596789677562219,0.8710219470326426
No detected CH,2.319007234919266,0.8651661664278879,0.8593793513433474,0.8707331260245358
No detected CH,2.3217451419262543,0.8649454420041033,0.8591546256672766,0.8705164861174819
No detected CH,2.324483048933243,0.8647246988032515,0.8589298857166652,0.8702998229444854
No detected CH,2.3272209559402315,0.8645775366693503,0.8587800620379769,0.8701553778977856
No detected CH,2.32995886294722,0.8642832124015479,0.8584804217575797,0.8698664807839901
No detected CH,2.3326967699542083,0.8640624316081892,0.858255658487249,0.869649765815289
No detected CH,2.335434676961197,0.8639888254720951,0.8581807254852122,0.8695775143178897
No detected CH,2.3381725839681855,0.863768007063813,0.8579559300025302,0.8693607563306268
No detected CH,2.340910490975174,0.8636943821058294,0.8578809797026054,0.8692884844774318
No detected CH,2.3436483979821623,0.8633998069414004,0.8575811057386417,0.8689993190965007
No detected CH,2.346386304989151,0.8632524942290747,0.8574311460428915,0.8688547088499761
No detected CH,2.3491242119961395,0.8628105560920973,0.8569812809832349,0.8684208641977138
No detected CH,2.351862119003128,0.8625895870236087,0.8567563563235862,0.8682039340656841
No detected CH,2.3546000260101163,0.8623685424553101,0.8565313581095809,0.8679869264169423
No detected CH,2.357337933017105,0.8621474789991564,0.8563063454145975,0.8677698954880048
No detected CH,2.3600758400240935,0.8620000907644357,0.8561563267066173,0.867625193257051
No detected CH,2.362813747031082,0.8618526899281217,0.8560062971667606,0.8674804766549465
No detected CH,2.3655516540380708,0.8616315508527039,0.855781217733415,0.8672633612125333
No detected CH,2.368289561045059,0.8613366987521469,0.8554811199113759,0.8669738659339591
No detected CH,2.3710274680520476,0.8611892727018684,0.8553310744598791,0.866829114863764
No detected CH,2.373765375059036,0.8608944206013114,0.8550309904599366,0.8665396058772709
No detected CH,2.376503282066025,0.8603783852404441,0.8545058194484006,0.8660329009088762
No detected CH,2.379241189073013,0.860083507891377,0.854205734306204,0.865743342737314
No detected CH,2.3819790960800016,0.860083507891377,0.854205734306204,0.865743342737314
No detected CH,2.38471700308699,0.859862292997372,0.8539806171001689,0.8655261136587598
No detected CH,2.387454910093979,0.8597885357239978,0.8539055593772693,0.8654536846508046
No detected CH,2.390192817100967,0.8597147594638533,0.8538304824187426,0.8653812368816843
No detected CH,2.3929307241079556,0.859493392690324,0.853605215330376,0.8651638537736634
No detected CH,2.395668631114944,0.8592720069104605,0.8533799335379636,0.8649464473722189
No detected CH,2.398406538121933,0.8592720069104605,0.8533799335379636,0.8649464473722189
No detected CH,2.4011444451289212,0.8591244037142206,0.8532297352951732,0.8648014948051237
No detected CH,2.4038823521359096,0.8589029798988304,0.8530044223469035,0.8645840435045606
No detected CH,2.406620259142898,0.8587553640219036,0.8528542165473885,0.8644390731621114
No detected CH,2.409358166149887,0.8584601068914164,0.8525537852678788,0.8641491014246347
No detected CH,2.4120960731568752,0.8583124529342627,0.8524035465349362,0.864004087856891
No detected CH,2.4148339801638636,0.8580909719985322,0.8521781926640712,0.8637865633125298
No detected CH,2.417571887170852,0.8577218053439124,0.851802581010034,0.8634239808001399
No detected CH,2.420309794177841,0.8574264465955157,0.8515020752779664,0.8631338803983141
No detected CH,2.4230477011848293,0.85713106240928,0.8512015519791848,0.8628437467265662
No detected CH,2.4257856081918177,0.8568356527720548,0.8509010110803609,0.8625535797918322
No detected CH,2.428523515198806,0.8563186859069105,0.8503750859442326,0.8620457664000867
No detected CH,2.431261422205795,0.8562448334976042,0.8502999560031739,0.8619732194272747
No detected CH,2.4339993292127833,0.8560971031950684,0.850149671216511,0.8618280993960167
No detected CH,2.4367372362197717,0.8556538357961064,0.8496987504018662,0.8613926527776473
No detected CH,2.43947514322676,0.8554321829589259,0.849473277503294,0.861174903720254
No detected CH,2.442213050233749,0.8553582859147864,0.8493981076671293,0.8611023073655394
No detected CH,2.4449509572407373,0.8552843824859014,0.8493229317268413,0.8610297043411128
No detected CH,2.4476888642477257,0.8548409235941874,0.8488718477046937,0.8605940379825404
No detected CH,2.450426771254714,0.8547670137789016,0.8487966689580349,0.8605214250154534
No detected CH,2.4559025852686913,0.8545452843330446,0.8485711360085771,0.8603035828516121
No detected CH,2.4586404922756797,0.8542496450719018,0.8482704330737022,0.8600131190337003
No detected CH,2.461378399282668,0.8539539802297899,0.847969712218124,0.8597226220127185
No detected CH,2.464116306289657,0.853806135011606,0.8478193417250208,0.8595773579831124
No detected CH,2.4668542132966453,0.8537321995998454,0.847744143953346,0.8595047128771798
No detected CH,2.4695921203036337,0.8535103933645635,0.8475185539034212,0.8592867743220481
No detected CH,2.4723300273106226,0.8532885871292816,0.8472929687436845,0.8590688309182427
No detected CH,2.475067934317611,0.8531407163057604,0.8471425813492405,0.8589235326266367
No detected CH,2.4778058413245994,0.8530667808939998,0.8470673884645727,0.8588508826751534
No detected CH,2.4805437483315878,0.8528449362041002,0.8468417729882076,0.8586328927081704
No detected CH,2.4832816553385766,0.8524751950542675,0.8464657580009396,0.8582695653814927
No detected CH,2.486019562345565,0.8523272985943344,0.8463153557801979,0.8581242307085801
No detected CH,2.4887574693525534,0.8523272985943344,0.8463153557801979,0.8581242307085801
No detected CH,2.4914953763595418,0.8521793507903778,0.846164902218495,0.8579788446363049
No detected CH,2.4942332833665306,0.8519573905496788,0.8459391857646992,0.857760724551239
No detected CH,2.496971190373519,0.851883403802779,0.8458639480223195,0.8576880167898767
No detected CH,2.4997090973805074,0.8517354174562486,0.8457134607587673,0.8575425873366918
No detected CH,2.502447004387496,0.8515874182525203,0.8455629622475938,0.85739714341757
No detected CH,2.5051849113944846,0.8514394061871248,0.8454124524824278,0.8572516850299707
No detected CH,2.507922818401473,0.8513653937213574,0.8453371917018871,0.8571789488661293
No detected CH,2.5106607254084614,0.8510693438582883,0.8450361539318243,0.8568879989047204
No detected CH,2.51339863241545,0.8507732424948514,0.8447350710631307,0.8565969910448233
No detected CH,2.5161365394224386,0.850699210712525,0.8446597949700302,0.8565242315756109
No detected CH,2.518874446429427,0.8504771153655458,0.844433969887664,0.8563059499986175
No detected CH,2.5216123534364154,0.850329051800893,0.844283422493464,0.8561604263094971
No detected CH,2.524350260443404,0.8501809882362402,0.844132877224666,0.8560149005132516
No detected CH,2.5270881674503927,0.8499588928892611,0.843907063300679,0.8557966078738338
No detected CH,2.529826074457381,0.8498848546581731,0.8438317863359573,0.8557238364203164
No detected CH,2.5325639814643695,0.8495886759320334,0.843530656897226,0.8554327205933613
No detected CH,2.535301888471358,0.8494405865689635,0.8433800953493956,0.8552871595355965
No detected CH,2.5380397954783467,0.8492184525243587,0.843154256984542,0.8550688140259791
No detected CH,2.540777702485335,0.8489962991098511,0.8429284031887163,0.8548504452222875
No detected CH,2.5435156094923235,0.8486260111217536,0.8425519570776944,0.8544864557867355
No detected CH,2.546253516499312,0.8484778959265146,0.8424013823065838,0.854340856370672
No detected CH,2.5489914235063007,0.8481816396779369,0.8421002121224861,0.8540496264837107
No detected CH,2.551729330513289,0.8481075626788384,0.8420249074134248,0.8539768052951854
No detected CH,2.5544672375202775,0.8478112287994957,0.8417236668518076,0.8536854905112984
No detected CH,2.557205144527266,0.8476630489115643,0.8415730362203879,0.853539817583312
No detected CH,2.5599430515342547,0.8475889589675986,0.8414977216865134,0.8534669803442108
No detected CH,2.562680958541243,0.8473666891357015,0.8412717812083301,0.8532484655303051
No detected CH,2.5654188655482315,0.8471444193038044,0.841045845408499,0.8530299460781785
No detected CH,2.56815677255522,0.8468480336065057,0.8407445779525773,0.8527385547169349
No detected CH,2.5708946795622087,0.8464775190660758,0.8403679715323539,0.8523742728356073
No detected CH,2.573632586569197,0.8462552103418179,0.8401420138787887,0.8521556975612953
No detected CH,2.5763704935761855,0.8458105539566659,0.839690071950339,0.8517184958290497
No detected CH,2.5791084005831744,0.8457364445591405,0.8396147500952609,0.8516456270893729
No detected CH,2.5818463075901628,0.8452917102324662,0.8391627486132535,0.8512083291112444
No detected CH,2.584584214597151,0.8452175748430405,0.8390874032940787,0.851135431849037
No detected CH,2.5873221216041395,0.8449951491654503,0.8388613501020646,0.8509167182795632
No detected CH,2.5900600286111284,0.8447727039699873,0.8386352811974228,0.8506979814014631
No detected CH,2.592797935618117,0.8444761103760366,0.8383338631351814,0.8504063251480727
No detected CH,2.595535842625105,0.8444761103760366,0.8383338631351814,0.8504063251480727
No detected CH,2.5982737496320936,0.84440194244082,0.8382584895617038,0.8503333910551585
No detected CH,2.6010116566390824,0.8443277679905001,0.8381831097174777,0.8502604501988689
No detected CH,2.603749563646071,0.8439568631547988,0.8378061842215928,0.8498957070485362
No detected CH,2.606487470653059,0.8437343006908866,0.8375800146648754,0.8496768363204702
No detected CH,2.6092253776600476,0.8435859257149452,0.8374292374967273,0.8495309199873871
No detected CH,2.6119632846670364,0.8435117251761366,0.8373538360924205,0.8494579485294366
No detected CH,2.614701191674025,0.8432148969100414,0.8370522083695257,0.8491660325925457
No detected CH,2.617439098681013,0.8429922561169829,0.8368259725002108,0.8489470715514781
No detected CH,2.6201770056880016,0.842769595721812,0.8365997207793937,0.848728087172522
No detected CH,2.6229149126949904,0.8426953755900883,0.8365243045477545,0.8486550913796831
No detected CH,2.625652819701979,0.8425468960947857,0.836373432777677,0.8485090606009413
No detected CH,2.6283907267089672,0.8423241375957742,0.8361470880579358,0.8482899729691764
No detected CH,2.6311286337159556,0.8419528734307549,0.8357698569186799,0.847924816944288
No detected CH,2.6338665407229445,0.8419528734307549,0.8357698569186799,0.847924816944288
No detected CH,2.6393423547369212,0.8418043546666993,0.8356189543508097,0.8477787384648512
No detected CH,2.6420802617439096,0.8416558227999739,0.835468040157313,0.8476326454069515
No detected CH,2.6448181687508985,0.8415815437581594,0.8353925701752588,0.8475595855366685
No detected CH,2.647556075757887,0.8411357514687139,0.8349396380047233,0.8471211024622493
No detected CH,2.6502939827648753,0.8410614527538063,0.8348641510603326,0.8470480202146813
No detected CH,2.6530318897718637,0.8406898935327629,0.8344866555396631,0.8466825384676324
No detected CH,2.6557697967788525,0.8404669382922575,0.834260143709924,0.8464632245497751
No detected CH,2.658507703785841,0.8402439041644488,0.8340335543057014,0.8462438303743723
No detected CH,2.6612456107928293,0.8401695462968236,0.8339580118131246,0.8461706853497369
No detected CH,2.6639835177998177,0.8399464726939481,0.8337313873192101,0.84595124731887
No detected CH,2.6667214248068065,0.8398721016586467,0.8336558331192534,0.8458780876679598
No detected CH,2.669459331813795,0.8397233464157032,0.8335047125088992,0.8457317542291746
No detected CH,2.6721972388207833,0.8395745779957519,0.8333535801788652,0.8455854061578427
No detected CH,2.6749351458277717,0.839351385817286,0.8331268442707411,0.8453658423520958
No detected CH,2.6776730528347605,0.8389793658785317,0.8327489267014178,0.844999861165383
No detected CH,2.680410959841749,0.8388305579030301,0.8325977631343822,0.8448534652614369
No detected CH,2.6831488668487373,0.83875614071372,0.8325221683623398,0.8447802538855069
No detected CH,2.685886773855726,0.8383839887300862,0.8321441332288255,0.8444141261921858
No detected CH,2.6886246808627146,0.8383839887300862,0.8321441332288255,0.8444141261921858
No detected CH,2.691362587869703,0.8380861349282459,0.8318415765036533,0.8441210881468613
No detected CH,2.6941004948766913,0.8377882546599223,0.8315390001340499,0.8438280168536573
No detected CH,2.69683840188368,0.8376392880428064,0.8313876873607584,0.8436814528248746
No detected CH,2.6995763088906686,0.8374157983715036,0.8311606805562068,0.843461564921252
No detected CH,2.702314215897657,0.8370432824469611,0.8307823112341489,0.8430950435028685
No detected CH,2.7050521229046454,0.8368197728922356,0.8305552955153106,0.8428751248319774
No detected CH,2.707790029911634,0.8367452630736182,0.8304796176893317,0.8428018112617376
No detected CH,2.7105279369186226,0.8365217336177659,0.8302525871406087,0.8425818676489717
No detected CH,2.713265843925611,0.8361491845246789,0.8298742126398709,0.8422152853041112
No detected CH,2.718741657939588,0.8359255952962651,0.8296471316370888,0.8419952726372552
No detected CH,2.7214795649465766,0.835701946247314,0.8294199928199868,0.8417751981132445
No detected CH,2.724217471953565,0.8356273899134531,0.8293442739384248,0.8417018325805296
No detected CH,2.7269553789605534,0.8355528202730896,0.8292685417094776,0.8416284537709512
No detected CH,2.7296932859675422,0.8354036676811094,0.8291170648703419,0.8414816819084395
No detected CH,2.7324311929745306,0.8351052825868399,0.8288140339452202,0.8411880555699544
No detected CH,2.735169099981519,0.8350306863132725,0.8287382774260484,0.8411146477846928
No detected CH,2.7379070069885074,0.8345084657464724,0.8282079468462175,0.8406007350028377
No detected CH,2.7406449139954963,0.834284636922401,0.8279806487577007,0.840380460247489
No detected CH,2.7433828210024847,0.8341354043605689,0.8278291052373855,0.840233595187427
No detected CH,2.746120728009473,0.8341354043605689,0.8278291052373855,0.840233595187427
No detected CH,2.7488586350164614,0.8339861584481766,0.8276775497672201,0.8400867153786629
No detected CH,2.7515965420234503,0.8337622895795882,0.827450220169899,0.8398663920917021
No detected CH,2.7543344490304387,0.8336876666233921,0.8273744445984803,0.8397929500441011
No detected CH,2.757072356037427,0.8336876666233921,0.8273744445984803,0.8397929500441011
No detected CH,2.7598102630444155,0.8335383672561602,0.8272228393402149,0.8396460131059027
No detected CH,2.7625481700514043,0.8333890678889282,0.8270712360028454,0.8394990742650864
No detected CH,2.7652860770583927,0.8332397551472119,0.8269196206846223,0.8393521206588314
No detected CH,2.7707618910723695,0.8332397551472119,0.8269196206846223,0.8393521206588314
No detected CH,2.7734997980793583,0.8331650787038397,0.8268437928840552,0.8392786238356295
No detected CH,2.7762377050863467,0.8330156856468729,0.826692096974538,0.8391315901242627
No detected CH,2.778975612093335,0.8329409757199091,0.8266162358148947,0.8390580596678711
No detected CH,2.7817135191003235,0.8327167856133991,0.8263885925210211,0.8388374074202701
No detected CH,2.7844514261073123,0.8327167856133991,0.8263885925210211,0.8388374074202701
No detected CH,2.7871893331143007,0.8326420354531107,0.8263126914679104,0.8387638363626445
No detected CH,2.789927240121289,0.8325672785815491,0.8262367839199046,0.8386902583742836
No detected CH,2.7926651471282775,0.8324925149969064,0.8261608698750781,0.8386166734535062
No detected CH,2.7954030541352664,0.832342974397841,0.826009029267292,0.8384694892691151
No detected CH,2.7981409611422547,0.8322681772218528,0.8259330817521211,0.8383958706112493
No detected CH,2.800878868149243,0.8321185828698762,0.8257811881601081,0.8382486318714726
No detected CH,2.803616775156232,0.8320437453320697,0.8257052001391515,0.838174972963349
No detected CH,2.8063546821632204,0.831744395180844,0.8254012528505504,0.8378803325838219
No detected CH,2.8090925891702088,0.831744395180844,0.8254012528505504,0.8378803325838219
No detected CH,2.811830496177197,0.8316695441733583,0.8253252532288259,0.8378066583456383
No detected CH,2.814568403184186,0.8315946796901308,0.8252492400826047,0.8377329706697507
No detected CH,2.8173063101911744,0.8313700457950227,0.8250211614885591,0.8375118658891031
No detected CH,2.820044217198163,0.8311454118999146,0.8247930872004514,0.8372907568461777
No detected CH,2.822782124205151,0.8309956289819295,0.8246410120211917,0.8371433224888009
No detected CH,2.82552003121214,0.8308458325639066,0.8244889247244062,0.8369958732527935
No detected CH,2.8282579382191284,0.8306210771538353,0.8242607342012269,0.8367746373775269
No detected CH,2.830995845226117,0.8305461451667216,0.8241846576027648,0.8367008781366116
No detected CH,2.833733752233105,0.8303962676705262,0.8240324917867516,0.836553345229149
No detected CH,2.836471659240094,0.8303213086284906,0.823956388507946,0.8364795585424951
No detected CH,2.841947473254071,0.8300214724603482,0.8236519801583858,0.8361844070794137
No detected CH,2.844685380261059,0.8297965953342413,0.8234236788927268,0.8359630385370806
No detected CH,2.847423287268048,0.8294217323981489,0.8230431159195811,0.8355940163992938
No detected CH,2.8501611942750364,0.8294217323981489,0.8230431159195811,0.8355940163992938
No detected CH,2.852899101282025,0.8290468016810355,0.822662494382912,0.8352249173084617
No detected CH,2.8556370082890132,0.8289718087546057,0.8225863644492818,0.8351510895575716
No detected CH,2.858374915296002,0.82882180933205,0.8224340919040944,0.8350034195936679
No detected CH,2.8611128223029905,0.8285967898363037,0.8222056654784439,0.8347818915455641
No detected CH,2.863850729309979,0.8285217833377216,0.8221295242809435,0.8347080479282486
No detected CH,2.8665886363169673,0.8285217833377216,0.8221295242809435,0.8347080479282486
No detected CH,2.869326543323956,0.8284467632559273,0.8220533694451495,0.834634190772402
No detected CH,2.8720644503309445,0.8282966823205549,0.8219010188362302,0.834486435823347
No detected CH,2.874802357337933,0.8282216350538772,0.8218248371770843,0.8344125511052712
No detected CH,2.8775402643449213,0.8280715133146976,0.8216724470136693,0.8342647540868516
No detected CH,2.88027817135191,0.8278463307059282,0.821443865304981,0.8340430550598436
No detected CH,2.8830160783588985,0.8276961681210006,0.8212914374268239,0.8338952140683217
No detected CH,2.891229799379864,0.8275460055360729,0.8211390114320488,0.8337473712132251
No detected CH,2.8939677063868525,0.8275460055360729,0.8211390114320488,0.8337473712132251
No detected CH,2.896705613393841,0.8275460055360729,0.8211390114320488,0.8337473712132251
No detected CH,2.8994435204008293,0.8272455440654235,0.820834023514211,0.8334515487370624
No detected CH,2.9049193344148065,0.8271704218765328,0.8207577706258494,0.8333775853893289
No detected CH,2.907657241421795,0.8270201502039237,0.8206052379093596,0.8332296310285374
No detected CH,2.9103951484287838,0.8267947222145895,0.8203764210870647,0.8330076762888041
No detected CH,2.913133055435772,0.8266444232285479,0.8202238646988073,0.832859690992566
No detected CH,2.9158709624427606,0.8264189337513989,0.8199949910535258,0.8326376701069699
No detected CH,2.918608869449749,0.8262685664053742,0.8198423683562832,0.8324896143740532
No detected CH,2.921346776456738,0.8261933827323619,0.8197660577107007,0.8324155858121068
No detected CH,2.924084683463726,0.8259678111862937,0.8195371072650052,0.8321934775886128
No detected CH,2.9268225904707146,0.8258174301555816,0.8193844759737838,0.8320454031254869
No detected CH,2.929560497477703,0.8255917969779435,0.81915546853696,0.8318232286373488
No detected CH,2.932298404484692,0.8254413474477424,0.8190027707813178,0.8316750836144641
No detected CH,2.93503631149168,0.82521561143659,0.8187736635593938,0.8314528032069214
No detected CH,2.9377742184986686,0.8251403455107019,0.818697274038247,0.831378688994755
No detected CH,2.940512125505657,0.8249897999267737,0.8185444821362785,0.8312304459660037
No detected CH,2.943250032512646,0.8247639815508814,0.8183152977820416,0.8310080779623664
No detected CH,2.9459879395196342,0.8244628354143042,0.8180096680851335,0.8307115279223768
No detected CH,2.9487258465266226,0.8243875420046773,0.8179332546850949,0.8306373826424319
No detected CH,2.951463753533611,0.8241615792247765,0.8177039315573348,0.8304148645687185
No detected CH,2.9542016605406,0.8240109236029458,0.8175510375012636,0.8302665036306222
No detected CH,2.9569395675475882,0.8237095848120871,0.8172452263613845,0.8299697497192419
No detected CH,2.9596774745545766,0.823634215648869,0.8171687389508183,0.8298955269113281
No detected CH,2.962415381561565,0.823634215648869,0.8171687389508183,0.8298955269113281
No detected CH,2.965153288568554,0.823634215648869,0.8171687389508183,0.8298955269113281
No detected CH,2.9678911955755423,0.823408046070201,0.8169392150386388,0.8296727959536534
No detected CH,2.9706291025825307,0.8232572249242958,0.8167861584061878,0.8295242664669709
No detected CH,2.973367009589519,0.8231818074430824,0.816709623613819,0.8294499943835826
No detected CH,2.976104916596508,0.8229554927966081,0.8164799574385235,0.8292271154899183
No detected CH,2.9788428236034963,0.8227291574025496,0.8162502738986356,0.8290042124904058
No detected CH,2.9815807306104847,0.8227291574025496,0.8162502738986356,0.8290042124904058
No detected CH,2.9897944516314503,0.822502759725774,0.8160205298671446,0.8287812453969858
No detected CH,2.9925323586384387,0.8221252570822428,0.8156374526162995,0.82840945766057
No detected CH,2.995270265645427,0.8220497496192485,0.8155608313567096,0.8283350920625475
No detected CH,2.998008172652416,0.8216722123042769,0.8151777319960908,0.8279632572143345
No detected CH,3.0007460796594043,0.821219042594393,0.8147178983051817,0.8275169200309846
No detected CH,3.0034839866663927,0.8210679860244319,0.8145646240959531,0.8273681373242741
No detected CH,3.006221893673381,0.8209168738525308,0.8144112940097443,0.8272192992524144
No detected CH,3.00895980068037,0.8207656781855536,0.8142578790928776,0.8270703789532639
No detected CH,3.0116977076873583,0.8206900594571414,0.8141811506357367,0.8269958979983066
No detected CH,3.0144356146943467,0.8205388080639499,0.8140276806382283,0.8268469213001834
No detected CH,3.0171735217013356,0.8202362773945558,0.8137207172292873,0.8265489355867599
No detected CH,3.019911428708324,0.8200092956740334,0.8134904126057259,0.8263253608992405
No detected CH,3.0226493357153124,0.8199336351005259,0.8134136453183322,0.8262508350937485
No detected CH,3.0253872427223008,0.8197822720517719,0.8132600686298856,0.8261017417647565
No detected CH,3.0281251497292896,0.8197822720517719,0.8132600686298856,0.8261017417647565
No detected CH,3.030863056736278,0.8197822720517719,0.8132600686298856,0.8261017417647565
No detected CH,3.0336009637432664,0.8197065275934838,0.8131832156507429,0.8260271338087976
No detected CH,3.0363388707502548,0.8195549966705532,0.8130294674734773,0.8258778760752113
No detected CH,3.0390767777572436,0.8194034237101924,0.8128756775069134,0.825728576033754
No detected CH,3.041814684764232,0.8194034237101924,0.8128756775069134,0.825728576033754
No detected CH,3.0445525917712204,0.8192517946532512,0.81272183115833,0.8255792201440942
No detected CH,3.047290498778209,0.819175966090251,0.8126448941087783,0.8255045279990344
No detected CH,3.0500284057851976,0.819024280882198,0.8124909922459093,0.8253551152957741
No detected CH,3.052766312792186,0.8186449624860873,0.8121061362881328,0.8249814740738971
No detected CH,3.0555042197991744,0.8185690706753442,0.8120291372811796,0.8249067173691906
No detected CH,3.058242126806163,0.8184931718278082,0.8119521314317303,0.8248319534316693
No detected CH,3.0609800338131516,0.8182654330487799,0.8117210728120018,0.8246076182073773
No detected CH,3.06371794082014,0.8181136071960943,0.8115670360366463,0.8244580591152535
No detected CH,3.0664558478271284,0.8180376801791851,0.8114900037151209,0.8243832653156435
No detected CH,3.069193754834117,0.8178858120495687,0.8113359258234853,0.8242336627757448
No detected CH,3.0719316618411057,0.8176579463887079,0.8111047465678225,0.8240091944275614
No detected CH,3.074669568848094,0.8175060218353098,0.8109506147172897,0.823859532997093
No detected CH,3.0774074758550825,0.8172780714620869,0.8107193544421162,0.8236349762410645
No detected CH,3.080145382862071,0.8171260904167196,0.8105651685588612,0.8234852558577327
No detected CH,3.085621196876048,0.8170500857575793,0.81048806163519,0.8234103813690637
No detected CH,3.0883591038830365,0.8170500857575793,0.81048806163519,0.8234103813690637
No detected CH,3.091097010890025,0.8170500857575793,0.81048806163519,0.8234103813690637
No detected CH,3.0938349178970137,0.8167459256512015,0.8101794917172903,0.8231107426082462
No detected CH,3.096572824904002,0.8165938455980126,0.8100252095143183,0.8229609205066782
No detected CH,3.0993107319109905,0.8164417372166028,0.8098708997485122,0.8228110693052042
No detected CH,3.102048638917979,0.816289557955239,0.8097165182617072,0.8226611480143904
No detected CH,3.1047865459249677,0.8159851710593855,0.8094077313506877,0.8223612726646261
No detected CH,3.107524452931956,0.8159090672381712,0.8093305284041004,0.8222862958587598
No detected CH,3.1102623599389445,0.8157568311961453,0.8091760944149181,0.8221363135319595
No detected CH,3.113000266945933,0.81552845582347,0.8089444247532234,0.8219113161222545
No detected CH,3.1157381739529217,0.8152238700323128,0.808635449770072,0.8216112310822473
No detected CH,3.11847608095991,0.8149954093494453,0.8084037011903553,0.8213861420051236
No detected CH,3.1212139879668985,0.8148430737589126,0.8082491748810287,0.8212360529392968
No detected CH,3.1239518949738874,0.8147668845982059,0.8081718902421484,0.8211609871465515
No detected CH,3.1266898019808758,0.8145382101989361,0.807939928128592,0.820935684056512
No detected CH,3.129427708987864,0.8144619782653658,0.8078626009360901,0.8208605752514004
No detected CH,3.1321656159948525,0.8140045866639438,0.8073986473656785,0.8204099129605391
No detected CH,3.1349035230018414,0.8138520656621331,0.8072439405425842,0.8202596335494294
No detected CH,3.13764143000883,0.8137757908668508,0.8071665729837623,0.8201844793966983
No detected CH,3.140379337015818,0.8137757908668508,0.8071665729837623,0.8201844793966983
No detected CH,3.1431172440228066,0.8136995017704912,0.8070891910429215,0.8201093110151795
No detected CH,3.1458551510297954,0.8135468949622071,0.8069343988395462,0.8199589453314167
No detected CH,3.151330965043772,0.813317984749781,0.8067022139519948,0.8197333934330873
No detected CH,3.1540688720507606,0.8132416741863779,0.8066248124722734,0.819658201670302
No detected CH,3.1568067790577494,0.8131653492990775,0.8065473965868032,0.8195829956568658
No detected CH,3.159544686064738,0.8130126565285772,0.8063925215741217,0.8194325408541864
No detected CH,3.162282593071726,0.8128599350752986,0.8062376186249431,0.8192820566173498
No detected CH,3.1650205000787146,0.8127835671745963,0.8061601603902744,0.8192068069126323
No detected CH,3.1677584070857034,0.812630788308586,0.8060052006086387,0.8190562646606784
No detected CH,3.170496314092692,0.8124779663455755,0.8058501979368855,0.8189056790853574
No detected CH,3.1732342210996802,0.8123251443825649,0.8056951970856235,0.818755091713827
No detected CH,3.1759721281066686,0.8122487262128205,0.8056176898849002,0.8186797904284916
No detected CH,3.1787100351136575,0.812172300852808,0.8055401756795199,0.8186044817660679
No detected CH,3.181447942120646,0.8119430031958761,0.8053076134062824,0.818378532296711
No detected CH,3.1841858491276342,0.8115608044559044,0.8049199813735071,0.818001906219921
No detected CH,3.1869237561346226,0.8114078961554888,0.8047649018538506,0.81785122490027
No detected CH,3.1896616631416115,0.8111784039627419,0.8045321513882778,0.8176250745377976
No detected CH,3.1923995701486,0.8111018993504658,0.8044545613227377,0.8175496832362408
No detected CH,3.1978753841625767,0.8108723422091403,0.8042217489253789,0.8173234649165538
No detected CH,3.2006132911695655,0.8105661504439334,0.8039112188520158,0.8170217228503298
No detected CH,3.203351198176554,0.8104129388097885,0.8037558364666995,0.8168707375838662
No detected CH,3.2060891051835423,0.810259698204927,0.803600425845436,0.8167197226078335
No detected CH,3.2088270121905307,0.8101830634089179,0.8035227061814215,0.8166442004809041
No detected CH,3.2115649191975195,0.8098764952267559,0.8032118019818805,0.8163420795539293
No detected CH,3.214302826204508,0.809799838672546,0.8031340620159493,0.8162665342220303
No detected CH,3.2170407332114963,0.8095698254633037,0.8029007996684837,0.8160398535769328
No detected CH,3.2197786402184847,0.8094931253377269,0.8028230163211396,0.8159642644653667
No detected CH,3.2225165472254735,0.8094931253377269,0.8028230163211396,0.8159642644653667
No detected CH,3.225254454232462,0.8094163961315337,0.8027452032638039,0.8158886468799084
No detected CH,3.2279923612394503,0.8094163961315337,0.8027452032638039,0.8158886468799084
No detected CH,3.230730268246439,0.8092629231705684,0.8025895634199101,0.8157373963455984
No detected CH,3.2334681752534276,0.8091861794130368,0.8025117366303218,0.8156617633942622
No detected CH,3.236206082260416,0.8089559263030834,0.8022782363313586,0.8154348408121007
No detected CH,3.2389439892674043,0.8089559263030834,0.8022782363313586,0.8154348408121007
No detected CH,3.241681896274393,0.808802336797425,0.8021224810468637,0.8152834725894526
No detected CH,3.2444198032813816,0.8087255201636708,0.8020445813901751,0.8152077667186056
No detected CH,3.24715771028837,0.8087255201636708,0.8020445813901751,0.8152077667186056
No detected CH,3.2498956172953584,0.8086486889343184,0.8019666670487812,0.8151320463332123
No detected CH,3.252633524302347,0.8085718431024326,0.8018887380156321,0.8150563114264657
No detected CH,3.2553714313093356,0.8084181222197135,0.8017328510058326,0.8149048121090013
No detected CH,3.258109338316324,0.8083412544701444,0.8016549006019754,0.8148290547352764
No detected CH,3.2608472453233124,0.808264357471051,0.8015769203150014,0.8147532687231239
No detected CH,3.263585152330301,0.808033644524104,0.8013429594138914,0.814525886844896
No detected CH,3.2663230593372896,0.8079567328884173,0.8012649657627826,0.8144500849352742
No detected CH,3.269060966344278,0.8079567328884173,0.8012649657627826,0.8144500849352742
No detected CH,3.2717988733512664,0.8079567328884173,0.8012649657627826,0.8144500849352742
No detected CH,3.2745367803582552,0.8078028363678671,0.8011089038516525,0.8142984091737743
No detected CH,3.2772746873652436,0.8074949553440013,0.8007966942294131,0.8139949674771836
No detected CH,3.280012594372232,0.8072639124383235,0.8005624047371976,0.813767254143605
No detected CH,3.2827505013792204,0.8069557670380226,0.8002499336417151,0.8134635450918909
No detected CH,3.2854884083862093,0.8068016501993981,0.8000936550424533,0.8133116453370499
No detected CH,3.2882263153931977,0.8065704086831472,0.7998591718329714,0.8130837284836274
No detected CH,3.290964222400186,0.8064932987014376,0.7997809811017845,0.8130077268923449
No detected CH,3.2937021294071744,0.8064932987014376,0.7997809811017845,0.8130077268923449
No detected CH,3.2964400364141633,0.8064932987014376,0.7997809811017845,0.8130077268923449
No detected CH,3.2991779434211517,0.8064161223092174,0.7997027219508063,0.8129316608413071
No detected CH,3.3046537574351285,0.8063389311421543,0.7996244479323217,0.8128555801003805
No detected CH,3.3073916644421173,0.8060301369128993,0.7993113257568438,0.8125512241554804
No detected CH,3.3101295714491057,0.8057984968697209,0.7990764428886294,0.8123229097190958
No detected CH,3.312867478456094,0.8057212687216598,0.7989981341602024,0.8122467897444804
No detected CH,3.3156053854630825,0.805489495415862,0.7987631185506939,0.812018341475796
No detected CH,3.3183432924700713,0.8053349205750606,0.7986063822526823,0.8118659832242074
No detected CH,3.3210811994770597,0.8048711070289433,0.7981360919589487,0.8114088119003837
No detected CH,3.323819106484048,0.804793797346201,0.7980577041344209,0.8113326079554226
No detected CH,3.3265570134910365,0.8045618682979745,0.7978225433844058,0.8111039934382186
No detected CH,3.3292949204980253,0.8044845363229363,0.7977441342587545,0.8110277662156261
No detected CH,3.3320328275050137,0.8042525403978215,0.7975089096031793,0.8107990818677586
No detected CH,3.334770734512002,0.8039431530000919,0.7971952213781496,0.810494105798305
No detected CH,3.337508641518991,0.8037884295295377,0.7970383491117551,0.8103415863865241
No detected CH,3.3402465485259794,0.8034789528024111,0.7967245791225414,0.8100365135010383
No detected CH,3.3429844555329677,0.8033242144388477,0.7965676968389725,0.8098839743883887
No detected CH,3.345722362539956,0.8032468303511453,0.796489240919262,0.8098076897940786
No detected CH,3.348460269546945,0.8030146333487312,0.7962538294815787,0.8095787902092527
No detected CH,3.3511981765539334,0.8029372268870627,0.7961753521693151,0.8095024822655149
No detected CH,3.3539360835609218,0.802859768154004,0.7960968211123564,0.8094261234803956
No detected CH,3.35667399056791,0.8027822645563446,0.7960182439903453,0.8093497209949749
No detected CH,3.359411897574899,0.8027047310171755,0.795939636276522,0.8092732891965776
No detected CH,3.3621498045818874,0.8025496339770795,0.795782391143411,0.8091203953740962
No detected CH,3.364887711588876,0.802239379938623,0.7954678441503624,0.8088145445666333
No detected CH,3.367625618595864,0.802161808929153,0.7953892007587263,0.8087380735188936
No detected CH,3.370363525602853,0.8020066368991832,0.7952318842182968,0.8085851011509629
No detected CH,3.3731014326098414,0.8020066368991832,0.7952318842182968,0.8085851011509629
No detected CH,3.37583933961683,0.8018513146106387,0.7950744137007141,0.8084319821275412
No detected CH,3.378577246623818,0.8014628583977667,0.7946805893224722,0.8080490316520023
No detected CH,3.381315153630807,0.8014628583977667,0.7946805893224722,0.8080490316520023
No detected CH,3.3840530606377954,0.8014628583977667,0.7946805893224722,0.8080490316520023
No detected CH,3.386790967644784,0.8013851370189461,0.7946017945636014,0.8079724111604177
No detected CH,3.389528874651772,0.8012296490218528,0.7944441595044421,0.8078191252182412
No detected CH,3.392266781658761,0.8012296490218528,0.7944441595044421,0.8078191252182412
No detected CH,3.3950046886657494,0.8011518748373233,0.7943653113597035,0.8077424524723927
No detected CH,3.397742595672738,0.8010740779957194,0.7942864401788702,0.8076657574341369
No detected CH,3.4004805026797262,0.8009962660405959,0.7942075537833849,0.8075890473763779
No detected CH,3.403218409686715,0.8008405816351458,0.7940497196368355,0.8074355675902973
No detected CH,3.4059563166937035,0.8007627242968574,0.7939707875543499,0.8073588124319535
No detected CH,3.408694223700692,0.8006069490368055,0.7938128619436917,0.807205242358373
No detected CH,3.4114321307076803,0.8006069490368055,0.7938128619436917,0.807205242358373
No detected CH,3.414170037714669,0.8005290235015674,0.7937338605221248,0.8071284201023566
No detected CH,3.4169079447216575,0.8004510827924348,0.7936548438247217,0.8070515827673799
No detected CH,3.419645851728646,0.8002952013741695,0.7934968117997937,0.8068979067500227
No detected CH,3.4223837587356343,0.8002172606650368,0.7934177964718188,0.8068210680680759
No detected CH,3.425121665742623,0.8000613488753311,0.7932597356956916,0.8066673600749825
No detected CH,3.4278595727496115,0.7999053914973826,0.7931016294794443,0.8065136063320973
No detected CH,3.4305974797566,0.7999053914973826,0.7931016294794443,0.8065136063320973
No detected CH,3.4333353867635883,0.7998273823895713,0.7930225455183316,0.8064366994582949
No detected CH,3.436073293770577,0.7996712423442048,0.7928642526561807,0.8062827668978851
No detected CH,3.4388112007775655,0.7995151022988384,0.792705961624294,0.8061288325377175
No detected CH,3.441549107784554,0.7994370246521295,0.7926268088898334,0.8060518573322746
No detected CH,3.4442870147915428,0.7993589393791609,0.792547648705868,0.8059748743241882
No detected CH,3.447024921798531,0.7991246377848144,0.7923101234384982,0.8057438784668157
No detected CH,3.4497628288055195,0.798968421454488,0.7921517597162182,0.8055898642613951
No detected CH,3.452500735812508,0.798968421454488,0.7921517597162182,0.8055898642613951
No detected CH,3.4552386428194968,0.7988902521538859,0.7920725151588058,0.8055127975375846
No detected CH,3.457976549826485,0.7988902521538859,0.7920725151588058,0.8055127975375846
No detected CH,3.4607144568334736,0.7987338523394469,0.7919139639548325,0.8053586037177629
No detected CH,3.463452363840462,0.7985774525250081,0.7917554145828356,0.8052044080969301
No detected CH,3.466190270847451,0.7984992449593902,0.7916761326436398,0.8051273022272593
No detected CH,3.468928177854439,0.7984992449593902,0.7916761326436398,0.8051273022272593
No detected CH,3.4716660848614276,0.7984992449593902,0.7916761326436398,0.8051273022272593
No detected CH,3.477141898875405,0.7983425996930912,0.791517331548291,0.8049728672400859
No detected CH,3.4826177128893816,0.7981859083094418,0.7913584844797695,0.8048183859792987
No detected CH,3.48535561989637,0.7979508481617116,0.7911201934060917,0.8045866384520822
No detected CH,3.488093526903359,0.7978724639919511,0.7910407320490652,0.8045093586878189
No detected CH,3.4908314339103472,0.79779405671365,0.790961247194302,0.8044320561903001
No detected CH,3.4935693409173356,0.79779405671365,0.790961247194302,0.8044320561903001
No detected CH,3.496307247924324,0.7976371650604123,0.7908021989360562,0.8042773755017456
No detected CH,3.499045154931313,0.7976371650604123,0.7908021989360562,0.8042773755017456
No detected CH,3.5017830619383012,0.797558688361764,0.7907226434914533,0.8042000047117263
No detected CH,3.5045209689452896,0.797558688361764,0.7907226434914533,0.8042000047117263
No detected CH,3.507258875952278,0.7974801498400149,0.7906430244116401,0.8041225738602406
No detected CH,3.509996782959267,0.7974801498400149,0.7906430244116401,0.8041225738602406
No detected CH,3.5127346899662553,0.797322933447735,0.7904836431641291,0.8039675764400264
No detected CH,3.5154725969732437,0.7970870856070386,0.7902445506631266,0.803735054474822
No detected CH,3.518210503980232,0.7969298537132409,0.7900851579792376,0.8035800375558292
No detected CH,3.520948410987221,0.7969298537132409,0.7900851579792376,0.8035800375558292
No detected CH,3.5236863179942093,0.7967725287001695,0.7899256706044137,0.8034249290341611
No detected CH,3.5264242250011977,0.7966151881534277,0.7897661689789567,0.8032698037142747
No detected CH,3.529162132008186,0.7964578320668789,0.7896066530956672,0.8031146615910871
No detected CH,3.531900039015175,0.7964578320668789,0.7896066530956672,0.8031146615910871
No detected CH,3.5346379460221633,0.7962217279664638,0.7893673102026314,0.8028818775294204
No detected CH,3.5373758530291517,0.796064262975271,0.7892076860450945,0.8027266258515362
No detected CH,3.54011376003614,0.795906782408906,0.7890480475932111,0.8025713573363054
No detected CH,3.542851667043129,0.7958279953585785,0.7889681805774369,0.8024936773027251
No detected CH,3.5455895740501173,0.7955915171507659,0.7887284609581935,0.8022605216005378
No detected CH,3.5483274810571057,0.795512675458451,0.7886485391501306,0.8021827870575425
No detected CH,3.5510653880640946,0.7953549764445826,0.7884886807234579,0.8020273015342612
No detected CH,3.553803295071083,0.7953549764445826,0.7884886807234579,0.8020273015342612
No detected CH,3.5565412020780713,0.7951972461567405,0.7883287917310436,0.8018717840331832
No detected CH,3.5592791090850597,0.7950394689253601,0.7881688559284818,0.8017162194449544
No detected CH,3.5620170160920486,0.7948816603765461,0.7880088895157792,0.8015606228365276
No detected CH,3.564754923099037,0.7948027325977379,0.7879288826388721,0.8014828011847674
No detected CH,3.5674928301060254,0.7947237891399909,0.787848859972153,0.8014049639587603
No detected CH,3.5702307371130138,0.7947237891399909,0.787848859972153,0.8014049639587603
No detected CH,3.5729686441200026,0.794644822149814,0.7877688133741836,0.8013271035856266
No detected CH,3.575706551126991,0.7944078269747022,0.7875285787092361,0.8010934288912758
No detected CH,3.5784444581339794,0.7941707846551355,0.7872882993552138,0.8008597046302164
No detected CH,3.5811823651409678,0.7940917548228481,0.7872081908643477,0.8007817804669936
No detected CH,3.5839202721479566,0.7940127171245478,0.7871280746838312,0.8007038482626393
No detected CH,3.586658179154945,0.7938545945083725,0.7869677947668812,0.8005479369524348
No detected CH,3.5893960861619334,0.7936173869602126,0.7867273538874319,0.8003140437859226
No detected CH,3.592133993168922,0.7935382862538476,0.7866471751783479,0.800236048086923
No detected CH,3.5948719001759106,0.7935382862538476,0.7866471751783479,0.800236048086923
No detected CH,3.597609807182899,0.7935382862538476,0.7866471751783479,0.800236048086923
No detected CH,3.6003477141898874,0.7934591303150692,0.7865669396781743,0.8001579986713757
No detected CH,3.603085621196876,0.7933007868446411,0.7864064373249677,0.800001868004129
No detected CH,3.6058235282038646,0.7929840682951473,0.7860854054408615,0.7996895707053416
No detected CH,3.608561435210853,0.7925880514811765,0.7856840030847652,0.7992990744145487
No detected CH,3.6112993422178414,0.792271143023967,0.7853627910857726,0.7989865775527634
No detected CH,3.61403724922483,0.7921126729483546,0.7852021714464623,0.79883031110525
No detected CH,3.6167751562318187,0.7920334379105485,0.7851218623228122,0.7987521771985263
No detected CH,3.619513063238807,0.7917957090147274,0.7848809130829624,0.7985177498126044
No detected CH,3.6222509702457955,0.7917957090147274,0.7848809130829624,0.7985177498126044
No detected CH,3.624988877252784,0.7917957090147274,0.7848809130829624,0.7985177498126044
No detected CH,3.6277267842597727,0.7916370643124604,0.7847201180062783,0.7983613094925484
No detected CH,3.630464691266761,0.7914783719070655,0.7845592753436034,0.7982048213434129
No detected CH,3.6332025982737495,0.7913196795016706,0.7843984345401316,0.7980483313702554
No detected CH,3.635940505280738,0.7910816170228795,0.7841571520758047,0.7978135699721389
No detected CH,3.6386784122877267,0.7908435545440884,0.7839158737862978,0.7975788044780532
No detected CH,3.641416319294715,0.7906848302983194,0.7837550074029461,0.7974222765149764
No detected CH,3.6441542263017035,0.7904467200302111,0.7835136865300594,0.7971874581129331
No detected CH,3.646892133308692,0.7903673100724021,0.7834332058443707,0.7971091459511415
No detected CH,3.6496300403156807,0.7902878921352968,0.7833527173520412,0.797030825638881
No detected CH,3.652367947322669,0.7902084582331825,0.7832722127765965,0.7969524894739183
No detected CH,3.6551058543296575,0.7901290163453537,0.7831917003880302,0.7968741451521505
No detected CH,3.6578437613366463,0.7898111848826243,0.7828695892287235,0.7965607016769763
No detected CH,3.6605816683436347,0.7897316790254788,0.7827890128588572,0.7964822933835821
No detected CH,3.663319575350623,0.7895726192713951,0.782627811722425,0.7963254290967282
No detected CH,3.6660574823576115,0.7893339575224969,0.7823859387556517,0.7960900596939919
No detected CH,3.6687953893646004,0.7890952957735988,0.7821440699625603,0.7958546861974786
No detected CH,3.6715332963715888,0.7889361879410001,0.7819828264162462,0.7956977682616548
No detected CH,3.674271203378577,0.7886974298895704,0.781740864767247,0.795462295061542
No detected CH,3.6770091103855655,0.788617835840737,0.7816602034866822,0.7953837953394824
No detected CH,3.6797470173925544,0.7885382176846703,0.7815795176862457,0.795305271909894
No detected CH,3.682484924399543,0.7884585754043264,0.7814988073485258,0.7952267247561129
No detected CH,3.685222831406531,0.7882992264602269,0.7813373213419735,0.7950695669814146
No detected CH,3.6879607384135196,0.788139845298387,0.781175803802995,0.794912376310374
No detected CH,3.6906986454205084,0.7879804641365471,0.7810142881187225,0.7947551838204547
No detected CH,3.693436552427497,0.7878210184740346,0.780852707446671,0.7945979272946136
No detected CH,3.696174459434485,0.7876615243919466,0.7806910784527994,0.7944406222437276
No detected CH,3.6989123664414736,0.7875020141601944,0.780529434578351,0.794283299795525
No detected CH,3.7016502734484624,0.7875020141601944,0.780529434578351,0.794283299795525
No detected CH,3.704388180455451,0.7873424392839715,0.7803677255692804,0.7941259131708381
No detected CH,3.707126087462439,0.7872626194908567,0.7802868382319936,0.7940471879656744
No detected CH,3.7098639944694276,0.7871827673132028,0.7802059177996118,0.7939684310664549
No detected CH,3.7126019014764164,0.787102898931779,0.7801249810404071,0.7938896580810425
No detected CH,3.715339808483405,0.7869431135280169,0.7799630585116062,0.7937320638224077
No detected CH,3.7180777154903932,0.7867832794438232,0.7798010873975268,0.7935744207810164
No detected CH,3.7208156224973816,0.7867033624017263,0.7797201025385663,0.7934955985759835
No detected CH,3.7235535295043705,0.7867033624017263,0.7797201025385663,0.7934955985759835
No detected CH,3.726291436511359,0.7866234372404542,0.7796391097311152,0.7934167680829524
No detected CH,3.7290293435183473,0.7866234372404542,0.7796391097311152,0.7934167680829524
No detected CH,3.7317672505253356,0.7864635381781023,0.7794770750046351,0.7932590587126027
No detected CH,3.7345051575323245,0.7864635381781023,0.7794770750046351,0.7932590587126027
No detected CH,3.737243064539313,0.7864635381781023,0.7794770750046351,0.7932590587126027
No detected CH,3.7399809715463013,0.7861433820461349,0.7791526401516438,0.7929432891468668
No detected CH,3.7427188785532897,0.7859031915841592,0.7789092428884247,0.7927063864018036
No detected CH,3.7454567855602785,0.7858231036200725,0.7788280860362623,0.792627394294349
No detected CH,3.748194692567267,0.7858231036200725,0.7788280860362623,0.792627394294349
No detected CH,3.7509325995742553,0.7855827907443477,0.7785845675210601,0.7923903679758422
No detected CH,3.7536705065812437,0.7854225167892841,0.7784221564373491,0.7922322850827648
No detected CH,3.7564084135882325,0.7851018707322156,0.778097238169579,0.7919160191276597
No detected CH,3.759146320595221,0.7849414821988688,0.777934713959179,0.7917578202147374
No detected CH,3.7618842276022093,0.7847008748169748,0.7776909056728444,0.7915204947007803
No detected CH,3.764622134609198,0.7844602182411773,0.7774470506108161,0.7912831176152801
No detected CH,3.7673600416161865,0.7842194878141393,0.7772031232228938,0.7910456651719433
No detected CH,3.770097948623175,0.7841392279136363,0.7771217980072724,0.7909664975983485
No detected CH,3.7728358556301633,0.784058943360763,0.7770404477141678,0.7908873057850221
No detected CH,3.775573762637152,0.784058943360763,0.7770404477141678,0.7908873057850221
No detected CH,3.7783116696441406,0.7838982590809473,0.776877629189039,0.790728809675288
No detected CH,3.781049576651129,0.7836571338090061,0.7766333024810044,0.7904909667101584
No detected CH,3.7837874836581173,0.7836571338090061,0.7766333024810044,0.7904909667101584
No detected CH,3.786525390665106,0.7835767504739144,0.7765518526379239,0.7904116768516868
No detected CH,3.7892632976720946,0.7835767504739144,0.7765518526379239,0.7904116768516868
No detected CH,3.792001204679083,0.7834159178075609,0.7763888859724428,0.7902530320918398
No detected CH,3.7947391116860714,0.7833354849617902,0.7763073862320731,0.7901736930940607
No detected CH,3.79747701869306,0.7832550190670843,0.7762258527158225,0.7900943217545943
No detected CH,3.8002149257000486,0.7831745449050513,0.7761443111019336,0.7900149419803959
No detected CH,3.802952832707037,0.7828526482569194,0.7758181493303894,0.7896974182955478
No detected CH,3.8056907397140254,0.7827721658216097,0.7757366014853049,0.7896180282466218
No detected CH,3.808428646721014,0.7825306440179005,0.7754918835687125,0.789379783477408
No detected CH,3.8111665537280026,0.7825306440179005,0.7754918835687125,0.789379783477408
No detected CH,3.813904460734991,0.7824500870234576,0.7754102603432246,0.7893003196632375
No detected CH,3.8166423677419794,0.7823695217344313,0.7753286289921772,0.7892208473877969
No detected CH,3.8221181817559566,0.7822889398494035,0.7752469809143425,0.78914135864217
No detected CH,3.824856088762945,0.782208341359825,0.7751653161010388,0.7890618534179519
No detected CH,3.8275939957699334,0.7821277179480172,0.7750836259343131,0.788982323690429
No detected CH,3.8303319027769223,0.7818857978373002,0.7748385065734904,0.788743683632306
No detected CH,3.8330698097839107,0.7818051245193228,0.7747567665755631,0.7886641039186021
No detected CH,3.835807716790899,0.7814823646371805,0.77442974226458,0.7883457162015769
No detected CH,3.8385456237978874,0.7811594713969626,0.7741025872938654,0.7880271924672032
No detected CH,3.8412835308048763,0.7810787397442759,0.7740207910808453,0.7879475523357804
No detected CH,3.8440214378118647,0.7809979913994248,0.7739389780428012,0.7878678956401949
No detected CH,3.846759344818853,0.7809172180007901,0.7738571395167406,0.7877882143128991
No detected CH,3.8494972518258415,0.7807556210596621,0.7736934119214376,0.7876288018993048
No detected CH,3.8522351588328303,0.7805132005604716,0.773447798059361,0.7873896556247442
No detected CH,3.8549730658398187,0.7802707047442246,0.7732021103912126,0.7871504325447112
No detected CH,3.857710972846807,0.7801089570856955,0.7730382341604667,0.7869908673573478
No detected CH,3.8604488798537955,0.7800280832564309,0.772956296749813,0.7869110840737341
No detected CH,3.8631867868607843,0.7798663355979019,0.7727924233368421,0.7867515161276943
No detected CH,3.8659246938677727,0.7797044872352168,0.7726284474715014,0.786591849177474
No detected CH,3.868662600874761,0.7796235294439973,0.7725464254235789,0.7865119825834537
No detected CH,3.87140050788175,0.7794615634048483,0.7723823304654225,0.7863521993302076
No detected CH,3.8741384148887383,0.7793805551359432,0.7723002575337375,0.7862722826504975
No detected CH,3.8768763218957267,0.7792184712105744,0.772136043269098,0.786112382888586
No detected CH,3.879614228902715,0.7790563029543391,0.7719717435222397,0.785952399913926
No detected CH,3.882352135909704,0.7788128985689129,0.7717251399668306,0.7857122753283454
No detected CH,3.8850900429166924,0.7787317468654046,0.7716429222094592,0.7856322165608527
No detected CH,3.8878279499236807,0.7786505782447182,0.7715606873981915,0.785552141008327
No detected CH,3.890565856930669,0.7784070216046667,0.7713139331944999,0.7853118625814118
No detected CH,3.893303763937658,0.7782446166345843,0.7711493976591791,0.7851516419642295
No detected CH,3.8960416709446464,0.7780821438544936,0.7709847937638324,0.7849913540689162
No detected CH,3.8987795779516348,0.7780008820117933,0.7709024661568026,0.7849111848685287
No detected CH,3.901517484958623,0.7780008820117933,0.7709024661568026,0.7849111848685287
No detected CH,3.904255391965612,0.7778382903959079,0.7707377419871254,0.7847507795342145
No detected CH,3.9069932989726004,0.7778382903959079,0.7707377419871254,0.7847507795342145
No detected CH,3.909731205979589,0.7778382903959079,0.7707377419871254,0.7847507795342145
No detected CH,3.912469112986577,0.7778382903959079,0.7707377419871254,0.7847507795342145
No detected CH,3.915207019993566,0.7776755797400359,0.7705728963871187,0.7845902574881853
No detected CH,3.9179449270005544,0.7776755797400359,0.7705728963871187,0.7845902574881853
No detected CH,3.920682834007543,0.7775941988714988,0.7704904478387468,0.7845099711256819
No detected CH,3.923420741014531,0.7773500307119202,0.7702430785689232,0.7842690845948175
No detected CH,3.92615864802152,0.7772686157526919,0.7701605966018272,0.7841887634814888
No detected CH,3.9288965550285084,0.7769429559157787,0.769830673480059,0.783867474384894
No detected CH,3.931634462035497,0.7768615153543619,0.7697481673623555,0.7837871262473496
No detected CH,3.934372369042485,0.7766986171544553,0.7695831388589432,0.7836264121024048
No detected CH,3.937110276049474,0.7766171338752742,0.7695005899105413,0.7835460213542417
No detected CH,3.9398481830564624,0.7763726070698979,0.7692528661792059,0.7833047720562235
No detected CH,3.942586090063451,0.7763726070698979,0.7692528661792059,0.7833047720562235
No detected CH,3.9453239970704392,0.7762910638909177,0.7691702570769376,0.7832243216523158
No detected CH,3.948061904077428,0.7762095035774179,0.7690876306994096,0.7831438542503116
No detected CH,3.9507998110844165,0.7762095035774179,0.7690876306994096,0.7831438542503116
No detected CH,3.953537718091405,0.776046280046017,0.7689222727667432,0.7829828187579544
No detected CH,3.9562756250983933,0.7759646682803165,0.768839594514895,0.7829023003130373
No detected CH,3.959013532105382,0.7759646682803165,0.768839594514895,0.7829023003130373
No detected CH,3.9617514391123705,0.7758013932317568,0.7686741860702282,0.7827412123170592
No detected CH,3.964489346119359,0.775719747115862,0.7685914736618581,0.7826606593302587
No detected CH,3.9672272531263473,0.775719747115862,0.7685914736618581,0.7826606593302587
No detected CH,3.969965160133336,0.7755563689045908,0.7684259612039998,0.7824994689965535
No detected CH,3.9727030671403245,0.7755563689045908,0.7684259612039998,0.7824994689965535
No detected CH,3.975440974147313,0.7753929562689177,0.7682604149917057,0.7823382435811665
No detected CH,3.9781788811543017,0.775147837315408,0.768012099248158,0.7820964019623384
No detected CH,3.98091678816129,0.775147837315408,0.768012099248158,0.7820964019623384
No detected CH,3.9836546951682785,0.7749026149688989,0.7677636806852735,0.7818544563832533
No detected CH,3.986392602175267,0.7749026149688989,0.7677636806852735,0.7818544563832533
No detected CH,3.9891305091822558,0.7748208310517518,0.7676808307665045,0.7817737653023104
No detected CH,3.991868416189244,0.7746572286803304,0.7675150965826839,0.7816123484147455
No detected CH,3.9946063231962325,0.774493609031227,0.7673493464090199,0.7814509129893487
No detected CH,3.997344230203221,0.774493609031227,0.7673493464090199,0.7814509129893487
No detected CH,4.000082137210209,0.7744117905641837,0.7672664630847623,0.7813701862376253
No detected CH,4.002820044217198,0.7743299634519094,0.7671835712817788,0.7812894506773971
No detected CH,4.005557951224187,0.7742481017367754,0.7671006441108528,0.781208681260496
No detected CH,4.008295858231175,0.7742481017367754,0.7671006441108528,0.781208681260496
No detected CH,4.011033765238164,0.7741661880569471,0.7670176635869204,0.7811278612335274
No detected CH,4.013771672245152,0.7741661880569471,0.7670176635869204,0.7811278612335274
No detected CH,4.016509579252141,0.7740842483672713,0.7669346565973588,0.7810470156410094
No detected CH,4.019247486259129,0.7740022913266819,0.7668516321124355,0.7809661528379649
No detected CH,4.021985393266117,0.7739203256069608,0.7667685991156066,0.7808852811919224
No detected CH,4.024723300273106,0.7737563246903244,0.7666024625866905,0.7807234694537732
No detected CH,4.027461207280095,0.7737563246903244,0.7666024625866905,0.7807234694537732
No detected CH,4.030199114287083,0.7735100884567324,0.7663530180961144,0.7804805217073593
No detected CH,4.032937021294072,0.7735100884567324,0.7663530180961144,0.7804805217073593
No detected CH,4.03567492830106,0.7734279835752489,0.7662698438178385,0.7803995129655658
No detected CH,4.038412835308049,0.7734279835752489,0.7662698438178385,0.7803995129655658
No detected CH,4.041150742315037,0.7733458612580292,0.7661866519582181,0.7803184869296916
No detected CH,4.043888649322025,0.7732637214958138,0.7661034425078516,0.780237443590631
No detected CH,4.046626556329014,0.7732637214958138,0.7661034425078516,0.780237443590631
No detected CH,4.049364463336003,0.7730993546722414,0.76593693461511,0.780075271264679
No detected CH,4.0521023703429915,0.773017153783919,0.7658536632870733,0.7799941675319003
No detected CH,4.05484027734998,0.7729349441536112,0.765770383384983,0.7799130548927691
No detected CH,4.057578184356968,0.7729349441536112,0.765770383384983,0.7799130548927691
No detected CH,4.060316091363957,0.7729349441536112,0.765770383384983,0.7799130548927691
No detected CH,4.063053998370945,0.7728526732707848,0.7656870405106576,0.7798318826796258
No detected CH,4.0657919053779334,0.7727703848686052,0.7656036799703255,0.7797506930899399
No detected CH,4.068529812384922,0.7727703848686052,0.7656036799703255,0.7797506930899399
No detected CH,4.071267719391911,0.7725233355128287,0.7653534104806758,0.7795069438008362
No detected CH,4.0740056263988995,0.7722761807718094,0.7651030361764908,0.7792630885667005
No detected CH,4.076743533405888,0.7721937958581362,0.7650195790443448,0.7791818025418287
No detected CH,4.079481440412876,0.7720289908648893,0.7648526298030422,0.7790191951409584
No detected CH,4.082219347419865,0.7718640978723936,0.7646855913374391,0.778856500935895
No detected CH,4.084957254426853,0.7716991167677933,0.7645184635325775,0.7786937198159808
No detected CH,4.0876951614338415,0.7716165821028984,0.7644348546597884,0.7786122859806168
No detected CH,4.090433068440831,0.7716165821028984,0.7644348546597884,0.7786122859806168
No detected CH,4.093170975447819,0.7712037321392264,0.7640166346015246,0.7782049392399613
No detected CH,4.0959088824548076,0.771038539093893,0.7638492950157146,0.7780419460209972
No detected CH,4.098646789461796,0.771038539093893,0.7638492950157146,0.7780419460209972
No detected CH,4.101384696468784,0.771038539093893,0.7638492950157146,0.7780419460209972
No detected CH,4.104122603475773,0.7707905103980661,0.7635980415649234,0.7777972218916187
No detected CH,4.106860510482761,0.7706250869598436,0.7634304681768507,0.7776340016080472
No detected CH,4.1095984174897495,0.7706250869598436,0.7634304681768507,0.7776340016080472
No detected CH,4.112336324496739,0.7706250869598436,0.7634304681768507,0.7776340016080472
No detected CH,4.115074231503727,0.7705423308293711,0.7633466362065903,0.7775523478993359
No detected CH,4.117812138510716,0.7705423308293711,0.7633466362065903,0.7775523478993359
No detected CH,4.120550045517704,0.7705423308293711,0.7633466362065903,0.7775523478993359
No detected CH,4.123287952524692,0.7703766940428644,0.7631788447282765,0.7773889188975951
No detected CH,4.126025859531681,0.7703766940428644,0.7631788447282765,0.7773889188975951
No detected CH,4.128763766538669,0.7702938132796537,0.7630948851092827,0.7773071435011106
No detected CH,4.131501673545658,0.7702109057548147,0.7630108982561495,0.7772253418044708
No detected CH,4.134239580552647,0.7700450728544476,0.7628429075306925,0.7770617197490534
No detected CH,4.136977487559635,0.7698792399540806,0.762674918769845,0.776898095775942
No detected CH,4.139715394566624,0.7697133177040905,0.7625068394085016,0.7767343836752141
No detected CH,4.142453301573612,0.769547323889619,0.7623386878737571,0.7765706006053258
No detected CH,4.1451912085806,0.769547323889619,0.7623386878737571,0.7765706006053258
No detected CH,4.147929115587589,0.769547323889619,0.7623386878737571,0.7765706006053258
No detected CH,4.150667022594577,0.769464237372248,0.7622545200081927,0.7764886218899885
No detected CH,4.153404929601566,0.769464237372248,0.7622545200081927,0.7764886218899885
No detected CH,4.156142836608555,0.7692148701137282,0.7620019077888941,0.7762425789339159
No detected CH,4.158880743615543,0.7691317297256918,0.7619176860882366,0.7761605463143735
No detected CH,4.161618650622532,0.7691317297256918,0.7619176860882366,0.7761605463143735
No detected CH,4.16435655762952,0.7691317297256918,0.7619176860882366,0.7761605463143735
No detected CH,4.1670944646365085,0.7690485443774627,0.7618334183021296,0.7760784698337142
No detected CH,4.169832371643497,0.7687988803115465,0.7615805060018223,0.7758321332717837
No detected CH,4.172570278650485,0.7686324015587723,0.7614118629376634,0.7756678717064543
No detected CH,4.175308185657474,0.7685491441495914,0.761327523466218,0.7755857228003619
No detected CH,4.178046092664463,0.7684658325892499,0.7612431283885739,0.7755035211643398
No detected CH,4.180783999671451,0.7683824848850646,0.761158696361133,0.775421284171922
No detected CH,4.18352190667844,0.768299110049465,0.7610742367214904,0.7753390205180496
No detected CH,4.186259813685428,0.768299110049465,0.7610742367214904,0.7753390205180496
No detected CH,4.191735627699405,0.7682156808921136,0.7609897212991266,0.7752567039695237
No detected CH,4.194473534706393,0.7680487681966455,0.7608206356084091,0.7750920169476418
No detected CH,4.197211441713383,0.7679653027795409,0.7607360841148766,0.7750096639568917
No detected CH,4.199949348720371,0.7677983538006757,0.7605669638251369,0.7748449390102686
No detected CH,4.202687255727359,0.7677983538006757,0.7605669638251369,0.7748449390102686
No detected CH,4.205425162734348,0.7676313321879281,0.760397770278247,0.7746801420407348
No detected CH,4.2109009767483245,0.7675478122954041,0.7603131648396507,0.7745977340596157
No detected CH,4.213638883755313,0.7672971162217094,0.7600592102073191,0.774350375599249
No detected CH,4.216376790762301,0.7671299308820816,0.7598898530244276,0.7741854148216916
No detected CH,4.219114697769291,0.7671299308820816,0.7598898530244276,0.7741854148216916
No detected CH,4.221852604776279,0.7668789888045932,0.7596356510191012,0.7739378117046712
No detected CH,4.224590511783267,0.7667953323205957,0.7595509085642953,0.7738552675528547
No detected CH,4.227328418790256,0.7666279828373307,0.7593813873245319,0.7736901425553241
No detected CH,4.230066325797244,0.7666279828373307,0.7593813873245319,0.7736901425553241
No detected CH,4.232804232804233,0.7665442898261039,0.7592966085273325,0.7736075616979424
No detected CH,4.235542139811221,0.7665442898261039,0.7592966085273325,0.7736075616979424
No detected CH,4.238280046818209,0.7664605328014289,0.7592117639108027,0.7735249185914747
No detected CH,4.241017953825199,0.7663767574672065,0.7591269008264779,0.7734422573307964
No detected CH,4.243755860832187,0.7663767574672065,0.7591269008264779,0.7734422573307964
No detected CH,4.246493767839175,0.7662929454858561,0.7590420002759205,0.7733595602237306
No detected CH,4.249231674846164,0.7662929454858561,0.7590420002759205,0.7733595602237306
No detected CH,4.251969581853152,0.7662929454858561,0.7590420002759205,0.7733595602237306
No detected CH,4.254707488860141,0.7662929454858561,0.7590420002759205,0.7733595602237306
No detected CH,4.257445395867129,0.7660412066732786,0.7587869878518332,0.7731111737580383
No detected CH,4.260183302874117,0.7659572661509607,0.7587019561392763,0.7730283506732414
No detected CH,4.262921209881107,0.7658732980226828,0.7586168963293126,0.7729455004633632
No detected CH,4.265659116888095,0.7658732980226828,0.7586168963293126,0.7729455004633632
No detected CH,4.2683970238950835,0.7657893022672515,0.7585318084002752,0.7728626231076954
No detected CH,4.271134930902072,0.7657893022672515,0.7585318084002752,0.7728626231076954
No detected CH,4.27387283790906,0.7657052788634477,0.7584466923304705,0.7727797185855041
No detected CH,4.276610744916049,0.7657052788634477,0.7584466923304705,0.7727797185855041
No detected CH,4.279348651923037,0.7657052788634477,0.7584466923304705,0.7727797185855041
No detected CH,4.282086558930025,0.7656211816334793,0.7583615002744153,0.7726967423476543
No detected CH,4.284824465937015,0.7655370381911633,0.7582762608436603,0.7726137210336389
No detected CH,4.287562372944003,0.7655370381911633,0.7582762608436603,0.7726137210336389
No detected CH,4.2903002799509915,0.7654528854992658,0.7581910123375254,0.772530690301019
No detected CH,4.29303818695798,0.7653686772610371,0.7581057067855519,0.7724476054875493
No detected CH,4.295776093964968,0.765031807244637,0.7577644512691988,0.7721152255145913
No detected CH,4.298514000971957,0.7647790712660296,0.7575084284963043,0.7718658548045642
No detected CH,4.301251907978945,0.7645263074438639,0.7572523814548154,0.7716164527700579
No detected CH,4.306727721992923,0.764357779656485,0.7570816667268153,0.7714501643517404
No detected CH,4.309465628999911,0.764273478588915,0.7569962716100473,0.7713669835358639
No detected CH,4.3122035360068995,0.764273478588915,0.7569962716100473,0.7713669835358639
No detected CH,4.314941443013888,0.7641891310027117,0.7569108288044989,0.7712837573454289
No detected CH,4.317679350020876,0.7640203240376128,0.7567398288941138,0.7711171956237821
No detected CH,4.320417257027865,0.7640203240376128,0.7567398288941138,0.7711171956237821
No detected CH,4.323155164034853,0.7640203240376128,0.7567398288941138,0.7711171956237821
No detected CH,4.325893071041842,0.7639358739078418,0.7566542813728923,0.7710338690150531
No detected CH,4.328630978048831,0.7637669362975127,0.756483149165069,0.7708671782697043
No detected CH,4.331368885055819,0.7636824581494873,0.7563975741482454,0.7707838231362445
No detected CH,4.334106792062808,0.7635134457652559,0.7562263675356932,0.7706170572644828
No detected CH,4.336844699069796,0.7633443210679992,0.7560550466017053,0.7704501810468358
No detected CH,4.342320513083773,0.7632597306068879,0.7559693577757758,0.7703667150683561
No detected CH,4.345058420090761,0.763175121391656,0.7558836500312917,0.77028323049779
No detected CH,4.34779632709775,0.7629212374524039,0.7556264715507716,0.7700327194790642
No detected CH,4.350534234104739,0.7627519251493741,0.7554549634186063,0.7698656552776584
No detected CH,4.353272141111727,0.7626672502020884,0.7553691906481623,0.7697821042941089
No detected CH,4.358747955125704,0.7624978626951029,0.7551976076775633,0.769614964540602
No detected CH,4.361485862132692,0.7623284751881174,0.7550260267607414,0.7694478227869566
No detected CH,4.364223769139681,0.7620743939276392,0.7547686592321268,0.7691971064102046
No detected CH,4.366961676146669,0.7618202561795531,0.7545112377914186,0.7689463310433857
No detected CH,4.3696995831536585,0.7617355059007479,0.7544253926144932,0.7688627018875382
No detected CH,4.372437490160647,0.7617355059007479,0.7544253926144932,0.7688627018875382
No detected CH,4.375175397167635,0.7617355059007479,0.7544253926144932,0.7688627018875382
No detected CH,4.377913304174624,0.7617355059007479,0.7544253926144932,0.7688627018875382
No detected CH,4.380651211181612,0.7615658354461536,0.7542535277780678,0.7686952781630575
No detected CH,4.3833891181886,0.7615658354461536,0.7542535277780678,0.7686952781630575
No detected CH,4.386127025195589,0.7614809340152232,0.7541675275394428,0.7686115016789579
No detected CH,4.388864932202577,0.7613110553907915,0.7539954501128076,0.7684438741125148
No detected CH,4.3916028392095665,0.7613110553907915,0.7539954501128076,0.7684438741125148
No detected CH,4.394340746216555,0.7613110553907915,0.7539954501128076,0.7684438741125148
No detected CH,4.397078653223543,0.7612260307028988,0.7539093237153933,0.7683599772111347
No detected CH,4.399816560230532,0.7612260307028988,0.7539093237153933,0.7683599772111347
No detected CH,4.40255446723752,0.7611409870171987,0.7538231781518674,0.7682760614781017
No detected CH,4.4052923742445085,0.7608006982111107,0.7534784828977467,0.7679402834617035
No detected CH,4.408030281251497,0.7607155974618701,0.7533922808013335,0.7678563101556275
No detected CH,4.410768188258486,0.7607155974618701,0.7533922808013335,0.7678563101556275
No detected CH,4.4135060952654745,0.7606304490851674,0.7533060298757523,0.7677722903978229
No detected CH,4.416244002272463,0.7604601141956623,0.7531334900692318,0.767604212575068
No detected CH,4.418981909279451,0.7603749372115454,0.7530472110613042,0.7675201637024427
No detected CH,4.42171981628644,0.7601194062591947,0.7527883771528011,0.7672680140522815
No detected CH,4.424457723293428,0.7601194062591947,0.7527883771528011,0.7672680140522815
No detected CH,4.429933537307405,0.7599489376773918,0.752615705058625,0.767099801187301
No detected CH,4.432671444314394,0.7598636746977354,0.7525293400667299,0.7670156663190482
No detected CH,4.435409351321383,0.7598636746977354,0.7525293400667299,0.7670156663190482
No detected CH,4.438147258328371,0.7598636746977354,0.7525293400667299,0.7670156663190482
No detected CH,4.440885165335359,0.7597783351116283,0.7524428962218169,0.7669314570410328
No detected CH,4.443623072342348,0.7597783351116283,0.7524428962218169,0.7669314570410328
No detected CH,4.446360979349336,0.7596929379738165,0.7523563932669226,0.7668471917356191
No detected CH,4.4490988863563246,0.7596075120277945,0.7522698609851675,0.7667628981307011
No detected CH,4.451836793363313,0.7595220668633369,0.752183309313456,0.766678585476955
No detected CH,4.454574700370302,0.7593510996001149,0.752010127825046,0.7665098844241096
No detected CH,4.457312607377291,0.7591801130881581,0.7518369284884919,0.7663411627625772
No detected CH,4.460050514384279,0.7590946102034766,0.7517503196293731,0.7662567918784693
No detected CH,4.462788421391267,0.7589235851701988,0.7515770835225282,0.7660880299974704
No detected CH,4.465526328398256,0.7586669608740412,0.7513171434103382,0.765834799669487
No detected CH,4.468264235405244,0.7582392054833814,0.7508838703882935,0.7654126924066396
No detected CH,4.471002142412233,0.7580680260713748,0.7507104847975309,0.7652437714068736
No detected CH,4.473740049419221,0.7580680260713748,0.7507104847975309,0.7652437714068736
No detected CH,4.47647795642621,0.7578968079965986,0.7505370612421125,0.7650748110708044
No detected CH,4.481953770440187,0.7578968079965986,0.7505370612421125,0.7650748110708044
No detected CH,4.4846916774471755,0.7578111215287641,0.7504502700252683,0.7649902554382404
No detected CH,4.487429584454164,0.7577253865902497,0.7503634291126746,0.7649056525342118
No detected CH,4.490167491461152,0.757553858489154,0.7501896885384235,0.7647363890218375
No detected CH,4.492905398468141,0.7573822915412457,0.7500159098189818,0.7645670859862134
No detected CH,4.495643305475129,0.7573822915412457,0.7500159098189818,0.7645670859862134
No detected CH,4.498381212482118,0.7572106468292817,0.749842052632785,0.7643977058823301
No detected CH,4.501119119489107,0.7570389047909898,0.7496680967131327,0.764228229836353
No detected CH,4.503857026496095,0.7569530045408149,0.7495810892576663,0.7641434628444249
No detected CH,4.5065949335030835,0.7569530045408149,0.7495810892576663,0.7641434628444249
No detected CH,4.509332840510072,0.7567808328122716,0.7494066912844175,0.7639735692028027
No detected CH,4.514808654524049,0.7567808328122716,0.7494066912844175,0.7639735692028027
No detected CH,4.517546561531038,0.7567808328122716,0.7494066912844175,0.7639735692028027
No detected CH,4.520284468538026,0.7567808328122716,0.7494066912844175,0.7639735692028027
No detected CH,4.523022375545015,0.7566946587251829,0.7493194016783771,0.7638885365046163
No detected CH,4.525760282552003,0.7565222123581079,0.7491447223175661,0.7637183748341378
No detected CH,4.5284981895589915,0.7565222123581079,0.7491447223175661,0.7637183748341378
No detected CH,4.53123609656598,0.7565222123581079,0.7491447223175661,0.7637183748341378
No detected CH,4.533974003572968,0.7565222123581079,0.7491447223175661,0.7637183748341378
No detected CH,4.536711910579957,0.7563494706724456,0.7489697390691075,0.7635479262281122
No detected CH,4.539449817586946,0.7561766697881247,0.7487946966248726,0.7633774184316445
No detected CH,4.542187724593934,0.7561766697881247,0.7487946966248726,0.7633774184316445
No detected CH,4.544925631600923,0.7561766697881247,0.7487946966248726,0.7633774184316445
No detected CH,4.547663538607911,0.7560036910234471,0.7486194719958388,0.763206736971606
No detected CH,4.553139352621888,0.7559171818472229,0.7485318399782422,0.7631213763632461
No detected CH,4.555877259628876,0.7558306429597761,0.7484441777102345,0.7630359865733342
No detected CH,4.558615166635865,0.7556575255426987,0.7482688137136402,0.7628651671825333
No detected CH,4.561353073642854,0.7554843684561857,0.7480934107692571,0.7626943074287723
No detected CH,4.566828887656831,0.7554843684561857,0.7480934107692571,0.7626943074287723
No detected CH,4.569566794663819,0.755397730340537,0.7480056483720182,0.7626088193055076
No detected CH,4.572304701670808,0.7553110723469222,0.7479178659163852,0.7625233114835183
No detected CH,4.575042608677796,0.7552243845158253,0.7478300530811921,0.7624377743566648
No detected CH,4.577780515684784,0.7552243845158253,0.7478300530811921,0.7624377743566648
No detected CH,4.580518422691773,0.7550508096170627,0.747654222560538,0.7622665063604137
No detected CH,4.583256329698762,0.7549639922306517,0.7475662770911924,0.7621808426956118
No detected CH,4.5859942367057505,0.7547903175142425,0.7473903463911817,0.7620094752536033
No detected CH,4.588732143712739,0.7547034801560379,0.7473023818587404,0.761923790738413
No detected CH,4.591470050719727,0.7547034801560379,0.7473023818587404,0.761923790738413
No detected CH,4.594207957726716,0.7546166128125578,0.7472143867955644,0.7618380767740132
No detected CH,4.596945864733704,0.7544428381176096,0.7470383568424097,0.761666608669553
No detected CH,4.599683771740692,0.7542690233870215,0.7468622875796068,0.7614950998326049
No detected CH,4.602421678747681,0.7541820558990258,0.7467741914578577,0.7614092866325174
No detected CH,4.60515958575467,0.7540081008636437,0.7465979800650032,0.7612376392932932
No detected CH,4.6078974927616585,0.7540081008636437,0.7465979800650032,0.7612376392932932
No detected CH,4.610635399768647,0.7537470779808152,0.7463335734605904,0.7609800771826867
No detected CH,4.613373306775635,0.7534859646743554,0.7460690780649136,0.7607224230822898
No detected CH,4.616111213782624,0.7534859646743554,0.7460690780649136,0.7607224230822898
No detected CH,4.618849120789612,0.7534859646743554,0.7460690780649136,0.7607224230822898
No detected CH,4.6215870277966005,0.7533116475049686,0.7458925001212217,0.7605504179767106
No detected CH,4.62432493480359,0.7531372698087869,0.7457158616453531,0.7603783523629125
No detected CH,4.627062841810578,0.7531372698087869,0.7457158616453531,0.7603783523629125
No detected CH,4.6298007488175665,0.7530500405674377,0.7456275013688657,0.7602922797983531
No detected CH,4.632538655824555,0.7529627810030615,0.7455391102161408,0.7602061774547368
No detected CH,4.638014469838532,0.7528754708475649,0.7454506671817641,0.7601200257844993
No detected CH,4.64075237684552,0.7527881303057032,0.7453621932063601,0.7600338442733464
No detected CH,4.6434902838525085,0.7526134086786159,0.7451852048921993,0.7598614405421595
No detected CH,4.648966097866486,0.7526134086786159,0.7451852048921993,0.7598614405421595
No detected CH,4.651704004873475,0.7525260072840416,0.7450966695049578,0.7597751987350827
No detected CH,4.654441911880463,0.7525260072840416,0.7450966695049578,0.7597751987350827
No detected CH,4.657179818887451,0.752438565265998,0.7450080925678195,0.7596889172133524
No detected CH,4.65991772589444,0.7523510825819768,0.7449194740370395,0.7596025959356988
No detected CH,4.662655632901428,0.7523510825819768,0.7449194740370395,0.7596025959356988
No detected CH,4.6653935399084165,0.7521760561582053,0.7447421753586587,0.7594298928836821
No detected CH,4.668131446915406,0.7520885429463194,0.7446535268513037,0.7593435405501667
No detected CH,4.670869353922394,0.7520009991745878,0.7445648472254519,0.7592571582063204
No detected CH,4.673607260929383,0.7520009991745878,0.7445648472254519,0.7592571582063204
No detected CH,4.676345167936371,0.7520009991745878,0.7445648472254519,0.7592571582063204
No detected CH,4.681820981950348,0.7519133840051629,0.7444760941554226,0.7591707064682666
No detected CH,4.684558888957336,0.7519133840051629,0.7444760941554226,0.7591707064682666
No detected CH,4.687296795964325,0.7519133840051629,0.7444760941554226,0.7591707064682666
No detected CH,4.690034702971314,0.7519133840051629,0.7444760941554226,0.7591707064682666
No detected CH,4.692772609978302,0.7518256973131506,0.7443872675113435,0.7590841852160062
No detected CH,4.695510516985291,0.7518256973131506,0.7443872675113435,0.7590841852160062
No detected CH,4.698248423992279,0.7517379492158919,0.7442983777794697,0.7589976042064112
No detected CH,4.700986330999267,0.7517379492158919,0.7442983777794697,0.7589976042064112
No detected CH,4.703724238006256,0.7517379492158919,0.7442983777794697,0.7589976042064112
No detected CH,4.706462145013244,0.7516500677628621,0.7442093503798191,0.7589108940584193
No detected CH,4.709200052020233,0.7515621554742349,0.7441202915795859,0.7588241536307958
No detected CH,4.711937959027222,0.7514742123247528,0.7440312013529308,0.7587373828988766
No detected CH,4.71467586603421,0.7513862382891259,0.7439420796739805,0.7586505818379657
No detected CH,4.717413773041199,0.7513862382891259,0.7439420796739805,0.7586505818379657
No detected CH,4.720151680048187,0.7512101252601117,0.7437636670157689,0.7584768190136703
No detected CH,4.7228895870551755,0.7509458007966141,0.7434958916825376,0.7582160212808732
No detected CH,4.725627494062164,0.7509458007966141,0.7434958916825376,0.7582160212808732
No detected CH,4.728365401069152,0.7509458007966141,0.7434958916825376,0.7582160212808732
No detected CH,4.7311033080761415,0.7509458007966141,0.7434958916825376,0.7582160212808732
No detected CH,4.73384121508313,0.7509458007966141,0.7434958916825376,0.7582160212808732
No detected CH,4.736579122090118,0.7507692530592692,0.7433170340586065,0.7580418338119147
No detected CH,4.739317029097107,0.7507692530592692,0.7433170340586065,0.7580418338119147
No detected CH,4.742054936104095,0.750592601470314,0.743138071055616,0.7578675440006893
No detected CH,4.7447928431110835,0.750592601470314,0.743138071055616,0.7578675440006893
No detected CH,4.747530750118072,0.7504159082967099,0.7429590672265879,0.7576932118804626
No detected CH,4.75026865712506,0.7504159082967099,0.7429590672265879,0.7576932118804626
No detected CH,4.75300656413205,0.7501507124285405,0.7426904039347647,0.7574315590318942
No detected CH,4.755744471139038,0.7500622825437794,0.7426008182389562,0.7573443101653144
No detected CH,4.758482378146026,0.7498853601985632,0.7424215836931761,0.7571697504346454
No detected CH,4.761220285153015,0.7497968781501622,0.7423319456374676,0.7570824496091404
No detected CH,4.763958192160003,0.7495313693406189,0.7420629699434671,0.7568204833827333
No detected CH,4.7666960991669916,0.7494427931920322,0.7419732366276244,0.7567330896079445
No detected CH,4.76943400617398,0.7493541751486135,0.7418834604541464,0.7566456548836016
No detected CH,4.772171913180968,0.7493541751486135,0.7418834604541464,0.7566456548836016
No detected CH,4.774909820187958,0.7489106653385112,0.7414341532301909,0.7562080683454182
No detected CH,4.777647727194946,0.7487331562924485,0.7412543253935062,0.7560329284686791
No detected CH,4.780385634201934,0.7485555630390585,0.7410744125661396,0.7558577051682875
No detected CH,4.783123541208923,0.7484667664123634,0.740984457017793,0.7557700926792407
No detected CH,4.785861448215911,0.7483779170811179,0.7408944474080805,0.7556824288161955
No detected CH,4.791337262229888,0.7482890466480243,0.7408044164998905,0.7555947440480563
No detected CH,4.794075169236876,0.7482890466480243,0.7408044164998905,0.7555947440480563
No detected CH,4.796813076243866,0.7482001234101576,0.740714331426855,0.7555070078089354
No detected CH,4.799550983250854,0.7482001234101576,0.740714331426855,0.7555070078089354
No detected CH,4.8022888902578424,0.7482001234101576,0.740714331426855,0.7555070078089354
No detected CH,4.805026797264831,0.7482001234101576,0.740714331426855,0.7555070078089354
No detected CH,4.807764704271819,0.7480220017285936,0.7405338777040503,0.7553312683195673
No detected CH,4.810502611278808,0.747843795176663,0.7403533383199693,0.7551554447518382
No detected CH,4.813240518285796,0.747843795176663,0.7403533383199693,0.7551554447518382
No detected CH,4.815978425292784,0.7476654611370358,0.7401726690922229,0.7549794960180474
No detected CH,4.818716332299774,0.7475762515604772,0.7400822912321203,0.7548914797754853
No detected CH,4.821454239306762,0.7473978111137508,0.7399015151889765,0.7547154250627417
No detected CH,4.8241921463137505,0.7473978111137508,0.7399015151889765,0.7547154250627417
No detected CH,4.826930053320739,0.74721926409724,0.7397206309951124,0.7545392653447914
No detected CH,4.829667960327727,0.74721926409724,0.7397206309951124,0.7545392653447914
No detected CH,4.832405867334716,0.7471298731097897,0.7396300679729858,0.7544510713817398
No detected CH,4.835143774341704,0.7470404071927607,0.7395394278484398,0.7543628046175781
No detected CH,4.837881681348693,0.7470404071927607,0.7395394278484398,0.7543628046175781
No detected CH,4.840619588355682,0.7468613896017726,0.7393580604510288,0.7541861867073292
No detected CH,4.84335749536267,0.7468613896017726,0.7393580604510288,0.7541861867073292
No detected CH,4.8460954023696585,0.7466822431902587,0.7391765618460706,0.7540094423297895
No detected CH,4.848833309376647,0.7465926269824826,0.7390857688429942,0.7539210278294367
No detected CH,4.851571216383635,0.7465029569576229,0.7389949206295214,0.7538325608788357
No detected CH,4.854309123390624,0.746413233044527,0.738904017132066,0.7537440414092482
No detected CH,4.859784937404601,0.746413233044527,0.738904017132066,0.7537440414092482
No detected CH,4.86252284441159,0.7463234119575181,0.7388130134653565,0.7536554276982381
No detected CH,4.865260751418578,0.7463234119575181,0.7388130134653565,0.7536554276982381
No detected CH,4.867998658425567,0.7463234119575181,0.7388130134653565,0.7536554276982381
No detected CH,4.870736565432555,0.7463234119575181,0.7388130134653565,0.7536554276982381
No detected CH,4.873474472439543,0.7462334718018231,0.7387218869225064,0.7535666986446667
No detected CH,4.876212379446532,0.7458736678134905,0.7383573417788628,0.7532117348260873
No detected CH,4.87895028645352,0.7456037822745398,0.7380839054621355,0.7529454744986672
No detected CH,4.881688193460509,0.7456037822745398,0.7380839054621355,0.7529454744986672
No detected CH,4.884426100467498,0.7455137335085646,0.7379926710873628,0.7528566361178556
No detected CH,4.887164007474486,0.7454236521004558,0.7379014034634835,0.7527677656936134
No detected CH,4.889901914481475,0.7454236521004558,0.7379014034634835,0.7527677656936134
No detected CH,4.892639821488463,0.7452433149401557,0.7377186892240033,0.752589855059788
No detected CH,4.895377728495451,0.7452433149401557,0.7377186892240033,0.752589855059788
No detected CH,4.89811563550244,0.7452433149401557,0.7377186892240033,0.752589855059788
No detected CH,4.900853542509428,0.7450627811913815,0.7375357735284734,0.7524117526169725
No detected CH,4.9035914495164175,0.7449724814966546,0.7374442825518646,0.7523226688852575
No detected CH,4.906329356523406,0.7447015824124741,0.7371698132543718,0.7520554141745154
No detected CH,4.909067263530394,0.7446112279375393,0.7370782678893428,0.7519662753025474
No detected CH,4.911805170537383,0.7445208295852341,0.7369866776271693,0.7518770935555901
No detected CH,4.914543077544371,0.7444304202555941,0.7368950765876924,0.7517879006415822
No detected CH,4.917280984551359,0.7443400109259541,0.7368034761549986,0.7516987071403317
No detected CH,4.920018891558348,0.7442495906136454,0.7367118649393425,0.75160950246701
No detected CH,4.922756798565336,0.7441591593146644,0.7366202429366265,0.7515202866177083
No detected CH,4.9254947055723255,0.7439782967167023,0.7364370007503492,0.7513418531584889
No detected CH,4.928232612579314,0.7439782967167023,0.7364370007503492,0.7513418531584889
No detected CH,4.930970519586302,0.7437973241317555,0.7362536469305886,0.7511633113446942
No detected CH,4.933708426593291,0.7437973241317555,0.7362536469305886,0.7511633113446942
No detected CH,4.936446333600279,0.7437973241317555,0.7362536469305886,0.7511633113446942
No detected CH,4.9391842406072675,0.7437973241317555,0.7362536469305886,0.7511633113446942
No detected CH,4.941922147614256,0.7436161973025501,0.736070135583883,0.7509846185184125
No detected CH,4.944660054621245,0.7435256007872842,0.7359783464964291,0.7508952393197798
No detected CH,4.9473979616282335,0.7434349490437111,0.7358865007432518,0.7508058063036519
No detected CH,4.950135868635222,0.7433442862450472,0.7357946441354037,0.7507163620424929
No detected CH,4.95287377564221,0.7433442862450472,0.7357946441354037,0.7507163620424929
No detected CH,4.955611682649199,0.7431628278570953,0.7356107950386085,0.7505373437680537
No detected CH,4.958349589656187,0.7430720543346991,0.7355188254354103,0.7504477910213824
No detected CH,4.9610874966631755,0.7429812697220742,0.735426844942995,0.7503582269940517
No detected CH,4.963825403670164,0.7428904740151547,0.7353348535572024,0.7502686516820912
No detected CH,4.966563310677153,0.742708838202437,0.7351508265777676,0.7500894564907284
No detected CH,4.969301217684142,0.7426179980803477,0.7350587909674532,0.7499998365954216
No detected CH,4.97203912469113,0.7425271246101959,0.7349667213855219,0.7499101839676106
No detected CH,4.974777031698118,0.7425271246101959,0.7349667213855219,0.7499101839676106
No detected CH,4.977514938705107,0.7425271246101959,0.7349667213855219,0.7499101839676106
No detected CH,4.9829907527190835,0.7424361620811489,0.7348745600548332,0.7498204449161568
No detected CH,4.985728659726072,0.7423451661058968,0.7347823646520688,0.7497306730364123
No detected CH,4.988466566733061,0.7420720777553981,0.7345056779886756,0.7494612570393497
No detected CH,4.99120447374005,0.7419810147933469,0.7344134155779034,0.7493714182183916
No detected CH,4.993942380747038,0.741798799416433,0.7342287998343926,0.7491916525784438
No detected CH,4.996680287754026,0.7415253084003031,0.7339517066672657,0.7489218377799275
No detected CH,4.999418194761015,0.7415253084003031,0.7339517066672657,0.7489218377799275
No detected CH,5.002156101768003,0.7415253084003031,0.7339517066672657,0.7489218377799275
No detected CH,5.00763191578198,0.741434054978152,0.7338592504324132,0.7488318118247694
No detected CH,5.010369822788969,0.7411601935936488,0.7335817805752188,0.7485616329133871
No detected CH,5.013107729795958,0.7410689064654811,0.7334892918631478,0.7484715720766422
No detected CH,5.018583543809934,0.7409775630775277,0.7333967454223869,0.7483814564223695
No detected CH,5.021321450816923,0.7409775630775277,0.7333967454223869,0.7483814564223695
No detected CH,5.024059357823911,0.7409775630775277,0.7333967454223869,0.7483814564223695
No detected CH,5.0267972648309,0.7407032962435693,0.7331188643688763,0.7481108777755114
No detected CH,5.029535171837888,0.7407032962435693,0.7331188643688763,0.7481108777755114
No detected CH,5.032273078844877,0.7407032962435693,0.7331188643688763,0.7481108777755114
No detected CH,5.035010985851866,0.7406117836050417,0.7330261448774387,0.7480205966112171
No detected CH,5.037748892858854,0.7406117836050417,0.7330261448774387,0.7480205966112171
No detected CH,5.0404867998658425,0.7405202143934189,0.7329333673334463,0.74793026032657
No detected CH,5.043224706872831,0.7403370306669146,0.732747767134178,0.7477495422862186
No detected CH,5.045962613879819,0.7402453934555435,0.7326549209383542,0.7476591386591184
No detected CH,5.051438427893797,0.7402453934555435,0.7326549209383542,0.7476591386591184
No detected CH,5.054176334900785,0.7402453934555435,0.7326549209383542,0.7476591386591184
No detected CH,5.056914241907774,0.740061982803052,0.7324690891288307,0.7474781983116374
No detected CH,5.059652148914762,0.7398785494202776,0.7322832362548375,0.7472972336323656
No detected CH,5.0623900559217505,0.7396950250374374,0.7320972915065551,0.7471161788345095
No detected CH,5.065127962928739,0.7396950250374374,0.7320972915065551,0.7471161788345095
No detected CH,5.067865869935727,0.7396032172895117,0.7320042728233307,0.7470256066248797
No detected CH,5.070603776942716,0.7396032172895117,0.7320042728233307,0.7470256066248797
No detected CH,5.073341683949705,0.7396032172895117,0.7320042728233307,0.7470256066248797
No detected CH,5.076079590956693,0.7395113753402643,0.7319112192950666,0.7469350008499761
No detected CH,5.078817497963682,0.7394195333910168,0.7318181663965571,0.7468443944662545
No detected CH,5.08155540497067,0.7393276457890048,0.7317250667757607,0.7467537434820972
No detected CH,5.0842933119776585,0.7392357353407466,0.7316319440887376,0.746663069873576
No detected CH,5.087031218984647,0.7391438020320361,0.7315387983210532,0.7465723736267247
No detected CH,5.089769125991635,0.7390518572874121,0.7314456413228462,0.7464816657500402
No detected CH,5.092507032998624,0.7390518572874121,0.7314456413228462,0.7464816657500402
No detected CH,5.095244940005613,0.7387758857200905,0.731166031671432,0.7462094061215343
No detected CH,5.097982847012601,0.7386838951976499,0.7310728297174828,0.7461186516909283
No detected CH,5.10072075401959,0.7385918817577897,0.7309796046246789,0.7460278745662746
No detected CH,5.103458661026578,0.738315841438209,0.7306999331333902,0.7457555395312625
No detected CH,5.106196568033567,0.738315841438209,0.7306999331333902,0.7457555395312625
No detected CH,5.108934475040555,0.7382237935836475,0.7306066748703856,0.7456647268028255
No detected CH,5.111672382047543,0.7381316997970229,0.7305133695986508,0.7455738692018674
No detected CH,5.114410289054532,0.7380395945187851,0.730420053040063,0.745482999916059
No detected CH,5.117148196061521,0.7379474777446314,0.7303267251902227,0.7453921189411952
No detected CH,5.119886103068509,0.7378553264611968,0.7302333621801114,0.7453012041004791
No detected CH,5.122624010075498,0.7378553264611968,0.7302333621801114,0.7453012041004791
No detected CH,5.125361917082486,0.7377630830149584,0.7301399042112335,0.7452101998375141
No detected CH,5.128099824089475,0.7375785961224816,0.7299529901781283,0.7450281894706287
No detected CH,5.130837731096463,0.7374862949591575,0.7298594742486041,0.7449371277499044
No detected CH,5.13631354511044,0.7373939706858778,0.7297659349846543,0.7448460431457918
No detected CH,5.139051452117429,0.7373016348518324,0.7296723843656691,0.7447549467868883
No detected CH,5.1417893591244175,0.7372092874526777,0.7295788223872073,0.744663838668948
No detected CH,5.144527266131406,0.7371169284840667,0.7294852490448253,0.744572718787722
No detected CH,5.147265173138394,0.7370245579416502,0.7293916643340764,0.7444815871389586
No detected CH,5.1554788941593594,0.7370245579416502,0.7293916643340764,0.7444815871389586
No detected CH,5.158216801166349,0.7369320946926299,0.7292979841023636,0.7443903655424203
No detected CH,5.160954708173337,0.7369320946926299,0.7292979841023636,0.7443903655424203
No detected CH,5.1636926151803255,0.736654495962836,0.7290167304743493,0.7441164956756686
No detected CH,5.166430522187314,0.7365619281699279,0.7289229443618774,0.7440251708713618
No detected CH,5.169168429194302,0.7365619281699279,0.7289229443618774,0.7440251708713618
No detected CH,5.171906336201291,0.7363766528767145,0.7287352291455589,0.7438423847881547
No detected CH,5.174644243208279,0.7362840035746415,0.72864136040974,0.7437509795860436
No detected CH,5.1773821502152675,0.7361912959438717,0.7285474318128202,0.7436595175608999
No detected CH,5.180120057222257,0.7360985766370778,0.7284534917472794,0.7435680436643397
No detected CH,5.185595871236234,0.7360985766370778,0.7284534917472794,0.7435680436643397
No detected CH,5.19107168525021,0.7360057403933349,0.7283594310261491,0.7434764564741304
No detected CH,5.193809592257199,0.7358200679058492,0.7281713115203404,0.7432932802228592
No detected CH,5.196547499264187,0.7357272316621064,0.7280772527350172,0.743201691162398
No detected CH,5.1992854062711755,0.7354487229308778,0.7277950802455118,0.742926920245308
No detected CH,5.204761220285153,0.7354487229308778,0.7277950802455118,0.742926920245308
No detected CH,5.207499127292142,0.7352629566457223,0.7276068711800083,0.7427436461423834
No detected CH,5.21023703429913,0.7351700735031445,0.7275127676139286,0.7426520081569312
No detected CH,5.212974941306118,0.7347985409328334,0.7271363597866135,0.7422854499954925
No detected CH,5.215712848313107,0.7347985409328334,0.7271363597866135,0.7422854499954925
No detected CH,5.223926569334073,0.7347985409328334,0.7271363597866135,0.7422854499954925
No detected CH,5.226664476341061,0.7347055872907167,0.7270421863143078,0.7421937409677702
No detected CH,5.232140290355038,0.7347055872907167,0.7270421863143078,0.7421937409677702
No detected CH,5.234878197362026,0.7346126101219884,0.7269479890839552,0.7421020086472837
No detected CH,5.240354011376003,0.7346126101219884,0.7269479890839552,0.7421020086472837
No detected CH,5.243091918382992,0.7346126101219884,0.7269479890839552,0.7421020086472837
No detected CH,5.245829825389981,0.7344265144639461,0.7267594499756505,0.741918405961865
No detected CH,5.248567732396969,0.7344265144639461,0.7267594499756505,0.741918405961865
No detected CH,5.251305639403958,0.7344265144639461,0.7267594499756505,0.741918405961865
No detected CH,5.254043546410946,0.7343333840411127,0.7266650957196554,0.7418265240981669
No detected CH,5.2567814534179345,0.7342402063499516,0.7265706930812156,0.741734596063287
No detected CH,5.259519360424923,0.7342402063499516,0.7265706930812156,0.741734596063287
No detected CH,5.262257267431911,0.7341469931715398,0.7264762542812663,0.74164263320821
No detected CH,5.2649951744389005,0.7341469931715398,0.7264762542812663,0.74164263320821
No detected CH,5.267733081445889,0.7339604720858762,0.7262872803693657,0.7414586143406017
No detected CH,5.270470988452877,0.7339604720858762,0.7262872803693657,0.7414586143406017
No detected CH,5.273208895459866,0.7338671759790901,0.7261927574987779,0.7413665696974303
No detected CH,5.284160523487819,0.7338671759790901,0.7261927574987779,0.7413665696974303
No detected CH,5.286898430494809,0.7338671759790901,0.7261927574987779,0.7413665696974303
No detected CH,5.292374244508785,0.7336805125742881,0.7260036398645298,0.7411824099295906
No detected CH,5.295112151515774,0.7334937779057785,0.7258144509152288,0.7409981789795437
No detected CH,5.297850058522762,0.7332136045757915,0.7255305983940822,0.7407217591052271
No detected CH,5.3005879655297505,0.7331202134657959,0.7254359821906459,0.7406296178879249
No detected CH,5.303325872536739,0.7331202134657959,0.7254359821906459,0.7406296178879249
No detected CH,5.306063779543727,0.7331202134657959,0.7254359821906459,0.7406296178879249
No detected CH,5.308801686550717,0.7331202134657959,0.7254359821906459,0.7406296178879249
No detected CH,5.311539593557705,0.7330266435598015,0.725341181172311,0.7405373037686633
No detected CH,5.314277500564693,0.7330266435598015,0.725341181172311,0.7405373037686633
No detected CH,5.317015407571682,0.7328393603090197,0.7251514323077874,0.740352535429644
No detected CH,5.31975331457867,0.7328393603090197,0.7251514323077874,0.740352535429644
No detected CH,5.322491221585659,0.7325583995319045,0.7248667766995356,0.7400753435702303
No detected CH,5.327967035599635,0.7324647100064496,0.7247718555359842,0.7399829103938793
No detected CH,5.333442849613613,0.7324647100064496,0.7247718555359842,0.7399829103938793
No detected CH,5.336180756620601,0.7323709485228338,0.7246768603837547,0.7398904072532213
No detected CH,5.33891866362759,0.7322771750339064,0.7245818534368057,0.7397978919094272
No detected CH,5.341656570634578,0.7321834015449791,0.7244868471490411,0.7397053759290952
No detected CH,5.344394477641567,0.7320896280560517,0.7243918415201313,0.7396128593125324
No detected CH,5.347132384648555,0.7319958545671243,0.7242968365497469,0.7395203420600451
No detected CH,5.349870291655543,0.731902081078197,0.7242018322375592,0.7394278241719396
No detected CH,5.352608198662533,0.731902081078197,0.7242018322375592,0.7394278241719396
No detected CH,5.3580840126765095,0.731902081078197,0.7242018322375592,0.7394278241719396
No detected CH,5.360821919683498,0.731902081078197,0.7242018322375592,0.7394278241719396
No detected CH,5.363559826690486,0.731902081078197,0.7242018322375592,0.7394278241719396
No detected CH,5.366297733697475,0.731902081078197,0.7242018322375592,0.7394278241719396
No detected CH,5.369035640704463,0.731902081078197,0.7242018322375592,0.7394278241719396
No detected CH,5.371773547711452,0.7318082113743265,0.7241067287758951,0.7393352129470357
No detected CH,5.374511454718441,0.7316204478819919,0.7239164988491779,0.7391499653797676
No detected CH,5.377249361725429,0.7316204478819919,0.7239164988491779,0.7391499653797676
No detected CH,5.3799872687324175,0.7315265420357742,0.723821359875963,0.7390573174201606
No detected CH,5.382725175739406,0.731338706230912,0.723631058897755,0.7388719963562087
No detected CH,5.388200989753383,0.7311508463012354,0.7234407355346998,0.7386866494984591
No detected CH,5.390938896760371,0.7310568921960823,0.7233455498018857,0.7385939518545014
No detected CH,5.39367680376736,0.7309629260145661,0.7232503522022137,0.7385012419374823
No detected CH,5.396414710774349,0.7309629260145661,0.7232503522022137,0.7385012419374823
No detected CH,5.399152617781337,0.730868935667901,0.723155130195945,0.7384085080996996
No detected CH,5.4018905247883255,0.7307749332324454,0.7230598963103464,0.7383157619764894
No detected CH,5.404628431795314,0.7307749332324454,0.7230598963103464,0.7383157619764894
No detected CH,5.407366338802302,0.7307749332324454,0.7230598963103464,0.7383157619764894
No detected CH,5.410104245809291,0.7307749332324454,0.7230598963103464,0.7383157619764894
No detected CH,5.412842152816279,0.7306808339621347,0.7229645626363093,0.7382229219156041
No detected CH,5.418317966830257,0.7305867225718768,0.7228692170526643,0.7381300695373662
No detected CH,5.421055873837245,0.7305867225718768,0.7228692170526643,0.7381300695373662
No detected CH,5.423793780844234,0.7304925869292314,0.7227738469740244,0.7380371931523733
No detected CH,5.432007501865199,0.7304925869292314,0.7227738469740244,0.7380371931523733
No detected CH,5.434745408872187,0.730304267107904,0.7225830584586068,0.7378513916974054
No detected CH,5.437483315879176,0.730304267107904,0.7225830584586068,0.7378513916974054
No detected CH,5.442959129893153,0.730304267107904,0.7225830584586068,0.7378513916974054
No detected CH,5.445697036900142,0.730304267107904,0.7225830584586068,0.7378513916974054
No detected CH,5.44843494390713,0.730209949108794,0.7224875012009743,0.7377583376980337
No detected CH,5.451172850914118,0.7301156311096841,0.7223919446108276,0.737665283054291
No detected CH,5.453910757921107,0.7300213131105742,0.7222963886878323,0.7375722277664882
No detected CH,5.456648664928095,0.7299269463431091,0.7222007828402403,0.7374791248497741
No detected CH,5.462124478942073,0.7299269463431091,0.7222007828402403,0.7374791248497741
No detected CH,5.46760029295605,0.7298325673740965,0.7221051650028119,0.7373860095329602
No detected CH,5.4730761069700264,0.7296437117479161,0.7219138299919169,0.7371996828486712
No detected CH,5.475814013977015,0.7294548072270752,0.7217224469335598,0.7370133064753235
No detected CH,5.478551920984004,0.7292659027062344,0.7215310665498713,0.7368269275199842
No detected CH,5.4812898279909925,0.7292659027062344,0.7215310665498713,0.7368269275199842
No detected CH,5.484027734997981,0.729076973715896,0.7213396634550514,0.7366405224093747
No detected CH,5.492241456018946,0.729076973715896,0.7213396634550514,0.7366405224093747
No detected CH,5.4949793630259345,0.7289824602373225,0.7212439120966349,0.7365472716930895
No detected CH,5.500455177039912,0.7288879222448135,0.7211481359773735,0.7364539967130019
No detected CH,5.5031930840469006,0.7287933474527745,0.7210523223529749,0.736360685632245
No detected CH,5.505930991053889,0.728698723543731,0.7209564584460078,0.7362673265833141
No detected CH,5.508668898060877,0.7286040873458682,0.7208605824618808,0.7361739550471978
No detected CH,5.511406805067866,0.7286040873458682,0.7208605824618808,0.7361739550471978
No detected CH,5.514144712074854,0.728414741169323,0.7206687559688754,0.7359871389479806
No detected CH,5.5168826190818425,0.728414741169323,0.7206687559688754,0.7359871389479806
No detected CH,5.519620526088831,0.7281306480565425,0.7203809446581921,0.7357068387892887
No detected CH,5.52235843309582,0.7279411787231944,0.7201889971219931,0.7355198975528169
No detected CH,5.525096340102809,0.7277516847289933,0.7199970266901857,0.7353329299635019
No detected CH,5.527834247109797,0.7275621166944194,0.7198049821396107,0.7351458884454813
No detected CH,5.530572154116785,0.7275621166944194,0.7198049821396107,0.7351458884454813
No detected CH,5.533310061123774,0.7275621166944194,0.7198049821396107,0.7351458884454813
No detected CH,5.538785875137751,0.7275621166944194,0.7198049821396107,0.7351458884454813
No detected CH,5.541523782144739,0.727467258530574,0.719708883956869,0.735052295275795
No detected CH,5.544261689151728,0.7273723508647514,0.7196127350962475,0.7349586537633702
No detected CH,5.546999596158717,0.7272774060336765,0.7195165483560088,0.7348649757934366
No detected CH,5.549737503165705,0.7272774060336765,0.7195165483560088,0.7348649757934366
No detected CH,5.552475410172693,0.7271824364063543,0.7194203365679741,0.7347712732822421
No detected CH,5.555213317179682,0.7271824364063543,0.7194203365679741,0.7347712732822421
No detected CH,5.55795122418667,0.7270874419665886,0.7193240997156846,0.7346775462138662
No detected CH,5.560689131193659,0.7268974034297442,0.7191315765259113,0.7344900422781847
No detected CH,5.563427038200647,0.7268023468842453,0.7190352772750404,0.7343962534173797
No detected CH,5.566164945207636,0.7268023468842453,0.7190352772750404,0.7343962534173797
No detected CH,5.568902852214625,0.7268023468842453,0.7190352772750404,0.7343962534173797
No detected CH,5.571640759221613,0.7268023468842453,0.7190352772750404,0.7343962534173797
No detected CH,5.57711657323559,0.7265168785626097,0.7187460737362172,0.734114595151209
No detected CH,5.579854480242578,0.7265168785626097,0.7187460737362172,0.734114595151209
No detected CH,5.585330294256555,0.726421709990621,0.7186496609833296,0.7340206957435754
No detected CH,5.588068201263544,0.7263265414186322,0.7185532489089927,0.7339267956810926
No detected CH,5.590806108270533,0.72604081107189,0.7182637837315086,0.7336448751475102
No detected CH,5.593544015277521,0.7259455551271154,0.7181672837352965,0.7335508882857498
No detected CH,5.5962819222845095,0.7258502866815607,0.7180707714505342,0.7334568887246442
No detected CH,5.599019829291498,0.7258502866815607,0.7180707714505342,0.7334568887246442
No detected CH,5.601757736298486,0.7258502866815607,0.7180707714505342,0.7334568887246442
No detected CH,5.604495643305475,0.7257549431525075,0.7179741819549871,0.7333628161705354
No detected CH,5.607233550312464,0.7257549431525075,0.7179741819549871,0.7333628161705354
No detected CH,5.609971457319452,0.7257549431525075,0.7179741819549871,0.7333628161705354
No detected CH,5.612709364326441,0.7256595369551693,0.7178775281283005,0.7332686825842744
No detected CH,5.615447271333429,0.7256595369551693,0.7178775281283005,0.7332686825842744
No detected CH,5.6181851783404175,0.72556409311235,0.7177808359301904,0.7331745120720204
No detected CH,5.620923085347406,0.7254686492695307,0.7176841444155471,0.7330803409002812
No detected CH,5.623660992354394,0.7254686492695307,0.7176841444155471,0.7330803409002812
No detected CH,5.626398899361383,0.7254686492695307,0.7176841444155471,0.7330803409002812
No detected CH,5.629136806368372,0.7254686492695307,0.7176841444155471,0.7330803409002812
No detected CH,5.63187471337536,0.7253731300267039,0.7175873753621573,0.7329860964303772
No detected CH,5.634612620382349,0.7253731300267039,0.7175873753621573,0.7329860964303772
No detected CH,5.637350527389337,0.7251819908620064,0.7173937348623516,0.7327975085164599
No detected CH,5.640088434396326,0.7250864212796577,0.7172969156412471,0.7327032135668824
No detected CH,5.645564248410302,0.724895256918656,0.7171032531159329,0.7325145974101729
No detected CH,5.648302155417291,0.7247996116809045,0.7170063574639358,0.7324202275919701
No detected CH,5.65104006242428,0.7246082959591991,0.7168125420284711,0.7322314616467456
No detected CH,5.653777969431268,0.7246082959591991,0.7168125420284711,0.7322314616467456
No detected CH,5.656515876438257,0.7246082959591991,0.7168125420284711,0.7322314616467456
No detected CH,5.661991690452234,0.7244168538730804,0.716618598245755,0.7320425713148515
No detected CH,5.664729597459222,0.7243211328300211,0.7165216273856858,0.731948125153915
No detected CH,5.66746750446621,0.7243211328300211,0.7165216273856858,0.731948125153915
No detected CH,5.670205411473199,0.7242253864806715,0.7164246309594913,0.7318536539503541
No detected CH,5.6756812254871765,0.7240338431359266,0.7162305876286956,0.7316646607614443
No detected CH,5.678419132494165,0.7240338431359266,0.7162305876286956,0.7316646607614443
No detected CH,5.683894946508142,0.7240338431359266,0.7162305876286956,0.7316646607614443
No detected CH,5.68663285351513,0.7240338431359266,0.7162305876286956,0.7316646607614443
No detected CH,5.689370760522118,0.7240338431359266,0.7162305876286956,0.7316646607614443
No detected CH,5.692108667529107,0.7240338431359266,0.7162305876286956,0.7316646607614443
No detected CH,5.694846574536096,0.7237459569159918,0.7159389352094713,0.7313806157184096
No detected CH,5.6975844815430845,0.7237459569159918,0.7159389352094713,0.7313806157184096
No detected CH,5.700322388550073,0.7234579179307505,0.7156471305322313,0.731096417500223
No detected CH,5.703060295557061,0.7233618921917101,0.7155498504705415,0.7310016711475971
No detected CH,5.70579820256405,0.7233618921917101,0.7155498504705415,0.7310016711475971
No detected CH,5.708536109571038,0.7233618921917101,0.7155498504705415,0.7310016711475971
No detected CH,5.7112740165780265,0.7233618921917101,0.7155498504705415,0.7310016711475971
No detected CH,5.714011923585016,0.7233618921917101,0.7155498504705415,0.7310016711475971
No detected CH,5.716749830592004,0.7230735087130955,0.7152576967083757,0.7307171330449928
No detected CH,5.7194877375989925,0.7230735087130955,0.7152576967083757,0.7307171330449928
No detected CH,5.722225644605981,0.7230735087130955,0.7152576967083757,0.7307171330449928
No detected CH,5.727701458619958,0.7230735087130955,0.7152576967083757,0.7307171330449928
No detected CH,5.730439365626946,0.7229772529212009,0.71516018074561,0.7306221624011147
No detected CH,5.7331772726339345,0.7228809330100736,0.7150625989544338,0.7305271293203383
No detected CH,5.735915179640924,0.7228809330100736,0.7150625989544338,0.7305271293203383
No detected CH,5.741390993654901,0.7227845745812533,0.7149649778984378,0.7304320584628455
No detected CH,5.746866807668877,0.7226882161524331,0.7148673575426081,0.7303369869301135
No detected CH,5.749604714675866,0.7224954735957849,0.7146720922665503,0.7301468170850577
No detected CH,5.752342621682854,0.7223027053264157,0.7144768031111495,0.7299566197727709
No detected CH,5.7550805286898425,0.7222063211917311,0.7143791595823691,0.7298615201049945
No detected CH,5.76055634270382,0.7222063211917311,0.7143791595823691,0.7298615201049945
No detected CH,5.763294249710809,0.7220134757121072,0.7141837945158558,0.7296712443705035
No detected CH,5.768770063724785,0.7219170529722951,0.7140861130316416,0.7295761054914959
No detected CH,5.771507970731774,0.7219170529722951,0.7140861130316416,0.7295761054914959
No detected CH,5.774245877738762,0.7218205915809306,0.7139883921456381,0.7294809287050608
No detected CH,5.776983784745751,0.7217241044011978,0.7138906452039578,0.7293857264017952
No detected CH,5.77972169175274,0.7216275914158541,0.7137928721890766,0.7292904985647507
No detected CH,5.785197505766717,0.7215310526076378,0.7136950730834513,0.7291952451769607
No detected CH,5.787935412773705,0.7215310526076378,0.7136950730834513,0.7291952451769607
No detected CH,5.790673319780693,0.7213379233109014,0.7134994233569012,0.7290046865895629
No detected CH,5.793411226787682,0.7213379233109014,0.7134994233569012,0.7290046865895629
No detected CH,5.79614913379467,0.7212412810382177,0.7134015190096066,0.7289093315066154
No detected CH,5.798887040801659,0.7211446258142781,0.7133036019280614,0.7288139632700968
No detected CH,5.801624947808648,0.7211446258142781,0.7133036019280614,0.7288139632700968
No detected CH,5.807100761822625,0.7211446258142781,0.7133036019280614,0.7288139632700968
No detected CH,5.809838668829613,0.721047866841272,0.7132055779061752,0.7287184944178283
No detected CH,5.8125765758366015,0.721047866841272,0.7132055779061752,0.7287184944178283
No detected CH,5.81531448284359,0.7208542709581087,0.7130094511156727,0.7285274795989705
No detected CH,5.818052389850578,0.7207574730165272,0.712911388779709,0.7284319711681071
No detected CH,5.8207902968575675,0.7206606620732072,0.7128133136596652,0.7283364495326594
No detected CH,5.823528203864556,0.7205638381229085,0.7127152257501975,0.7282409146874909
No detected CH,5.826266110871544,0.7204670011603869,0.7126171250459584,0.7281453666274617
No detected CH,5.829004017878533,0.7203701641978654,0.7125190250475265,0.7280498178868231
No detected CH,5.831741924885521,0.7203701641978654,0.7125190250475265,0.7280498178868231
No detected CH,5.8344798318925095,0.7203701641978654,0.7125190250475265,0.7280498178868231
No detected CH,5.837217738899498,0.7203701641978654,0.7125190250475265,0.7280498178868231
No detected CH,5.839955645906486,0.7203701641978654,0.7125190250475265,0.7280498178868231
No detected CH,5.842693552913476,0.7203701641978654,0.7125190250475265,0.7280498178868231
No detected CH,5.845431459920464,0.7202731446471317,0.7124207363092933,0.7279540925888935
No detected CH,5.848169366927452,0.7200790532581133,0.7122241067114045,0.7277625895739704
No detected CH,5.850907273934441,0.7200790532581133,0.7122241067114045,0.7277625895739704
No detected CH,5.853645180941429,0.7199819290264896,0.7121257114884325,0.7276667613917156
No detected CH,5.8563830879484176,0.7198848047948659,0.7120273169779964,0.7275709325225184
No detected CH,5.859120994955406,0.7198848047948659,0.7120273169779964,0.7275709325225184
No detected CH,5.861858901962394,0.7198848047948659,0.7120273169779964,0.7275709325225184
No detected CH,5.864596808969384,0.7197876150007799,0.7119288551513063,0.7274750398177758
No detected CH,5.867334715976372,0.7197876150007799,0.7119288551513063,0.7274750398177758
No detected CH,5.87007262298336,0.7195931040927943,0.7117317973789109,0.7272831258596316
No detected CH,5.875548436997337,0.719398540592972,0.7115346878962169,0.7270911584890104
No detected CH,5.878286344004326,0.719398540592972,0.7115346878962169,0.7270911584890104
No detected CH,5.881024251011314,0.7193011930232031,0.7114360659307087,0.7269951103741285
No detected CH,5.883762158018302,0.7193011930232031,0.7114360659307087,0.7269951103741285
No detected CH,5.886500065025292,0.7191064715307766,0.7112387968048316,0.7268029866898436
No detected CH,5.88923797203228,0.7191064715307766,0.7112387968048316,0.7268029866898436
No detected CH,5.8919758790392684,0.7189116445268398,0.7110414210633155,0.7266107586171784
No detected CH,5.894713786046257,0.718814217823421,0.7109427205702961,0.7265146308284464
No detected CH,5.900189600060234,0.7186190999575623,0.7107450473224053,0.7263221184612954
No detected CH,5.902927507067222,0.7186190999575623,0.7107450473224053,0.7263221184612954
No detected CH,5.90566541407421,0.7186190999575623,0.7107450473224053,0.7263221184612954
No detected CH,5.9084033210812,0.7186190999575623,0.7107450473224053,0.7263221184612954
No detected CH,5.911141228088188,0.7185214880178779,0.7106461567753605,0.7262258101840036
No detected CH,5.9138791350951765,0.7184238628157015,0.7105472531877122,0.7261294884378332
No detected CH,5.916617042102165,0.718326224345626,0.710448336553947,0.7260331532174837
No detected CH,5.922092856116142,0.718326224345626,0.710448336553947,0.7260331532174837
No detected CH,5.92483076312313,0.7182285460447904,0.7103493793103335,0.7259367789397569
No detected CH,5.927568670130119,0.717935431415742,0.7100524291847001,0.7256475751415405
No detected CH,5.930306577137108,0.717935431415742,0.7100524291847001,0.7256475751415405
No detected CH,5.933044484144096,0.717935431415742,0.7100524291847001,0.7256475751415405
No detected CH,5.9357823911510845,0.7178376733232289,0.7099533920336626,0.7255511212288224
No detected CH,5.938520298158073,0.7176421305083764,0.7097552922689501,0.7253581856637084
No detected CH,5.941258205165061,0.71754434577878,0.7096562296476329,0.7252617040044239
No detected CH,5.94399611217205,0.717446521055429,0.7095571262495679,0.7251651831287239
No detected CH,5.946734019179038,0.7173486829917367,0.7094580097327505,0.7250686487066897
No detected CH,5.949471926186027,0.7172508315822439,0.709358880091616,0.7249721007329686
No detected CH,5.952209833193016,0.7171529668214877,0.7092597373205956,0.7248755392022038
No detected CH,5.954947740200004,0.7170551020607314,0.7091605952736904,0.7247789769735241
No detected CH,5.960423554213981,0.7167615077784628,0.7088631734740133,0.724489286103389
No detected CH,5.963161461220969,0.7166636029146767,0.7087639927087162,0.7243926824598629
No detected CH,5.965899368227958,0.7164676861287514,0.7085655222640205,0.7241993699640047
No detected CH,5.968637275234946,0.7164676861287514,0.7085655222640205,0.7241993699640047
No detected CH,5.971375182241935,0.7162716084916062,0.7083668878151954,0.7240058997474926
No detected CH,5.974113089248924,0.7160753965731042,0.7081681169363987,0.7238122973972666
No detected CH,5.979588903262901,0.7159772906138532,0.7080687325881749,0.7237154951705262
No detected CH,5.982326810269889,0.715879144309451,0.7079693071033524,0.7236186533845402
No detected CH,5.985064717276877,0.715879144309451,0.7079693071033524,0.7236186533845402
No detected CH,5.990540531290854,0.715879144309451,0.7079693071033524,0.7236186533845402
No detected CH,5.99875425231182,0.7156827439955116,0.7077703465584197,0.7234248639716815
No detected CH,6.001492159318809,0.7155845438385419,0.7076708673791705,0.7233279682116844
No detected CH,6.004230066325797,0.715388062634852,0.7074718272723597,0.7231340966759293
No detected CH,6.006967973332785,0.7152897680398211,0.7073722522870439,0.7230371078506663
No detected CH,6.009705880339774,0.7151914734447902,0.707272678031786,0.7229401183218381
No detected CH,6.012443787346762,0.7150930977262971,0.7071730203287045,0.7228430499564287
No detected CH,6.0151816943537515,0.7148963192183923,0.7069736790274886,0.7226488850372452
No detected CH,6.01791960136074,0.7148963192183923,0.7069736790274886,0.7226488850372452
No detected CH,6.020657508367728,0.7148963192183923,0.7069736790274886,0.7226488850372452
No detected CH,6.023395415374717,0.7148963192183923,0.7069736790274886,0.7226488850372452
No detected CH,6.0288712293886935,0.71479772642854,0.7068737982670593,0.7225516054948867
No detected CH,6.031609136395682,0.71479772642854,0.7068737982670593,0.7225516054948867
No detected CH,6.034347043402671,0.7146990519770728,0.7067738334995348,0.7224542465986658
No detected CH,6.0370849504096595,0.7146990519770728,0.7067738334995348,0.7224542465986658
No detected CH,6.039822857416648,0.714600336638402,0.706673827039871,0.7223568476148248
No detected CH,6.045298671430625,0.7145016076612483,0.7065738071667707,0.7222594347837369
No detected CH,6.048036578437613,0.7144028513920484,0.7064737597110512,0.7221619949566539
No detected CH,6.0507744854446015,0.7144028513920484,0.7064737597110512,0.7221619949566539
No detected CH,6.056250299458579,0.7143040404859085,0.706373656295013,0.7220645017998627
No detected CH,6.058988206465568,0.7143040404859085,0.706373656295013,0.7220645017998627
No detected CH,6.061726113472556,0.714205120109162,0.7062734400115972,0.7219669025096537
No detected CH,6.064464020479544,0.7141061586126802,0.7061731817976898,0.7218692629051957
No detected CH,6.067201927486533,0.7141061586126802,0.7061731817976898,0.7218692629051957
No detected CH,6.069939834493521,0.7140071696802415,0.7060728958554905,0.721771596162753
No detected CH,6.0726777415005095,0.7139081670222159,0.7059725964146185,0.7216739154843518
No detected CH,6.075415648507498,0.7139081670222159,0.7059725964146185,0.7216739154843518
No detected CH,6.078153555514487,0.7136110766489233,0.7056716170538945,0.7213807897881033
No detected CH,6.080891462521476,0.7134129889107834,0.7054709393490411,0.7211853425917227
No detected CH,6.086367276535452,0.7132147911086135,0.7052701504036233,0.7209897865304735
No detected CH,6.094580997556418,0.7132147911086135,0.7052701504036233,0.7209897865304735
No detected CH,6.097318904563406,0.7131155819291576,0.7051696426017658,0.7208919012262632
No detected CH,6.100056811570395,0.7130163727497016,0.7050691355494526,0.720794015200099
No detected CH,6.105532625584372,0.7130163727497016,0.7050691355494526,0.720794015200099
No detected CH,6.10827053259136,0.7129171221410227,0.7049685862496124,0.7206960885578463
No detected CH,6.111008439598349,0.7128178577129886,0.704868023357586,0.7205981478857663
No detected CH,6.113746346605337,0.7127185794598252,0.7047674468674902,0.7205001931781947
No detected CH,6.116484253612326,0.7127185794598252,0.7047674468674902,0.7205001931781947
No detected CH,6.119222160619314,0.7126192735409929,0.7046668424152559,0.7204022111072036
No detected CH,6.124697974633292,0.7126192735409929,0.7046668424152559,0.7204022111072036
No detected CH,6.1301737886472685,0.7125198567896618,0.7045661236857841,0.72030412158856
No detected CH,6.132911695654257,0.7125198567896618,0.7045661236857841,0.72030412158856
No detected CH,6.135649602661245,0.7124203567398378,0.704465319255298,0.7202059511358706
No detected CH,6.138387509668234,0.7123208010723225,0.70436445785432,0.7201077264022008
No detected CH,6.141125416675223,0.712121550498596,0.7041625928052345,0.7199111406784476
No detected CH,6.1466012306892,0.7120219252117328,0.7040616614186003,0.7198128467208114
No detected CH,6.149339137696188,0.7120219252117328,0.7040616614186003,0.7198128467208114
No detected CH,6.1520770447031765,0.7120219252117328,0.7040616614186003,0.7198128467208114
No detected CH,6.154814951710165,0.7119222441358247,0.7039606728851113,0.7197144983158666
No detected CH,6.157552858717153,0.7118225072005296,0.7038596271322041,0.7196160953954921
No detected CH,6.160290765724142,0.7118225072005296,0.7038596271322041,0.7196160953954921
No detected CH,6.163028672731131,0.7118225072005296,0.7038596271322041,0.7196160953954921
No detected CH,6.165766579738119,0.7117226583427374,0.7037584659675886,0.7195175839813522
No detected CH,6.168504486745108,0.7117226583427374,0.7037584659675886,0.7195175839813522
No detected CH,6.171242393752096,0.7117226583427374,0.7037584659675886,0.7195175839813522
No detected CH,6.1739803007590845,0.7117226583427374,0.7037584659675886,0.7195175839813522
No detected CH,6.176718207766073,0.7117226583427374,0.7037584659675886,0.7195175839813522
No detected CH,6.179456114773061,0.7116226692083819,0.7036571599564778,0.7194189367775548
No detected CH,6.18219402178005,0.7115226519674531,0.7035558255370381,0.7193202617752192
No detected CH,6.187669835794027,0.7114225784580344,0.7034544334756826,0.719221531861722
No detected CH,6.190407742801016,0.7113225049486156,0.7033530421839435,0.7191228012073427
No detected CH,6.193145649808004,0.7111222452343846,0.7031501449242449,0.718925229180625
No detected CH,6.195883556814993,0.711022058950187,0.7030486388746182,0.7188263877311923
No detected CH,6.198621463821981,0.7109218726659894,0.7029471335965317,0.718727545539052
No detected CH,6.201359370828969,0.7109218726659894,0.7029471335965317,0.718727545539052
No detected CH,6.204097277835958,0.7109218726659894,0.7029471335965317,0.718727545539052
No detected CH,6.206835184842947,0.7109218726659894,0.7029471335965317,0.718727545539052
No detected CH,6.2095730918499354,0.7108215733047216,0.7028455117056724,0.7186285937444848
No detected CH,6.212310998856924,0.710620946273024,0.7026422408588673,0.7184306606665648
No detected CH,6.215048905863912,0.7104201775355545,0.7024388260045896,0.7182325881879509
No detected CH,6.220524719877889,0.7102194087980851,0.7022354142516242,0.7180345127241629
No detected CH,6.223262626884877,0.710018583290154,0.7020319466653573,0.7178363796237313
No detected CH,6.226000533891866,0.7097173450282575,0.7017267510945758,0.717539174381692
No detected CH,6.228738440898855,0.7097173450282575,0.7017267510945758,0.717539174381692
No detected CH,6.2314763479058435,0.7097173450282575,0.7017267510945758,0.717539174381692
No detected CH,6.234214254912832,0.7097173450282575,0.7017267510945758,0.717539174381692
No detected CH,6.239690068926809,0.7096168042512312,0.7016248878895646,0.7174399812263139
No detected CH,6.2451658829407855,0.7096168042512312,0.7016248878895646,0.7174399812263139
No detected CH,6.247903789947775,0.7095161351060686,0.701522892201304,0.7173406637453608
No detected CH,6.250641696954763,0.7094154373860706,0.701420867629091,0.7172413180053522
No detected CH,6.2533796039617515,0.7094154373860706,0.701420867629091,0.7172413180053522
No detected CH,6.25611751096874,0.7093147110709511,0.701318814152301,0.7171419439863553
No detected CH,6.258855417975728,0.7093147110709511,0.701318814152301,0.7171419439863553
No detected CH,6.264331231989705,0.7091131439464639,0.7011145906830124,0.7169430834729997
No detected CH,6.2670691389966935,0.7090123603842202,0.7010124801224931,0.7168436520863334
No detected CH,6.269807046003683,0.7090123603842202,0.7010124801224931,0.7168436520863334
No detected CH,6.27528286001766,0.7090123603842202,0.7010124801224931,0.7168436520863334
No detected CH,6.278020767024648,0.7090123603842202,0.7010124801224931,0.7168436520863334
No detected CH,6.286234488045613,0.7089113902389078,0.7009101766388772,0.7167440403381076
No detected CH,6.2889723950526015,0.7088103337328153,0.7008077842808217,0.7166443447038402
No detected CH,6.291710302059591,0.7088103337328153,0.7008077842808217,0.7166443447038402
No detected CH,6.294448209066579,0.7086081053922353,0.7006028821963339,0.7164448401447788
No detected CH,6.297186116073568,0.7086081053922353,0.7006028821963339,0.7164448401447788
No detected CH,6.299924023080556,0.7083045029477656,0.7002952651301624,0.7161453273963573
No detected CH,6.305399837094533,0.7082032876715513,0.7001927126791321,0.7160454743682456
No detected CH,6.308137744101521,0.7081020434560157,0.7000901309744476,0.7159455927221521
No detected CH,6.31087565110851,0.7080007847625428,0.6999875350311469,0.715845696377313
No detected CH,6.316351465122487,0.7080007847625428,0.6999875350311469,0.715845696377313
No detected CH,6.319089372129476,0.707899453606859,0.6998848646466083,0.7157457295218033
No detected CH,6.324565186143452,0.707899453606859,0.6998848646466083,0.7157457295218033
No detected CH,6.330041000157429,0.7076966751898992,0.6996794057142574,0.7155456817610995
No detected CH,6.332778907164418,0.7075952859814193,0.6995766774422982,0.7154456567317773
No detected CH,6.335516814171407,0.7074938677090986,0.6994739197900819,0.7153456029621287
No detected CH,6.340992628185384,0.7073924494367779,0.6993711629339661,0.7152455484265295
No detected CH,6.343730535192372,0.7073924494367779,0.6993711629339661,0.7152455484265295
No detected CH,6.349206349206349,0.7072910020756082,0.6992683766720196,0.7151454651261667
No detected CH,6.3546821632203265,0.7070880491338363,0.6990627460907393,0.7149452401883727
No detected CH,6.360157977234303,0.7070880491338363,0.6990627460907393,0.7149452401883727
No detected CH,6.362895884241292,0.7069865580976465,0.6989599168724788,0.7148451125502112
No detected CH,6.3683716982552685,0.7068850524898794,0.6988570733218541,0.7147449701198967
No detected CH,6.371109605262257,0.7068850524898794,0.6988570733218541,0.7147449701198967
No detected CH,6.376585419276235,0.7067835323042568,0.6987542154324698,0.7146448128912684
No detected CH,6.379323326283223,0.7067835323042568,0.6987542154324698,0.7146448128912684
No detected CH,6.382061233290211,0.7067835323042568,0.6987542154324698,0.7146448128912684
No detected CH,6.3847991402972,0.7065803752096019,0.6985483808581856,0.7144443837811266
No detected CH,6.387537047304188,0.7063772181149471,0.6983425494737605,0.7142439516018749
No detected CH,6.393012861318165,0.7063772181149471,0.6983425494737605,0.7142439516018749
No detected CH,6.395750768325153,0.7062756249583075,0.6982396198092731,0.7141437202996184
No detected CH,6.398488675332143,0.7061740318016679,0.6981366909414736,0.7140434882307996
No detected CH,6.401226582339131,0.7060724094053804,0.698033732513648,0.7139432272498494
No detected CH,6.403964489346119,0.705970787009093,0.6979307748826128,0.7138429655022309
No detected CH,6.406702396353108,0.7058691646128056,0.6978278180479555,0.7137427029883266
No detected CH,6.409440303360096,0.7056659198202306,0.6976219067661269,0.7135421756631892
No detected CH,6.414916117374073,0.7055642827872737,0.6975189371232314,0.7134418967628424
No detected CH,6.417654024381061,0.7054626457543167,0.6974159682755323,0.7133416170973006
No detected CH,6.423129838395039,0.7053609940762542,0.6973129850192117,0.7132413225687136
No detected CH,6.431343559416004,0.7053609940762542,0.6973129850192117,0.7132413225687136
No detected CH,6.434081466422993,0.7053609940762542,0.6973129850192117,0.7132413225687136
No detected CH,6.436819373429981,0.7051576027861515,0.6971069296056718,0.7130406465658526
No detected CH,6.442295187443959,0.7050559071411001,0.6970039030922229,0.7129403074161074
No detected CH,6.445033094450947,0.7048524865100727,0.6967978219915072,0.7127395985756434
No detected CH,6.4477710014579355,0.7048524865100727,0.6967978219915072,0.7127395985756434
No detected CH,6.450508908464924,0.7046490071548447,0.6965916831093865,0.7125388301423385
No detected CH,6.453246815471912,0.7046490071548447,0.6965916831093865,0.7125388301423385
No detected CH,6.455984722478901,0.7046490071548447,0.6965916831093865,0.7125388301423385
No detected CH,6.458722629485889,0.7046490071548447,0.6965916831093865,0.7125388301423385
No detected CH,6.461460536492878,0.7046490071548447,0.6965916831093865,0.7125388301423385
No detected CH,6.466936350506855,0.7045471203695418,0.6964884621470715,0.7124383031621273
No detected CH,6.4696742575138435,0.7045471203695418,0.6964884621470715,0.7124383031621273
No detected CH,6.47515007152782,0.7044452041073734,0.6963852113826885,0.7123377470374923
No detected CH,6.483363792548786,0.704343273098242,0.6962819461084615,0.7122371759475095
No detected CH,6.488839606562763,0.7040374358107482,0.6959721091351997,0.7119354154547279
No detected CH,6.4915775135697515,0.7038335147576531,0.695765524495055,0.7117342095225475
No detected CH,6.49431542057674,0.7038335147576531,0.695765524495055,0.7117342095225475
No detected CH,6.499791234590717,0.7037315394584996,0.6956622180376503,0.7116335911823272
No detected CH,6.502529141597705,0.7035275593021348,0.6954555768348066,0.7114323237412722
No detected CH,6.505267048604694,0.7034255248482839,0.695352211365755,0.7113316461478913
No detected CH,6.508004955611683,0.7034255248482839,0.695352211365755,0.7113316461478913
No detected CH,6.510742862618671,0.7034255248482839,0.695352211365755,0.7113316461478913
No detected CH,6.51348076962566,0.7032213967215143,0.6951454213517301,0.7111302316436015
No detected CH,6.516218676632648,0.7032213967215143,0.6951454213517301,0.7111302316436015
No detected CH,6.521694490646625,0.7031193178426173,0.6950420121644034,0.7110295089745308
No detected CH,6.524432397653613,0.7030172241417544,0.6949385883903506,0.7109287712669593
No detected CH,6.527170304660602,0.7028130367400287,0.6947317432400258,0.7107272935443907
No detected CH,6.529908211667591,0.7028130367400287,0.6947317432400258,0.7107272935443907
No detected CH,6.532646118674579,0.702608760316038,0.694524808877088,0.7105257270418082
No detected CH,6.535384025681568,0.7024044838920473,0.6943178777108204,0.7103241574629325
No detected CH,6.538121932688556,0.7024044838920473,0.6943178777108204,0.7103241574629325
No detected CH,6.540859839695544,0.7024044838920473,0.6943178777108204,0.7103241574629325
No detected CH,6.543597746702533,0.7022000588385282,0.6941107954603943,0.7101224417154419
No detected CH,6.546335653709521,0.7022000588385282,0.6941107954603943,0.7101224417154419
No detected CH,6.5490735607165105,0.7020978165469094,0.694007224638762,0.7100215540307745
No detected CH,6.551811467723499,0.7019955593641907,0.6939036391603403,0.7099206512394324
No detected CH,6.554549374730487,0.7017910152035368,0.693696439677217,0.7097188146602099
No detected CH,6.557287281737476,0.7017910152035368,0.693696439677217,0.7097188146602099
No detected CH,6.560025188744464,0.7017910152035368,0.693696439677217,0.7097188146602099
No detected CH,6.5627630957514524,0.7015863517403687,0.6934891195598604,0.7095168601395148
No detected CH,6.565501002758441,0.7013816882772005,0.6932818026473085,0.7093149025346759
No detected CH,6.5709768167724185,0.7011770248140323,0.6930744889362884,0.7091129418487303
No detected CH,6.573714723779407,0.7011770248140323,0.6930744889362884,0.7091129418487303
No detected CH,6.576452630786395,0.7010746781456899,0.6929708177767161,0.7090119459700263
No detected CH,6.581928444800372,0.7010746781456899,0.6929708177767161,0.7090119459700263
No detected CH,6.5846663518073605,0.7010746781456899,0.6929708177767161,0.7090119459700263
No detected CH,6.587404258814349,0.7010746781456899,0.6929708177767161,0.7090119459700263
No detected CH,6.590142165821338,0.7009722716779503,0.6928670853475942,0.7089108917466366
No detected CH,6.601093793849292,0.7008698502472551,0.692763338188597,0.7088098223459597
No detected CH,6.609307514870257,0.7005624961249424,0.6924520082795748,0.7085065230280334
No detected CH,6.612045421877246,0.7005624961249424,0.6924520082795748,0.7085065230280334
No detected CH,6.614783328884235,0.7005624961249424,0.6924520082795748,0.7085065230280334
No detected CH,6.617521235891223,0.7004599997831538,0.6923481865716755,0.7084053784177
No detected CH,6.620259142898211,0.7003575034413652,0.6922443656656936,0.7083042330356015
No detected CH,6.6229970499052,0.7003575034413652,0.6922443656656936,0.7083042330356015
No detected CH,6.628472863919177,0.7002549920971847,0.6921405299897335,0.7082030724374536
No detected CH,6.633948677933154,0.7001524807530042,0.6920366951153493,0.7081019110678516
No detected CH,6.636686584940143,0.7000499543976443,0.6919328454617799,0.7080007344738143
No detected CH,6.644900305961108,0.6997423753315645,0.6916213013068574,0.7076972000663462
No detected CH,6.647638212968096,0.6997423753315645,0.6916213013068574,0.7076972000663462
No detected CH,6.650376119975085,0.6996398339518265,0.691517439262357,0.7075960059233523
No detected CH,6.653114026982073,0.6995372925720885,0.6914135780179412,0.7074948110102758
No detected CH,6.658589840996051,0.6995372925720885,0.6914135780179412,0.7074948110102758
No detected CH,6.661327748003039,0.6995372925720885,0.6914135780179412,0.7074948110102758
No detected CH,6.6640656550100275,0.6994347211215648,0.6913096863638725,0.7073935863726307
No detected CH,6.666803562017016,0.6993321346268271,0.6912057798962223,0.7072923464788262
No detected CH,6.669541469024004,0.6992295481320894,0.6911018742288648,0.7071911058147287
No detected CH,6.672279376030993,0.6992295481320894,0.6911018742288648,0.7071911058147287
No detected CH,6.675017283037982,0.699024345036526,0.6908940340484532,0.7069885931873632
No detected CH,6.67775519004497,0.6989217434887443,0.6907901151577792,0.7068873357190735
No detected CH,6.680493097051959,0.6987165403931809,0.6905822797734753,0.706684818475155
No detected CH,6.683231004058947,0.6986139388453992,0.690478363279039,0.7065835587002745
No detected CH,6.6859689110659355,0.6986139388453992,0.690478363279039,0.7065835587002745
No detected CH,6.688706818072924,0.6986139388453992,0.690478363279039,0.7065835587002745
No detected CH,6.691444725079912,0.6986139388453992,0.690478363279039,0.7065835587002745
No detected CH,6.694182632086901,0.6986139388453992,0.690478363279039,0.7065835587002745
No detected CH,6.69692053909389,0.6986139388453992,0.690478363279039,0.7065835587002745
No detected CH,6.702396353107867,0.6985112015014514,0.6903743066521405,0.7064821673938455
No detected CH,6.705134260114855,0.6985112015014514,0.6903743066521405,0.7064821673938455
No detected CH,6.710610074128832,0.6984084490446256,0.6902702351424156,0.7063807607632299
No detected CH,6.716085888142809,0.6983056663442511,0.6901661330468589,0.7062793242387806
No detected CH,6.718823795149798,0.6982028533780638,0.6900620003428352,0.7061778577986219
No detected CH,6.721561702156786,0.6978944144795018,0.6897496070470743,0.7058734538423406
No detected CH,6.724299609163775,0.6977916015133145,0.6896454775525737,0.7057719843128986
No detected CH,6.727037516170763,0.6976887885471272,0.6895413488594422,0.7056705140120744
No detected CH,6.729775423177752,0.6976887885471272,0.6895413488594422,0.7056705140120744
No detected CH,6.73251333018474,0.6974831323087936,0.6893330624254443,0.705467541913589
No detected CH,6.737989144198717,0.6973803041896267,0.6892289204096023,0.7053660547080965
No detected CH,6.743464958212694,0.6972774760704599,0.6891247791939944,0.7052645667322692
No detected CH,6.746202865219683,0.6970718198321262,0.688916499161874,0.7050615884711018
No detected CH,6.757154493247636,0.6969689613667532,0.6888123288539456,0.70496006896228
No detected CH,6.759892400254625,0.6968661029013803,0.6887081593456004,0.7048585486837156
No detected CH,6.762630307261614,0.6968661029013803,0.6887081593456004,0.7048585486837156
No detected CH,6.7653682142686025,0.6967631988696464,0.6886039433519489,0.7047569837539084
No detected CH,6.768106121275591,0.6967631988696464,0.6886039433519489,0.7047569837539084
No detected CH,6.770844028282579,0.6967631988696464,0.6886039433519489,0.7047569837539084
No detected CH,6.773581935289568,0.6966602340109396,0.6884996650371564,0.7046553594762439
No detected CH,6.776319842296556,0.6964543042935257,0.6882911108123513,0.7044521086059626
No detected CH,6.784533563317522,0.6964543042935257,0.6882911108123513,0.7044521086059626
No detected CH,6.7872714703245105,0.6963512632661114,0.6881867558599817,0.7043504086620584
No detected CH,6.790009377331499,0.6963512632661114,0.6881867558599817,0.7043504086620584
No detected CH,6.792747284338487,0.6963512632661114,0.6881867558599817,0.7043504086620584
No detected CH,6.795485191345476,0.6962481612135106,0.6880823383823738,0.7042486491779896
No detected CH,6.798223098352464,0.6961450286166785,0.6879778900119874,0.7041468595057837
No detected CH,6.8009610053594525,0.6961450286166785,0.6879778900119874,0.7041468595057837
No detected CH,6.803698912366442,0.6960418807386793,0.6878734265886147,0.7040450543430764
No detected CH,6.8091747263804185,0.6959387175727184,0.687768948105354,0.7039432336831819
No detected CH,6.811912633387407,0.6959387175727184,0.687768948105354,0.7039432336831819
No detected CH,6.814650540394395,0.6957323606512736,0.6875599618104808,0.703739560580518
No detected CH,6.817388447401384,0.6957323606512736,0.6875599618104808,0.703739560580518
No detected CH,6.820126354408372,0.6956291668867155,0.6874554539893825,0.7036377081290692
No detected CH,6.8228642614153605,0.6955259424963183,0.6873509151921462,0.703535825409654
No detected CH,6.82560216842235,0.6955259424963183,0.6873509151921462,0.703535825409654
No detected CH,6.833815889443315,0.6955259424963183,0.6873509151921462,0.703535825409654
No detected CH,6.836553796450303,0.6954226874573491,0.6872463453956599,0.7034339123999357
No detected CH,6.839291703457292,0.6952161773794108,0.6870372082203998,0.7032300840531944
No detected CH,6.84202961046428,0.6952161773794108,0.6870372082203998,0.7032300840531944
No detected CH,6.8447675174712685,0.6951128916599962,0.686932609003673,0.7031281391706794
No detected CH,6.847505424478258,0.6950095905912401,0.6868279946647213,0.7030261787305725
No detected CH,6.858457052506211,0.6950095905912401,0.6868279946647213,0.7030261787305725
No detected CH,6.8611949595132,0.6948029577413543,0.6866187365344241,0.702822225945857
No detected CH,6.863932866520188,0.6946996259510894,0.6865140927335334,0.7027202335925065
No detected CH,6.869408680534166,0.6945962941608245,0.6864094497382798,0.7026182404636044
No detected CH,6.872146587541154,0.6944929469960929,0.6863047915947513,0.702516231752879
No detected CH,6.874884494548143,0.6944929469960929,0.6863047915947513,0.702516231752879
No detected CH,6.877622401555131,0.6943895690641196,0.6862001023305508,0.7024141926359531
No detected CH,6.883098215569108,0.6943895690641196,0.6862001023305508,0.7024141926359531
No detected CH,6.885836122576096,0.6943895690641196,0.6862001023305508,0.7024141926359531
No detected CH,6.8885740295830855,0.6941827208159623,0.6859906303566948,0.7022100231020527
No detected CH,6.891311936590074,0.6941827208159623,0.6859906303566948,0.7022100231020527
No detected CH,6.894049843597062,0.694079265865021,0.6858858635918851,0.7021079074819799
No detected CH,6.896787750604051,0.694079265865021,0.6858858635918851,0.7021079074819799
No detected CH,6.899525657611039,0.694079265865021,0.6858858635918851,0.7021079074819799
No detected CH,6.9022635646180275,0.694079265865021,0.6858858635918851,0.7021079074819799
No detected CH,6.905001471625016,0.6939757183093198,0.6857810015400271,0.7020057019020619
No detected CH,6.907739378632004,0.6937685613784812,0.6855712157158461,0.7018012288696056
No detected CH,6.9104772856389935,0.6935614044476426,0.6853614331308459,0.7015967527191044
No detected CH,6.913215192645982,0.693354247516804,0.6851516537817917,0.7013922734535603
No detected CH,6.91595309965297,0.6932506380954775,0.6850467331986241,0.7012900028404263
No detected CH,6.918691006659959,0.693147028674151,0.6849418134242106,0.7011877314487348
No detected CH,6.921428913666947,0.693147028674151,0.6849418134242106,0.7011877314487348
No detected CH,6.9241668206739355,0.6930434037633012,0.6848368783857868,0.701085444360956
No detected CH,6.929642634687912,0.6930434037633012,0.6848368783857868,0.701085444360956
No detected CH,6.932380541694902,0.6930434037633012,0.6848368783857868,0.701085444360956
No detected CH,6.93511844870189,0.6928360919464411,0.6846269464069712,0.7008808081426968
No detected CH,6.937856355708878,0.6926287491088094,0.6844169854754946,0.7006761389338308
No detected CH,6.940594262715867,0.6926287491088094,0.6844169854754946,0.7006761389338308
No detected CH,6.943332169722855,0.6926287491088094,0.6844169854754946,0.7006761389338308
No detected CH,6.948807983736832,0.6926287491088094,0.6844169854754946,0.7006761389338308
No detected CH,6.95154589074382,0.6925250311170292,0.6843119578980565,0.7005737583067726
No detected CH,6.957021704757798,0.692421250953517,0.6842068666193977,0.7004713170227743
No detected CH,6.962497518771775,0.692421250953517,0.6842068666193977,0.7004713170227743
No detected CH,6.97071123979274,0.692317439671515,0.6841017438621951,0.7003688449881489
No detected CH,6.976187053806718,0.692317439671515,0.6841017438621951,0.7003688449881489
No detected CH,6.978924960813706,0.6920059124000264,0.6837862835196221,0.7000613342187431
No detected CH,6.9816628678206945,0.6919020543912616,0.6836811155241403,0.6999588140564076
No detected CH,6.984400774827683,0.6919020543912616,0.6836811155241403,0.6999588140564076
No detected CH,6.992614495848648,0.6919020543912616,0.6836811155241403,0.6999588140564076
No detected CH,6.995352402855637,0.6919020543912616,0.6836811155241403,0.6999588140564076
No detected CH,6.998090309862626,0.6917981183758807,0.6835758673989467,0.6998562179846526
No detected CH,7.000828216869614,0.6917981183758807,0.6835758673989467,0.6998562179846526
No detected CH,7.0035661238766025,0.6916941354932148,0.6834705714559959,0.6997535759927097
No detected CH,7.006304030883591,0.6915901526105489,0.6833652763275522,0.6996509332167155
No detected CH,7.009041937890579,0.6915901526105489,0.6833652763275522,0.6996509332167155
No detected CH,7.011779844897568,0.6914861384501323,0.6832599495584555,0.6995482595337862
No detected CH,7.014517751904556,0.6914861384501323,0.6832599495584555,0.6995482595337862
No detected CH,7.017255658911545,0.6913820929884334,0.6831545911247809,0.6994455549208014
No detected CH,7.022731472925522,0.691278016201893,0.6830492010025758,0.6993428193546136
No detected CH,7.0254693799325105,0.6911739237434978,0.6829437954345522,0.6992400679097796
No detected CH,7.028207286939499,0.6910698156061664,0.6828383744135244,0.6991373005793244
No detected CH,7.030945193946487,0.6909656760920606,0.682732921651039,0.6990345022447556
No detected CH,7.036421007960464,0.6908615051775284,0.682627437123049,0.6989316728828344
No detected CH,7.039158914967453,0.6908615051775284,0.682627437123049,0.6989316728828344
No detected CH,7.04463472898143,0.6906530376141073,0.6824163400528066,0.6987258907060474
No detected CH,7.052848450002395,0.6906530376141073,0.6824163400528066,0.6987258907060474
No detected CH,7.061062171023361,0.6905487566179404,0.6823107437535846,0.6986229529649196
No detected CH,7.06380007803035,0.690340163125532,0.6820995209276837,0.6984170447794411
No detected CH,7.069275892044327,0.6901315696331237,0.681888301378498,0.6982111334398883
No detected CH,7.072013799051315,0.6901315696331237,0.681888301378498,0.6982111334398883
No detected CH,7.074751706058303,0.6901315696331237,0.681888301378498,0.6982111334398883
No detected CH,7.077489613065292,0.6901315696331237,0.681888301378498,0.6982111334398883
No detected CH,7.0829654270792695,0.6901315696331237,0.681888301378498,0.6982111334398883
No detected CH,7.085703334086258,0.6901315696331237,0.681888301378498,0.6982111334398883
No detected CH,7.088441241093246,0.6900271624365075,0.681782578224859,0.6981080702152226
No detected CH,7.091179148100235,0.6899227394397708,0.6816768394977013,0.698004990983301
No detected CH,7.093917055107223,0.6899227394397708,0.6816768394977013,0.698004990983301
No detected CH,7.096654962114211,0.6899227394397708,0.6816768394977013,0.698004990983301
No detected CH,7.0993928691212,0.6898182848236557,0.6815710687822989,0.6979018805090195
No detected CH,7.102130776128189,0.6897138143882743,0.6814652824742259,0.6977987540083691
No detected CH,7.1048686831351775,0.6897138143882743,0.6814652824742259,0.6977987540083691
No detected CH,7.107606590142166,0.6897138143882743,0.6814652824742259,0.6977987540083691
No detected CH,7.110344497149154,0.6896092806182852,0.6813594312689482,0.6976955657212188
No detected CH,7.113082404156143,0.6895047310002412,0.6812535644426121,0.6975923613785798
No detected CH,7.115820311163131,0.6895047310002412,0.6812535644426121,0.6975923613785798
No detected CH,7.1185582181701195,0.6894001496668574,0.6811476655304636,0.6974891256992992
No detected CH,7.1267719391910855,0.6894001496668574,0.6811476655304636,0.6974891256992992
No detected CH,7.129509846198074,0.6894001496668574,0.6811476655304636,0.6974891256992992
No detected CH,7.132247753205062,0.6894001496668574,0.6811476655304636,0.6974891256992992
No detected CH,7.134985660212051,0.6894001496668574,0.6811476655304636,0.6974891256992992
No detected CH,7.137723567219039,0.6892954571612132,0.68104165208131,0.6973857821638989
No detected CH,7.1404614742260275,0.689190764655569,0.680935639459849,0.6972824378319107
No detected CH,7.145937288240005,0.6890860562440444,0.6808296111603096,0.6971790773859423
No detected CH,7.148675195246994,0.6889813160014172,0.6807235506573819,0.6970756854894835
No detected CH,7.151413102253982,0.6889813160014172,0.6807235506573819,0.6970756854894835
No detected CH,7.15415100926097,0.6889813160014172,0.6807235506573819,0.6970756854894835
No detected CH,7.156888916267959,0.6889813160014172,0.6807235506573819,0.6970756854894835
No detected CH,7.159626823274947,0.6889813160014172,0.6807235506573819,0.6970756854894835
No detected CH,7.1623647302819355,0.6888764641803852,0.6806173751963519,0.6969721853456192
No detected CH,7.17331635830989,0.6887715963977424,0.6805111840026358,0.6968686690310812
No detected CH,7.176054265316878,0.6887715963977424,0.6805111840026358,0.6968686690310812
No detected CH,7.178792172323867,0.6886666966724305,0.6804049604923481,0.6967651211562125
No detected CH,7.181530079330855,0.6885617809660515,0.6802987212299123,0.6966615570912463
No detected CH,7.184267986337844,0.6885617809660515,0.6802987212299123,0.6966615570912463
No detected CH,7.187005893344832,0.6884568492712989,0.6801924662079157,0.6965579768289852
No detected CH,7.197957521372786,0.6883519015808612,0.6800861954189409,0.6964543803622258
No detected CH,7.200695428379775,0.6882469378874211,0.6799799088555647,0.6963507676837597
No detected CH,7.203433335386763,0.6882469378874211,0.6799799088555647,0.6963507676837597
No detected CH,7.208909149400741,0.6881419581836554,0.6798736065103583,0.6962471387863718
No detected CH,7.211647056407729,0.6880369784798898,0.6797673049974813,0.6961435090879691
No detected CH,7.217122870421706,0.6880369784798898,0.6797673049974813,0.6961435090879691
No detected CH,7.225336591442671,0.6880369784798898,0.6797673049974813,0.6961435090879691
No detected CH,7.230812405456649,0.6880369784798898,0.6797673049974813,0.6961435090879691
No detected CH,7.233550312463637,0.6879319186267091,0.6796609211448479,0.6960398014046862
No detected CH,7.236288219470626,0.6879319186267091,0.6796609211448479,0.6960398014046862
No detected CH,7.239026126477614,0.6879319186267091,0.6796609211448479,0.6960398014046862
No detected CH,7.2417640334846025,0.6879319186267091,0.6796609211448479,0.6960398014046862
No detected CH,7.244501940491591,0.6879319186267091,0.6796609211448479,0.6960398014046862
No detected CH,7.247239847498579,0.6879319186267091,0.6796609211448479,0.6960398014046862
No detected CH,7.252715661512557,0.6878267141736388,0.6795543880678531,0.6959359536742016
No detected CH,7.255453568519545,0.6878267141736388,0.6795543880678531,0.6959359536742016
No detected CH,7.258191475526534,0.6877214936268783,0.6794478391275235,0.6958320896398218
No detected CH,7.260929382533522,0.6876162730801177,0.6793412910255942,0.6957282247986889
No detected CH,7.2636672895405106,0.6876162730801177,0.6793412910255942,0.6957282247986889
No detected CH,7.266405196547499,0.6876162730801177,0.6793412910255942,0.6957282247986889
No detected CH,7.271881010561476,0.6875109880895987,0.6792346768838361,0.695624297095504
No detected CH,7.274618917568465,0.6874057030990796,0.6791280635817155,0.6955203685843895
No detected CH,7.277356824575453,0.6874057030990796,0.6791280635817155,0.6955203685843895
No detected CH,7.280094731582442,0.6874057030990796,0.6791280635817155,0.6955203685843895
No detected CH,7.28283263858943,0.6873003374180404,0.6790213673797807,0.6954163615661734
No detected CH,7.285570545596419,0.6873003374180404,0.6790213673797807,0.6954163615661734
No detected CH,7.288308452603407,0.687089509093679,0.678807876873906,0.6952082517334397
No detected CH,7.291046359610395,0.6869840787562396,0.6787011160978437,0.6951041800259122
No detected CH,7.296522173624373,0.6868786322360928,0.6785943393698295,0.6950000919252268
No detected CH,7.2992600806313614,0.6868786322360928,0.6785943393698295,0.6950000919252268
No detected CH,7.307473801652327,0.6867731695257847,0.6784875466823023,0.6948959874240394
No detected CH,7.315687522673293,0.6867731695257847,0.6784875466823023,0.6948959874240394
No detected CH,7.318425429680281,0.6866676582076827,0.6783807043928187,0.6947918353064657
No detected CH,7.3211633366872695,0.6866676582076827,0.6783807043928187,0.6947918353064657
No detected CH,7.323901243694258,0.6866676582076827,0.6783807043928187,0.6947918353064657
No detected CH,7.326639150701246,0.6866676582076827,0.6783807043928187,0.6947918353064657
No detected CH,7.3348528717222115,0.6865620170294969,0.6782737281762874,0.6946875573351552
No detected CH,7.337590778729201,0.6863507346731254,0.6780597782848553,0.6944789989471917
No detected CH,7.340328685736189,0.6862450934949396,0.6779528046091046,0.6943747185313273
No detected CH,7.3430665927431775,0.6862450934949396,0.6779528046091046,0.6943747185313273
No detected CH,7.345804499750166,0.6861394360517532,0.6778458148996199,0.6942704216396526
No detected CH,7.351280313764143,0.6860337460585229,0.6777387922559145,0.6941660925910079
No detected CH,7.354018220771131,0.6860337460585229,0.6777387922559145,0.6941660925910079
No detected CH,7.3567561277781195,0.6859280397802395,0.6776317535584199,0.6940617470465318
No detected CH,7.359494034785109,0.6858223335019562,0.6775247157078388,0.6939574006871873
No detected CH,7.362231941792097,0.6858223335019562,0.6775247157078388,0.6939574006871873
No detected CH,7.364969848799086,0.6856108883552006,0.677310608724758,0.6937486741429907
No detected CH,7.367707755806074,0.6856108883552006,0.677310608724758,0.6937486741429907
No detected CH,7.370445662813062,0.6856108883552006,0.677310608724758,0.6937486741429907
No detected CH,7.373183569820051,0.6855051331664985,0.67720352265553,0.69364427824285
No detected CH,7.381397290841017,0.6853993453373062,0.6770964035597274,0.6935398500972337
No detected CH,7.395086825875959,0.6853993453373062,0.6770964035597274,0.6935398500972337
No detected CH,7.397824732882947,0.6853993453373062,0.6770964035597274,0.6935398500972337
No detected CH,7.400562639889936,0.6853993453373062,0.6770964035597274,0.6935398500972337
No detected CH,7.403300546896925,0.6852934430898807,0.6769891665687581,0.6934353109613784
No detected CH,7.406038453903913,0.6851875081009968,0.676881896448865,0.6933307394805689
No detected CH,7.408776360910902,0.685081556731258,0.6767746101800098,0.6932261514076766
No detected CH,7.41151426791789,0.685081556731258,0.6767746101800098,0.6932261514076766
No detected CH,7.414252174924878,0.685081556731258,0.6767746101800098,0.6932261514076766
No detected CH,7.416990081931867,0.685081556731258,0.6767746101800098,0.6932261514076766
No detected CH,7.419727988938855,0.685081556731258,0.6767746101800098,0.6932261514076766
No detected CH,7.427941709959821,0.6849755233685075,0.6766672396680157,0.6931214835661011
No detected CH,7.433417523973798,0.6848694735893824,0.6765598529721777,0.6930167990963814
No detected CH,7.4361554309807865,0.6847634238102575,0.6764524671301484,0.692912113805241
No detected CH,7.438893337987775,0.6846573411729514,0.6763450480404396,0.6928073960545407
No detected CH,7.4443691520017525,0.6846573411729514,0.6763450480404396,0.6928073960545407
No detected CH,7.447107059008741,0.6845512256520008,0.6762375956771584,0.6927026458192667
No detected CH,7.449844966015729,0.6845512256520008,0.6762375956771584,0.6927026458192667
No detected CH,7.452582873022718,0.6845512256520008,0.6762375956771584,0.6927026458192667
No detected CH,7.455320780029706,0.6844450278199108,0.6761300587424312,0.6925978155073711
No detected CH,7.4580586870366945,0.6843388135077103,0.6760225055606565,0.692492968503191
No detected CH,7.460796594043683,0.6842325662148199,0.6759149190067545,0.6923880889189882
No detected CH,7.463534501050671,0.6841263024213403,0.6758073161853249,0.6922831926220522
No detected CH,7.466272408057661,0.6840200221195816,0.6756996970885694,0.692178279604804
No detected CH,7.469010315064649,0.6840200221195816,0.6756996970885694,0.692178279604804
No detected CH,7.471748222071637,0.6839136922544923,0.675592027410276,0.6920733180400226
No detected CH,7.474486129078626,0.6839136922544923,0.675592027410276,0.6920733180400226
No detected CH,7.477224036085614,0.6839136922544923,0.675592027410276,0.6920733180400226
No detected CH,7.4799619430926025,0.683807312772107,0.6754843070950708,0.691968307875171
No detected CH,7.485437757106579,0.6837009332897218,0.6753765876401272,0.6918632968827609
No detected CH,7.490913571120557,0.6835945372527953,0.6752688518638089,0.6917582691236436
No detected CH,7.493651478127545,0.6835945372527953,0.6752688518638089,0.6917582691236436
No detected CH,7.496389385134534,0.6835945372527953,0.6752688518638089,0.6917582691236436
No detected CH,7.499127292141522,0.6834880583529116,0.6751610309468106,0.6916531607535349
No detected CH,7.504603106155499,0.6833815628623612,0.6750531936729597,0.6915480355800434
No detected CH,7.510078920169477,0.6832750341697872,0.6749453228018435,0.6914428776091649
No detected CH,7.515554734183453,0.6832750341697872,0.6749453228018435,0.6914428776091649
No detected CH,7.518292641190442,0.6832750341697872,0.6749453228018435,0.6914428776091649
No detected CH,7.523768455204419,0.6831684556275676,0.6748374010555813,0.6913376708118352
No detected CH,7.526506362211407,0.6830618770853479,0.6747294801734979,0.6912324631832207
No detected CH,7.529244269218396,0.6830618770853479,0.6747294801734979,0.6912324631832207
No detected CH,7.531982176225385,0.6829552153306501,0.6746214737897426,0.6911271746055642
No detected CH,7.5374579902393615,0.6829552153306501,0.6746214737897426,0.6911271746055642
No detected CH,7.542933804253338,0.6829552153306501,0.6746214737897426,0.6911271746055642
No detected CH,7.545671711260327,0.6829552153306501,0.6746214737897426,0.6911271746055642
No detected CH,7.548409618267315,0.6829552153306501,0.6746214737897426,0.6911271746055642
No detected CH,7.551147525274304,0.6827415915535682,0.67440515196708,0.690916305857329
No detected CH,7.556623339288281,0.6827415915535682,0.67440515196708,0.690916305857329
No detected CH,7.5593612462952695,0.6826347295107518,0.6742969403032054,0.6908108219416302
No detected CH,7.562099153302258,0.6826347295107518,0.6742969403032054,0.6908108219416302
No detected CH,7.564837060309246,0.6825278340003367,0.6741886947725162,0.6907053049671994
No detected CH,7.567574967316235,0.6825278340003367,0.6741886947725162,0.6907053049671994
No detected CH,7.570312874323223,0.6824209049961066,0.6740804153483517,0.6905997549082846
No detected CH,7.575788688337201,0.6824209049961066,0.6740804153483517,0.6905997549082846
No detected CH,7.5812645023511775,0.6824209049961066,0.6740804153483517,0.6905997549082846
No detected CH,7.586740316365154,0.6823138585796367,0.673972014924158,0.690494090975329
No detected CH,7.589478223372143,0.6823138585796367,0.673972014924158,0.690494090975329
No detected CH,7.592216130379131,0.6823138585796367,0.673972014924158,0.690494090975329
No detected CH,7.59495403738612,0.6822067617567549,0.6738635630533432,0.6903883776740661
No detected CH,7.600429851400097,0.6820996649338732,0.6737551120598259,0.6902826635291055
No detected CH,7.603167758407086,0.6820996649338732,0.6737551120598259,0.6902826635291055
No detected CH,7.605905665414074,0.6819925176412351,0.6736466095547775,0.6901768999540818
No detected CH,7.608643572421062,0.6819925176412351,0.6736466095547775,0.6901768999540818
No detected CH,7.611381479428051,0.6818853366703659,0.6735380729690388,0.6900711031131312
No detected CH,7.614119386435039,0.681778138849792,0.6734295197716849,0.6899652892061566
No detected CH,7.616857293442028,0.681778138849792,0.6734295197716849,0.6899652892061566
No detected CH,7.627808921469982,0.681778138849792,0.6734295197716849,0.6899652892061566
No detected CH,7.63054682847697,0.6816708398037029,0.6733208623773129,0.6898593770073475
No detected CH,7.6387605494979365,0.6815635407576138,0.6732122058647173,0.6897534639605897
No detected CH,7.641498456504925,0.6815635407576138,0.6732122058647173,0.6897534639605897
No detected CH,7.644236363511913,0.6814562079165496,0.6731035151527711,0.6896475175331744
No detected CH,7.646974270518902,0.6814562079165496,0.6731035151527711,0.6896475175331744
No detected CH,7.64971217752589,0.6814562079165496,0.6731035151527711,0.6896475175331744
No detected CH,7.655187991539867,0.6814562079165496,0.6731035151527711,0.6896475175331744
No detected CH,7.657925898546856,0.6813488243350941,0.6729947726516822,0.6895415214121361
No detected CH,7.6606638055538445,0.6813488243350941,0.6729947726516822,0.6895415214121361
No detected CH,7.666139619567821,0.6813488243350941,0.6729947726516822,0.6895415214121361
No detected CH,7.66887752657481,0.6813488243350941,0.6729947726516822,0.6895415214121361
No detected CH,7.671615433581798,0.6812413391127665,0.672885925522979,0.6894354265990675
No detected CH,7.6743533405887865,0.6812413391127665,0.672885925522979,0.6894354265990675
No detected CH,7.677091247595775,0.6812413391127665,0.672885925522979,0.6894354265990675
No detected CH,7.679829154602764,0.6812413391127665,0.672885925522979,0.6894354265990675
No detected CH,7.682567061609753,0.6812413391127665,0.672885925522979,0.6894354265990675
No detected CH,7.685304968616741,0.68102613098163,0.6726679871818133,0.6892230056179259
No detected CH,7.688042875623729,0.68102613098163,0.6726679871818133,0.6892230056179259
No detected CH,7.690780782630718,0.68102613098163,0.6726679871818133,0.6892230056179259
No detected CH,7.693518689637706,0.68102613098163,0.6726679871818133,0.6892230056179259
No detected CH,7.6962565966446945,0.68102613098163,0.6726679871818133,0.6892230056179259
No detected CH,7.698994503651683,0.68102613098163,0.6726679871818133,0.6892230056179259
No detected CH,7.701732410658672,0.6809183395712183,0.6725588248510894,0.6891166135163932
No detected CH,7.704470317665661,0.6808105481608066,0.6724496634154173,0.6890102205543606
No detected CH,7.709946131679637,0.6808105481608066,0.6724496634154173,0.6890102205543606
No detected CH,7.712684038686626,0.6808105481608066,0.6724496634154173,0.6890102205543606
No detected CH,7.720897759707591,0.6808105481608066,0.6724496634154173,0.6890102205543606
No detected CH,7.72363566671458,0.6808105481608066,0.6724496634154173,0.6890102205543606
No detected CH,7.726373573721569,0.6808105481608066,0.6724496634154173,0.6890102205543606
No detected CH,7.729111480728557,0.6808105481608066,0.6724496634154173,0.6890102205543606
No detected CH,7.731849387735545,0.6808105481608066,0.6724496634154173,0.6890102205543606
No detected CH,7.737325201749522,0.6807025515636999,0.6723402898435862,0.688903629243816
No detected CH,7.740063108756511,0.6805945206874002,0.6722308815816395,0.6887970040754826
No detected CH,7.7428010157635,0.6804864726606201,0.6721214564145555,0.6886903615340407
No detected CH,7.748276829777477,0.6804864726606201,0.6721214564145555,0.6886903615340407
No detected CH,7.7537526437914535,0.6804864726606201,0.6721214564145555,0.6886903615340407
No detected CH,7.756490550798442,0.6803783731415318,0.6720119786861163,0.6885836685676271
No detected CH,7.75922845780543,0.6803783731415318,0.6720119786861163,0.6885836685676271
No detected CH,7.764704271819408,0.680270239261503,0.6719024661844176,0.6884769416631367
No detected CH,7.767442178826396,0.6801620881900783,0.6717929367370108,0.6883701973443598
No detected CH,7.770180085833385,0.6801620881900783,0.6717929367370108,0.6883701973443598
No detected CH,7.772917992840373,0.6800539027139864,0.6716833724718011,0.6882634190446232
No detected CH,7.7756558998473615,0.6800539027139864,0.6716833724718011,0.6882634190446232
No detected CH,7.77839380685435,0.6799457000246126,0.671573791238996,0.6881566233087456
No detected CH,7.783869620868327,0.6799457000246126,0.671573791238996,0.6881566233087456
No detected CH,7.786607527875316,0.6799457000246126,0.671573791238996,0.6881566233087456
No detected CH,7.789345434882304,0.6799457000246126,0.671573791238996,0.6881566233087456
No detected CH,7.792083341889293,0.6799457000246126,0.671573791238996,0.6881566233087456
No detected CH,7.7975591559032695,0.6797290533143929,0.6713543809166127,0.6879427969646806
No detected CH,7.800297062910258,0.6797290533143929,0.6713543809166127,0.6879427969646806
No detected CH,7.803034969917246,0.6795123720732981,0.6711349383727222,0.6877289338967667
No detected CH,7.805772876924235,0.6795123720732981,0.6711349383727222,0.6877289338967667
No detected CH,7.811248690938212,0.6795123720732981,0.6711349383727222,0.6877289338967667
No detected CH,7.813986597945201,0.6795123720732981,0.6711349383727222,0.6877289338967667
No detected CH,7.816724504952189,0.6794039796068643,0.6710251646308443,0.6876219511569988
No detected CH,7.819462411959178,0.6794039796068643,0.6710251646308443,0.6876219511569988
No detected CH,7.822200318966166,0.6792955525434096,0.6709153558755203,0.6875149342473559
No detected CH,7.830414039987132,0.6791871081703982,0.6708055300571368,0.6874078998046792
No detected CH,7.83315194699412,0.6791871081703982,0.6708055300571368,0.6874078998046792
No detected CH,7.835889854001109,0.679078629156156,0.6706956691802713,0.6873008311487714
No detected CH,7.838627761008097,0.679078629156156,0.6706956691802713,0.6873008311487714
No detected CH,7.841365668015086,0.679078629156156,0.6706956691802713,0.6873008311487714
No detected CH,7.849579389036052,0.679078629156156,0.6706956691802713,0.6873008311487714
No detected CH,7.8550552030500285,0.6789700807819303,0.670585737196191,0.6871936948662903
No detected CH,7.857793110057017,0.6788615324077046,0.6704758061243606,0.6870865577069845
No detected CH,7.860531017064005,0.6786444356592533,0.6702559467155762,0.686872280759636
No detected CH,7.863268924070994,0.6786444356592533,0.6702559467155762,0.686872280759636
No detected CH,7.86874473808497,0.6786444356592533,0.6702559467155762,0.686872280759636
No detected CH,7.87148264509196,0.6786444356592533,0.6702559467155762,0.686872280759636
No detected CH,7.8769584591059365,0.6785358004046256,0.6701459281696507,0.6867650573583006
No detected CH,7.879696366112925,0.6784271477544407,0.6700358924750176,0.6866578163377239
No detected CH,7.882434273119913,0.6784271477544407,0.6700358924750176,0.6866578163377239
No detected CH,7.8906479941408785,0.6783184777003394,0.6699258396232007,0.6865505576896669
No detected CH,7.893385901147868,0.6783184777003394,0.6699258396232007,0.6865505576896669
No detected CH,7.896123808154856,0.6783184777003394,0.6699258396232007,0.6865505576896669
No detected CH,7.8988617151618445,0.6783184777003394,0.6699258396232007,0.6865505576896669
No detected CH,7.901599622168833,0.6782097379636128,0.6698157153323744,0.6864432311016209
No detected CH,7.904337529175821,0.6781009807894686,0.6697055738513343,0.6863358868522025
No detected CH,7.90707543618281,0.6781009807894686,0.6697055738513343,0.6863358868522025
No detected CH,7.9125512501967865,0.6781009807894686,0.6697055738513343,0.6863358868522025
No detected CH,7.915289157203776,0.6781009807894686,0.6697055738513343,0.6863358868522025
No detected CH,7.920764971217753,0.6781009807894686,0.6697055738513343,0.6863358868522025
No detected CH,7.926240785231729,0.6777741851360761,0.6693746106832902,0.6860133444106566
No detected CH,7.928978692238718,0.6777741851360761,0.6693746106832902,0.6860133444106566
No detected CH,7.931716599245706,0.6776652357412625,0.6692642732860674,0.6859058116432698
No detected CH,7.9344545062526946,0.6775562688276524,0.6691539186183172,0.6857982611322578
No detected CH,7.937192413259684,0.6775562688276524,0.6691539186183172,0.6857982611322578
No detected CH,7.939930320266672,0.6775562688276524,0.6691539186183172,0.6857982611322578
No detected CH,7.942668227273661,0.6775562688276524,0.6691539186183172,0.6857982611322578
No detected CH,7.945406134280649,0.6774471966658965,0.6690434555840605,0.685690608452961
No detected CH,7.948144041287637,0.6773381245041405,0.668932993473294,0.6855829548861507
No detected CH,7.953619855301614,0.6773381245041405,0.668932993473294,0.6855829548861507
No detected CH,7.9563577623086035,0.6771197692093294,0.6687118529519712,0.6853674420687349
No detected CH,7.959095669315592,0.6771197692093294,0.6687118529519712,0.6853674420687349
No detected CH,7.96183357632258,0.6771197692093294,0.6687118529519712,0.6853674420687349
No detected CH,7.964571483329569,0.6770104328991067,0.6686011193193355,0.685259531648352
No detected CH,7.9700472973435454,0.676901096588884,0.6684903866173332,0.6851516203336956
No detected CH,7.972785204350534,0.67679168959089,0.6683795814389984,0.6850436401061611
No detected CH,7.975523111357522,0.67679168959089,0.6683795814389984,0.6850436401061611
No detected CH,7.9809989253715,0.67679168959089,0.6683795814389984,0.6850436401061611
No detected CH,7.983736832378488,0.67679168959089,0.6683795814389984,0.6850436401061611
No detected CH,7.986474739385477,0.6766821763725096,0.6682686668840243,0.6849355567757235
No detected CH,7.989212646392465,0.6764631144831045,0.6680468037622687,0.6847193533060759
No detected CH,8.000164274420419,0.6764631144831045,0.6680468037622687,0.6847193533060759
No detected CH,8.002902181427407,0.6764631144831045,0.6680468037622687,0.6847193533060759
No detected CH,8.008377995441384,0.6764631144831045,0.6680468037622687,0.6847193533060759
No detected CH,8.011115902448374,0.6763534770253277,0.6679357629892907,0.6846111477367035
No detected CH,8.013853809455362,0.6761340598389448,0.6677135365061184,0.6843945970030827
No detected CH,8.01659171646235,0.6761340598389448,0.6677135365061184,0.6843945970030827
No detected CH,8.01932962346934,0.6760243334416973,0.6676024061840892,0.684286303151252
No detected CH,8.022067530476328,0.6759146070444498,0.667491276801779,0.6841780083965203
No detected CH,8.024805437483316,0.6759146070444498,0.667491276801779,0.6841780083965203
No detected CH,8.027543344490304,0.6759146070444498,0.667491276801779,0.6841780083965203
No detected CH,8.030281251497293,0.6759146070444498,0.667491276801779,0.6841780083965203
No detected CH,8.033019158504281,0.6758047558162612,0.6673800187169268,0.6840695926309669
No detected CH,8.03575706551127,0.675694868864096,0.6672687244735285,0.6839611415877226
No detected CH,8.038494972518258,0.675694868864096,0.6672687244735285,0.6839611415877226
No detected CH,8.041232879525246,0.675694868864096,0.6672687244735285,0.6839611415877226
No detected CH,8.043970786532235,0.675694868864096,0.6672687244735285,0.6839611415877226
No detected CH,8.046708693539223,0.675694868864096,0.6672687244735285,0.6839611415877226
No detected CH,8.0521845075532,0.6755848387600635,0.6671572824975527,0.6838525519089469
No detected CH,8.05492241456019,0.6755848387600635,0.6671572824975527,0.6838525519089469
No detected CH,8.057660321567178,0.6755848387600635,0.6671572824975527,0.6838525519089469
No detected CH,8.065874042588144,0.6755848387600635,0.6671572824975527,0.6838525519089469
No detected CH,8.068611949595132,0.6755848387600635,0.6671572824975527,0.6838525519089469
No detected CH,8.074087763609109,0.6755848387600635,0.6671572824975527,0.6838525519089469
No detected CH,8.076825670616097,0.6754746830713695,0.6670457110323903,0.6837438404981643
No detected CH,8.079563577623086,0.6753644914428097,0.6669341031898696,0.6836350935969719
No detected CH,8.082301484630074,0.6752542818325874,0.6668224776233402,0.683526328481228
No detected CH,8.085039391637062,0.6752542818325874,0.6668224776233402,0.683526328481228
No detected CH,8.08777729864405,0.6752542818325874,0.6668224776233402,0.683526328481228
No detected CH,8.093253112658028,0.6752542818325874,0.6668224776233402,0.683526328481228
No detected CH,8.095991019665018,0.6752542818325874,0.6668224776233402,0.683526328481228
No detected CH,8.098728926672006,0.6750336104986552,0.6665989674865463,0.6833085529601863
No detected CH,8.101466833678995,0.6750336104986552,0.6665989674865463,0.6833085529601863
No detected CH,8.104204740685983,0.6750336104986552,0.6665989674865463,0.6833085529601863
No detected CH,8.10968055469996,0.674923202646104,0.6664871388734881,0.6831995943784538
No detected CH,8.112418461706948,0.674923202646104,0.6664871388734881,0.6831995943784538
No detected CH,8.115156368713937,0.6748127767294406,0.6663752924554762,0.6830906174984395
No detected CH,8.117894275720925,0.6748127767294406,0.6663752924554762,0.6830906174984395
No detected CH,8.123370089734902,0.6747022603886726,0.6662633530702134,0.6829815527110336
No detected CH,8.12610799674189,0.6745917440479047,0.666151414646242,0.6828724870003056
No detected CH,8.128845903748878,0.6744812095986096,0.6660394583732806,0.6827634029465912
No detected CH,8.139797531776834,0.6743706026439361,0.6659274277475304,0.6826542482213764
No detected CH,8.148011252797799,0.6743706026439361,0.6659274277475304,0.6826542482213764
No detected CH,8.150749159804787,0.6740386184286535,0.665591171970793,0.6823266213551407
No detected CH,8.153487066811776,0.6740386184286535,0.665591171970793,0.6823266213551407
No detected CH,8.156224973818764,0.6739279388525569,0.6654790697645762,0.6822173930682932
No detected CH,8.158962880825753,0.6738172410965035,0.6653669496379438,0.6821081463671258
No detected CH,8.161700787832741,0.6738172410965035,0.6653669496379438,0.6821081463671258
No detected CH,8.16443869483973,0.6738172410965035,0.6653669496379438,0.6821081463671258
No detected CH,8.167176601846718,0.6738172410965035,0.6653669496379438,0.6821081463671258
No detected CH,8.169914508853706,0.6737063976615477,0.6652546791515331,0.6819987586028037
No detected CH,8.175390322867683,0.6735954994890931,0.6651423527731704,0.6818893172549214
No detected CH,8.178128229874671,0.6735954994890931,0.6651423527731704,0.6818893172549214
No detected CH,8.18360404388865,0.6735954994890931,0.6651423527731704,0.6818893172549214
No detected CH,8.186341950895638,0.6735954994890931,0.6651423527731704,0.6818893172549214
No detected CH,8.189079857902627,0.6735954994890931,0.6651423527731704,0.6818893172549214
No detected CH,8.191817764909615,0.6734844367521617,0.6650298564120243,0.6817797166823759
No detected CH,8.194555671916604,0.6734844367521617,0.6650298564120243,0.6817797166823759
No detected CH,8.197293578923592,0.6734844367521617,0.6650298564120243,0.6817797166823759
No detected CH,8.20003148593058,0.6734844367521617,0.6650298564120243,0.6817797166823759
No detected CH,8.202769392937569,0.6734844367521617,0.6650298564120243,0.6817797166823759
No detected CH,8.208245206951545,0.6733732456613987,0.6649172276825993,0.6816699917177474
No detected CH,8.210983113958534,0.6732620545706356,0.6648045999321891,0.6815602658129983
No detected CH,8.21645892797251,0.6732620545706356,0.6648045999321891,0.6815602658129983
No detected CH,8.219196834979499,0.6731508083620152,0.6646919158989792,0.6814504859549617
No detected CH,8.221934741986487,0.6731508083620152,0.6646919158989792,0.6814504859549617
No detected CH,8.224672648993478,0.6731508083620152,0.6646919158989792,0.6814504859549617
No detected CH,8.227410556000466,0.6731508083620152,0.6646919158989792,0.6814504859549617
No detected CH,8.230148463007454,0.6730393964440474,0.6645790606859009,0.6813405457789136
No detected CH,8.232886370014443,0.6729279660803977,0.664466187293896,0.6812305869164986
No detected CH,8.235624277021431,0.6729279660803977,0.664466187293896,0.6812305869164986
No detected CH,8.23836218402842,0.6729279660803977,0.664466187293896,0.6812305869164986
No detected CH,8.241100091035408,0.6729279660803977,0.664466187293896,0.6812305869164986
No detected CH,8.246575905049385,0.6729279660803977,0.664466187293896,0.6812305869164986
No detected CH,8.249313812056373,0.6729279660803977,0.664466187293896,0.6812305869164986
No detected CH,8.252051719063362,0.672704698672939,0.6642400209347721,0.6810102752339263
No detected CH,8.257527533077338,0.672704698672939,0.6642400209347721,0.6810102752339263
No detected CH,8.260265440084327,0.672704698672939,0.6642400209347721,0.6810102752339263
No detected CH,8.263003347091315,0.672704698672939,0.6642400209347721,0.6810102752339263
No detected CH,8.265741254098304,0.672704698672939,0.6642400209347721,0.6810102752339263
No detected CH,8.268479161105294,0.6725929351410113,0.6641268043457215,0.6808999931121845
No detected CH,8.27395497511927,0.6725929351410113,0.6641268043457215,0.6808999931121845
No detected CH,8.282168696140236,0.6725929351410113,0.6641268043457215,0.6808999931121845
No detected CH,8.287644510154212,0.6725929351410113,0.6641268043457215,0.6808999931121845
No detected CH,8.2903824171612,0.6724810228389911,0.6640134341661067,0.6807895669739096
No detected CH,8.295858231175178,0.672369110536971,0.6639000649871271,0.6806791398750688
No detected CH,8.301334045189154,0.6721452486723007,0.6636732909118064,0.6804582469668632
No detected CH,8.304071952196143,0.6721452486723007,0.6636732909118064,0.6804582469668632
No detected CH,8.306809859203131,0.6720332431317788,0.663559827848466,0.6803477273286478
No detected CH,8.309547766210121,0.6720332431317788,0.663559827848466,0.6803477273286478
No detected CH,8.31228567321711,0.6718091199891636,0.6633327882835909,0.6801265774073911
No detected CH,8.317761487231087,0.6718091199891636,0.6633327882835909,0.6801265774073911
No detected CH,8.320499394238075,0.6716969648773123,0.6632191728052278,0.6800159110548729
No detected CH,8.323237301245063,0.6716969648773123,0.6632191728052278,0.6800159110548729
No detected CH,8.325975208252052,0.6716969648773123,0.6632191728052278,0.6800159110548729
No detected CH,8.32871311525904,0.6716969648773123,0.6632191728052278,0.6800159110548729
No detected CH,8.331451022266029,0.6715846972916735,0.6631054414542351,0.6799051355870872
No detected CH,8.334188929273017,0.6714723357897007,0.6629916135150951,0.6797942688478703
No detected CH,8.336926836280005,0.6714723357897007,0.6629916135150951,0.6797942688478703
No detected CH,8.339664743286994,0.6714723357897007,0.6629916135150951,0.6797942688478703
No detected CH,8.342402650293982,0.6714723357897007,0.6629916135150951,0.6797942688478703
No detected CH,8.34514055730097,0.6714723357897007,0.6629916135150951,0.6797942688478703
No detected CH,8.347878464307959,0.6714723357897007,0.6629916135150951,0.6797942688478703
No detected CH,8.350616371314947,0.6714723357897007,0.6629916135150951,0.6797942688478703
No detected CH,8.353354278321937,0.6714723357897007,0.6629916135150951,0.6797942688478703
No detected CH,8.358830092335914,0.6714723357897007,0.6629916135150951,0.6797942688478703
No detected CH,8.361567999342903,0.6714723357897007,0.6629916135150951,0.6797942688478703
No detected CH,8.364305906349891,0.6713596159079163,0.6628774141289173,0.6796830565784227
No detected CH,8.36704381335688,0.6712468202735231,0.6627631370321102,0.6795717705009303
No detected CH,8.369781720363868,0.6712468202735231,0.6627631370321102,0.6795717705009303
No detected CH,8.372519627370856,0.6712468202735231,0.6627631370321102,0.6795717705009303
No detected CH,8.375257534377845,0.6711338918044327,0.6626487228927226,0.6794603557418613
No detected CH,8.377995441384833,0.6711338918044327,0.6626487228927226,0.6794603557418613
No detected CH,8.380733348391821,0.6711338918044327,0.6626487228927226,0.6794603557418613
No detected CH,8.38347125539881,0.6710208682456917,0.6625342109438587,0.6793488485856876
No detected CH,8.386209162405798,0.6710208682456917,0.6625342109438587,0.6793488485856876
No detected CH,8.388947069412787,0.6710208682456917,0.6625342109438587,0.6793488485856876
No detected CH,8.391684976419775,0.6710208682456917,0.6625342109438587,0.6793488485856876
No detected CH,8.394422883426765,0.6710208682456917,0.6625342109438587,0.6793488485856876
No detected CH,8.397160790433754,0.6710208682456917,0.6625342109438587,0.6793488485856876
No detected CH,8.40263660444773,0.6709075584064067,0.6624194024343641,0.6792370652625279
No detected CH,8.405374511454719,0.6709075584064067,0.6624194024343641,0.6792370652625279
No detected CH,8.408112418461707,0.6707941719676022,0.6623045153367776,0.679125207314928
No detected CH,8.410850325468695,0.6707941719676022,0.6623045153367776,0.679125207314928
No detected CH,8.413588232475684,0.6705672456577348,0.6620745847728977,0.6789013409396214
No detected CH,8.416326139482672,0.6704537633010488,0.6619596011011195,0.6787893877882724
No detected CH,8.41906404648966,0.6703402809443627,0.6618446184775801,0.6786774336313236
No detected CH,8.421801953496649,0.6703402809443627,0.6618446184775801,0.6786774336313236
No detected CH,8.424539860503637,0.6702267409238776,0.661729576954621,0.6785654230467858
No detected CH,8.427277767510626,0.6702267409238776,0.661729576954621,0.6785654230467858
No detected CH,8.430015674517614,0.6702267409238776,0.661729576954621,0.6785654230467858
No detected CH,8.435491488531591,0.6701130661035037,0.6616143963392919,0.6784532818992157
No detected CH,8.44096730254557,0.6699993527035202,0.6614991766682435,0.6783411026629121
No detected CH,8.443705209552558,0.6699993527035202,0.6614991766682435,0.6783411026629121
No detected CH,8.446443116559546,0.6699993527035202,0.6614991766682435,0.6783411026629121
No detected CH,8.449181023566535,0.6699993527035202,0.6614991766682435,0.6783411026629121
No detected CH,8.451918930573523,0.6699993527035202,0.6614991766682435,0.6783411026629121
No detected CH,8.454656837580512,0.6698854846966025,0.6613837973094395,0.6782287738305054
No detected CH,8.4573947445875,0.6698854846966025,0.6613837973094395,0.6782287738305054
No detected CH,8.460132651594488,0.6697714616353776,0.6612682577940319,0.6781162949757877
No detected CH,8.462870558601477,0.6697714616353776,0.6612682577940319,0.6781162949757877
No detected CH,8.465608465608465,0.6695432212327075,0.6610369799515521,0.677891147505848
No detected CH,8.468346372615454,0.6694290231734831,0.6609212616754063,0.6777784974184347
No detected CH,8.471084279622442,0.6694290231734831,0.6609212616754063,0.6777784974184347
No detected CH,8.47382218662943,0.6693147666411101,0.6608054836678564,0.6776657901170274
No detected CH,8.476560093636419,0.6693147666411101,0.6608054836678564,0.6776657901170274
No detected CH,8.479298000643407,0.6693147666411101,0.6608054836678564,0.6776657901170274
No detected CH,8.482035907650397,0.6693147666411101,0.6608054836678564,0.6776657901170274
No detected CH,8.484773814657386,0.6693147666411101,0.6608054836678564,0.6776657901170274
No detected CH,8.487511721664374,0.6692002363935671,0.6606894221015632,0.6775528187865929
No detected CH,8.49298753567835,0.6692002363935671,0.6606894221015632,0.6775528187865929
No detected CH,8.49572544268534,0.6690856473119928,0.6605733004326477,0.6774397898917579
No detected CH,8.498463349692328,0.6689710386022785,0.6604571594344447,0.6773267410999679
No detected CH,8.503939163706304,0.6689710386022785,0.6604571594344447,0.6773267410999679
No detected CH,8.506677070713293,0.6689710386022785,0.6604571594344447,0.6773267410999679
No detected CH,8.509414977720281,0.6689710386022785,0.6604571594344447,0.6773267410999679
No detected CH,8.51215288472727,0.6689710386022785,0.6604571594344447,0.6773267410999679
No detected CH,8.514890791734258,0.6689710386022785,0.6604571594344447,0.6773267410999679
No detected CH,8.520366605748235,0.6688561346107631,0.6603407124255664,0.677213407581575
No detected CH,8.523104512755225,0.6688561346107631,0.6603407124255664,0.677213407581575
No detected CH,8.525842419762213,0.6687411120596692,0.6602241431985383,0.6770999591193676
No detected CH,8.528580326769202,0.6686260103192114,0.6601074927031373,0.6769864335333458
No detected CH,8.534056140783179,0.6686260103192114,0.6601074927031373,0.6769864335333458
No detected CH,8.536794047790167,0.6686260103192114,0.6601074927031373,0.6769864335333458
No detected CH,8.539531954797155,0.668395370094886,0.6598737407334826,0.676758959665239
No detected CH,8.542269861804144,0.668395370094886,0.6598737407334826,0.676758959665239
No detected CH,8.545007768811132,0.668395370094886,0.6598737407334826,0.676758959665239
No detected CH,8.54774567581812,0.668395370094886,0.6598737407334826,0.676758959665239
No detected CH,8.550483582825109,0.6682798706357371,0.6597566798474807,0.6766450488734861
No detected CH,8.553221489832097,0.6682798706357371,0.6597566798474807,0.6766450488734861
No detected CH,8.555959396839086,0.6682798706357371,0.6597566798474807,0.6766450488734861
No detected CH,8.558697303846074,0.6681642112604107,0.6596394537150383,0.6765309834224971
No detected CH,8.561435210853062,0.6681642112604107,0.6596394537150383,0.6765309834224971
No detected CH,8.56417311786005,0.6681642112604107,0.6596394537150383,0.6765309834224971
No detected CH,8.566911024867041,0.6681642112604107,0.6596394537150383,0.6765309834224971
No detected CH,8.56964893187403,0.6681642112604107,0.6596394537150383,0.6765309834224971
No detected CH,8.572386838881018,0.6681642112604107,0.6596394537150383,0.6765309834224971
No detected CH,8.575124745888006,0.6680482507933402,0.6595219154498475,0.6764166277413554
No detected CH,8.577862652894995,0.6678163298591991,0.6592868423097555,0.6761879131300967
No detected CH,8.580600559901983,0.6678163298591991,0.6592868423097555,0.6761879131300967
No detected CH,8.583338466908971,0.6678163298591991,0.6592868423097555,0.6761879131300967
No detected CH,8.58607637391596,0.6675842073948755,0.6590515640106313,0.6759590006545138
No detected CH,8.588814280922948,0.6675842073948755,0.6590515640106313,0.6759590006545138
No detected CH,8.591552187929937,0.6674681259816613,0.6589339055618765,0.6758445234094351
No detected CH,8.594290094936925,0.6673520041782546,0.658816206221693,0.6757300062922811
No detected CH,8.597028001943913,0.6673520041782546,0.658816206221693,0.6757300062922811
No detected CH,8.599765908950902,0.6673520041782546,0.658816206221693,0.6757300062922811
No detected CH,8.60250381595789,0.6673520041782546,0.658816206221693,0.6757300062922811
No detected CH,8.605241722964879,0.6673520041782546,0.658816206221693,0.6757300062922811
No detected CH,8.607979629971869,0.6672356191060226,0.6586982340864231,0.6756152352819951
No detected CH,8.610717536978857,0.6672356191060226,0.6586982340864231,0.6756152352819951
No detected CH,8.613455443985846,0.6670025644014799,0.6584619971448332,0.6753854167413492
No detected CH,8.616193350992834,0.6670025644014799,0.6584619971448332,0.6753854167413492
No detected CH,8.618931257999822,0.6670025644014799,0.6584619971448332,0.6753854167413492
No detected CH,8.62166916500681,0.6668859555615496,0.6583437955995555,0.6752704275807523
No detected CH,8.624407072013799,0.6668859555615496,0.6583437955995555,0.6752704275807523
No detected CH,8.627144979020787,0.6668859555615496,0.6583437955995555,0.6752704275807523
No detected CH,8.629882886027776,0.6667691833753193,0.658225425220811,0.6751552804858357
No detected CH,8.632620793034764,0.6667691833753193,0.658225425220811,0.6751552804858357
No detected CH,8.635358700041753,0.666652267860086,0.6581069068370371,0.6750399946779521
No detected CH,8.638096607048741,0.666652267860086,0.6581069068370371,0.6750399946779521
No detected CH,8.64083451405573,0.666652267860086,0.6581069068370371,0.6750399946779521
No detected CH,8.643572421062718,0.666652267860086,0.6581069068370371,0.6750399946779521
No detected CH,8.646310328069706,0.666652267860086,0.6581069068370371,0.6750399946779521
No detected CH,8.649048235076695,0.666652267860086,0.6581069068370371,0.6750399946779521
No detected CH,8.651786142083685,0.666652267860086,0.6581069068370371,0.6750399946779521
No detected CH,8.654524049090673,0.666652267860086,0.6581069068370371,0.6750399946779521
No detected CH,8.657261956097662,0.666652267860086,0.6581069068370371,0.6750399946779521
No detected CH,8.65999986310465,0.666652267860086,0.6581069068370371,0.6750399946779521
No detected CH,8.662737770111638,0.666652267860086,0.6581069068370371,0.6750399946779521
No detected CH,8.665475677118627,0.666534754680488,0.6579877675405122,0.6749241340475545
No detected CH,8.668213584125615,0.666534754680488,0.6579877675405122,0.6749241340475545
No detected CH,8.670951491132604,0.666534754680488,0.6579877675405122,0.6749241340475545
No detected CH,8.673689398139592,0.666534754680488,0.6579877675405122,0.6749241340475545
No detected CH,8.67642730514658,0.666534754680488,0.6579877675405122,0.6749241340475545
No detected CH,8.679165212153569,0.6664170962948427,0.6578684782687261,0.6748081329189712
No detected CH,8.681903119160557,0.6664170962948427,0.6578684782687261,0.6748081329189712
No detected CH,8.684641026167546,0.6664170962948427,0.6578684782687261,0.6748081329189712
No detected CH,8.687378933174534,0.6664170962948427,0.6578684782687261,0.6748081329189712
No detected CH,8.690116840181522,0.6662993131389051,0.6577490602945884,0.6746920109065985
No detected CH,8.69285474718851,0.6662993131389051,0.6577490602945884,0.6746920109065985
No detected CH,8.6955926541955,0.6661814049256439,0.6576295133184119,0.6745757677359381
No detected CH,8.69833056120249,0.6661814049256439,0.6576295133184119,0.6745757677359381
No detected CH,8.701068468209478,0.6661814049256439,0.6576295133184119,0.6745757677359381
No detected CH,8.703806375216466,0.6661814049256439,0.6576295133184119,0.6745757677359381
No detected CH,8.706544282223454,0.6661814049256439,0.6576295133184119,0.6745757677359381
No detected CH,8.709282189230443,0.6661814049256439,0.6576295133184119,0.6745757677359381
No detected CH,8.712020096237431,0.6661814049256439,0.6576295133184119,0.6745757677359381
No detected CH,8.71475800324442,0.6661814049256439,0.6576295133184119,0.6745757677359381
No detected CH,8.717495910251408,0.6661814049256439,0.6576295133184119,0.6745757677359381
No detected CH,8.720233817258396,0.6661814049256439,0.6576295133184119,0.6745757677359381
No detected CH,8.722971724265385,0.6661814049256439,0.6576295133184119,0.6745757677359381
No detected CH,8.725709631272373,0.6661814049256439,0.6576295133184119,0.6745757677359381
No detected CH,8.728447538279362,0.6661814049256439,0.6576295133184119,0.6745757677359381
No detected CH,8.73118544528635,0.6661814049256439,0.6576295133184119,0.6745757677359381
No detected CH,8.733923352293338,0.6660627194802625,0.6575091582257443,0.6744587776651692
No detected CH,8.736661259300329,0.6660627194802625,0.6575091582257443,0.6744587776651692
No detected CH,8.739399166307317,0.6660627194802625,0.6575091582257443,0.6744587776651692
No detected CH,8.742137073314305,0.6660627194802625,0.6575091582257443,0.6744587776651692
No detected CH,8.744874980321294,0.6660627194802625,0.6575091582257443,0.6744587776651692
No detected CH,8.747612887328282,0.6660627194802625,0.6575091582257443,0.6744587776651692
No detected CH,8.75035079433527,0.6660627194802625,0.6575091582257443,0.6744587776651692
No detected CH,8.753088701342259,0.6659436095518861,0.6573883622467575,0.6743413792340079
No detected CH,8.755826608349247,0.6659436095518861,0.6573883622467575,0.6743413792340079
No detected CH,8.758564515356236,0.6659436095518861,0.6573883622467575,0.6743413792340079
No detected CH,8.764040329370212,0.6659436095518861,0.6573883622467575,0.6743413792340079
No detected CH,8.76951614338419,0.6659436095518861,0.6573883622467575,0.6743413792340079
No detected CH,8.772254050391178,0.6659436095518861,0.6573883622467575,0.6743413792340079
No detected CH,8.774991957398166,0.6658240076105155,0.6572670549673884,0.6742235077411618
No detected CH,8.777729864405154,0.6658240076105155,0.6572670549673884,0.6742235077411618
No detected CH,8.780467771412145,0.6658240076105155,0.6572670549673884,0.6742235077411618
No detected CH,8.783205678419133,0.6657043411821169,0.6571456817686596,0.6741055731969462
No detected CH,8.785943585426121,0.6657043411821169,0.6571456817686596,0.6741055731969462
No detected CH,8.78868149243311,0.6657043411821169,0.6571456817686596,0.6741055731969462
No detected CH,8.791419399440098,0.6657043411821169,0.6571456817686596,0.6741055731969462
No detected CH,8.794157306447087,0.6657043411821169,0.6571456817686596,0.6741055731969462
No detected CH,8.796895213454075,0.6657043411821169,0.6571456817686596,0.6741055731969462
No detected CH,8.802371027468052,0.6657043411821169,0.6571456817686596,0.6741055731969462
No detected CH,8.80510893447504,0.6657043411821169,0.6571456817686596,0.6741055731969462
No detected CH,8.807846841482029,0.6657043411821169,0.6571456817686596,0.6741055731969462
No detected CH,8.810584748489017,0.6655842429787645,0.6570238599529545,0.6739872234297092
No detected CH,8.813322655496005,0.6654640797285427,0.6569019716415773,0.6738688100679696
No detected CH,8.816060562502994,0.6654640797285427,0.6569019716415773,0.6738688100679696
No detected CH,8.818798469509982,0.6654640797285427,0.6569019716415773,0.6738688100679696
No detected CH,8.821536376516972,0.6652234925702895,0.6566579272635955,0.6736317297426713
No detected CH,8.82427428352396,0.6652234925702895,0.6566579272635955,0.6736317297426713
No detected CH,8.827012190530949,0.6652234925702895,0.6566579272635955,0.6736317297426713
No detected CH,8.829750097537937,0.6652234925702895,0.6566579272635955,0.6736317297426713
No detected CH,8.832488004544926,0.6652234925702895,0.6566579272635955,0.6736317297426713
No detected CH,8.835225911551914,0.6652234925702895,0.6566579272635955,0.6736317297426713
No detected CH,8.837963818558903,0.6652234925702895,0.6566579272635955,0.6736317297426713
No detected CH,8.840701725565891,0.6651026087809799,0.6565352918942814,0.6735126219481559
No detected CH,8.84343963257288,0.6651026087809799,0.6565352918942814,0.6735126219481559
No detected CH,8.846177539579868,0.6651026087809799,0.6565352918942814,0.6735126219481559
No detected CH,8.848915446586856,0.6649815709995821,0.6564124973270027,0.6733933652998806
No detected CH,8.851653353593845,0.6649815709995821,0.6564124973270027,0.6733933652998806
No detected CH,8.854391260600833,0.6649815709995821,0.6564124973270027,0.6733933652998806
No detected CH,8.857129167607821,0.6649815709995821,0.6564124973270027,0.6733933652998806
No detected CH,8.85986707461481,0.6648602239975749,0.6562893817364158,0.6732738110396341
No detected CH,8.862604981621798,0.6646174413705903,0.6560430621724458,0.6730346137590479
No detected CH,8.865342888628788,0.6646174413705903,0.6560430621724458,0.6730346137590479
No detected CH,8.870818702642765,0.6646174413705903,0.6560430621724458,0.6730346137590479
No detected CH,8.873556609649754,0.6646174413705903,0.6560430621724458,0.6730346137590479
No detected CH,8.876294516656742,0.664495694266474,0.6559195334582785,0.6729146722665487
No detected CH,8.87903242366373,0.664495694266474,0.6559195334582785,0.6729146722665487
No detected CH,8.881770330670719,0.664495694266474,0.6559195334582785,0.6729146722665487
No detected CH,8.884508237677707,0.6643736788984486,0.6557957263773346,0.6727944724518846
No detected CH,8.887246144684696,0.6643736788984486,0.6557957263773346,0.6727944724518846
No detected CH,8.889984051691684,0.6643736788984486,0.6557957263773346,0.6727944724518846
No detected CH,8.892721958698672,0.6643736788984486,0.6557957263773346,0.6727944724518846
No detected CH,8.89545986570566,0.6643736788984486,0.6557957263773346,0.6727944724518846
No detected CH,8.898197772712649,0.6643736788984486,0.6557957263773346,0.6727944724518846
No detected CH,8.900935679719638,0.6642512137041816,0.6556714515600951,0.6726738404091556
No detected CH,8.903673586726626,0.6642512137041816,0.6556714515600951,0.6726738404091556
No detected CH,8.906411493733614,0.6641285449666555,0.6555469658334735,0.6725530120811465
No detected CH,8.909149400740604,0.6641285449666555,0.6555469658334735,0.6725530120811465
No detected CH,8.911887307747593,0.6641285449666555,0.6555469658334735,0.6725530120811465
No detected CH,8.914625214754581,0.6640055581990691,0.6554221497663422,0.6724318778296886
No detected CH,8.91736312176157,0.6638825258555081,0.6552972875602029,0.6723106985893614
No detected CH,8.920101028768558,0.6638825258555081,0.6552972875602029,0.6723106985893614
No detected CH,8.922838935775546,0.6637592421923966,0.6551721645833959,0.6721892773323814
No detected CH,8.925576842782535,0.6637592421923966,0.6551721645833959,0.6721892773323814
No detected CH,8.928314749789523,0.6637592421923966,0.6551721645833959,0.6721892773323814
No detected CH,8.931052656796512,0.663635544979912,0.6550466115535707,0.6720674587443656
No detected CH,8.9337905638035,0.6635117323782366,0.6549209395562516,0.6719455283117735
No detected CH,8.936528470810488,0.6635117323782366,0.6549209395562516,0.6719455283117735
No detected CH,8.939266377817477,0.6635117323782366,0.6549209395562516,0.6719455283117735
No detected CH,8.942004284824465,0.6635117323782366,0.6549209395562516,0.6719455283117735
No detected CH,8.944742191831454,0.6635117323782366,0.6549209395562516,0.6719455283117735
No detected CH,8.947480098838442,0.6633875025088529,0.6547948335624938,0.6718231970502639
No detected CH,8.950218005845432,0.6633875025088529,0.6547948335624938,0.6718231970502639
No detected CH,8.95295591285242,0.6632631562103508,0.6546686075149216,0.6717007529502619
No detected CH,8.955693819859409,0.6632631562103508,0.6546686075149216,0.6717007529502619
No detected CH,8.958431726866397,0.6632631562103508,0.6546686075149216,0.6717007529502619
No detected CH,8.961169633873386,0.6632631562103508,0.6546686075149216,0.6717007529502619
No detected CH,8.963907540880374,0.663138341916747,0.6545418944551546,0.6715778595372612
No detected CH,8.966645447887363,0.663138341916747,0.6545418944551546,0.6715778595372612
No detected CH,8.969383354894351,0.6630133865103184,0.6544150355729473,0.6714548296662994
No detected CH,8.97212126190134,0.6630133865103184,0.6544150355729473,0.6714548296662994
No detected CH,8.974859168908328,0.6630133865103184,0.6544150355729473,0.6714548296662994
No detected CH,8.977597075915316,0.6630133865103184,0.6544150355729473,0.6714548296662994
No detected CH,8.980334982922304,0.6630133865103184,0.6544150355729473,0.6714548296662994
No detected CH,8.983072889929293,0.6627627671995981,0.654160582635441,0.6712080876921579
No detected CH,8.985810796936281,0.6627627671995981,0.654160582635441,0.6712080876921579
No detected CH,8.98854870394327,0.6627627671995981,0.654160582635441,0.6712080876921579
No detected CH,8.991286610950258,0.6626372439482345,0.6540331354131774,0.6710845101833778
No detected CH,8.994024517957248,0.6626372439482345,0.6540331354131774,0.6710845101833778
No detected CH,8.996762424964237,0.6625116255133628,0.6539055903202533,0.6709608401639396
No detected CH,8.999500331971225,0.6623859594235462,0.6537779969850028,0.6708371231039826
No detected CH,9.002238238978213,0.6622601740153761,0.6536502805803222,0.6707132904417582
No detected CH,9.004976145985202,0.6622601740153761,0.6536502805803222,0.6707132904417582
No detected CH,9.00771405299219,0.6622601740153761,0.6536502805803222,0.6707132904417582
No detected CH,9.010451959999179,0.6622601740153761,0.6536502805803222,0.6707132904417582
No detected CH,9.013189867006167,0.6622601740153761,0.6536502805803222,0.6707132904417582
No detected CH,9.015927774013155,0.6620077401773675,0.6533939511383883,0.6704647951629774
No detected CH,9.018665681020144,0.6620077401773675,0.6533939511383883,0.6704647951629774
No detected CH,9.021403588027132,0.6618813787075876,0.653265637767048,0.6703404070508712
No detected CH,9.02414149503412,0.6618813787075876,0.653265637767048,0.6703404070508712
No detected CH,9.026879402041109,0.6618813787075876,0.653265637767048,0.6703404070508712
No detected CH,9.029617309048097,0.6618813787075876,0.653265637767048,0.6703404070508712
No detected CH,9.032355216055086,0.6617546785968089,0.6531369722508997,0.6702156935752803
No detected CH,9.035093123062076,0.6617546785968089,0.6531369722508997,0.6702156935752803
No detected CH,9.037831030069064,0.6617546785968089,0.6531369722508997,0.6702156935752803
No detected CH,9.043306844083041,0.6616276867183601,0.653008003525679,0.670090699587825
No detected CH,9.04604475109003,0.6616276867183601,0.653008003525679,0.670090699587825
No detected CH,9.048782658097018,0.6616276867183601,0.653008003525679,0.670090699587825
No detected CH,9.051520565104006,0.6616276867183601,0.653008003525679,0.670090699587825
No detected CH,9.056996379117983,0.6616276867183601,0.653008003525679,0.670090699587825
No detected CH,9.059734286124971,0.6613730186326333,0.652749355903972,0.6698400527379026
No detected CH,9.06247219313196,0.6613730186326333,0.652749355903972,0.6698400527379026
No detected CH,9.065210100138948,0.6613730186326333,0.652749355903972,0.6698400527379026
No detected CH,9.067948007145937,0.6613730186326333,0.652749355903972,0.6698400527379026
No detected CH,9.070685914152925,0.6613730186326333,0.652749355903972,0.6698400527379026
No detected CH,9.073423821159913,0.6613730186326333,0.652749355903972,0.6698400527379026
No detected CH,9.076161728166902,0.6612452170831391,0.6526195460097318,0.669714280076896
No detected CH,9.078899635173892,0.6612452170831391,0.6526195460097318,0.669714280076896
No detected CH,9.08163754218088,0.660989069410436,0.652359361999184,0.6694622095652509
No detected CH,9.084375449187869,0.660989069410436,0.652359361999184,0.6694622095652509
No detected CH,9.087113356194857,0.660989069410436,0.652359361999184,0.6694622095652509
No detected CH,9.089851263201846,0.660989069410436,0.652359361999184,0.6694622095652509
No detected CH,9.092589170208834,0.6608605972881016,0.6522288561813446,0.6693357913048811
No detected CH,9.095327077215822,0.6608605972881016,0.6522288561813446,0.6693357913048811
No detected CH,9.09806498422281,0.6608605972881016,0.6522288561813446,0.6693357913048811
No detected CH,9.1008028912298,0.6608605972881016,0.6522288561813446,0.6693357913048811
No detected CH,9.103540798236788,0.6608605972881016,0.6522288561813446,0.6693357913048811
No detected CH,9.106278705243776,0.6608605972881016,0.6522288561813446,0.6693357913048811
No detected CH,9.109016612250764,0.6608605972881016,0.6522288561813446,0.6693357913048811
No detected CH,9.111754519257753,0.6608605972881016,0.6522288561813446,0.6693357913048811
No detected CH,9.114492426264741,0.6608605972881016,0.6522288561813446,0.6693357913048811
No detected CH,9.11723033327173,0.6607315229526938,0.6520977225067641,0.6692087960071126
No detected CH,9.119968240278718,0.6607315229526938,0.6520977225067641,0.6692087960071126
No detected CH,9.122706147285708,0.6607315229526938,0.6520977225067641,0.6692087960071126
No detected CH,9.125444054292696,0.6607315229526938,0.6520977225067641,0.6692087960071126
No detected CH,9.128181961299685,0.6606019677521148,0.6519660877426804,0.6690813397079611
No detected CH,9.130919868306673,0.6606019677521148,0.6519660877426804,0.6690813397079611
No detected CH,9.133657775313662,0.6604722599241641,0.651834295079553,0.6689537359919003
No detected CH,9.13639568232065,0.6604722599241641,0.651834295079553,0.6689537359919003
No detected CH,9.139133589327638,0.6604722599241641,0.651834295079553,0.6689537359919003
No detected CH,9.141871496334627,0.6604722599241641,0.651834295079553,0.6689537359919003
No detected CH,9.144609403341615,0.6604722599241641,0.651834295079553,0.6689537359919003
No detected CH,9.147347310348604,0.6604722599241641,0.651834295079553,0.6689537359919003
No detected CH,9.150085217355592,0.660342014950801,0.6517019423743217,0.668825617612576
No detected CH,9.15282312436258,0.660342014950801,0.6517019423743217,0.668825617612576
No detected CH,9.155561031369569,0.660342014950801,0.6517019423743217,0.668825617612576
No detected CH,9.158298938376557,0.660342014950801,0.6517019423743217,0.668825617612576
No detected CH,9.161036845383546,0.660342014950801,0.6517019423743217,0.668825617612576
No detected CH,9.163774752390536,0.660342014950801,0.6517019423743217,0.668825617612576
No detected CH,9.166512659397524,0.660342014950801,0.6517019423743217,0.668825617612576
No detected CH,9.169250566404513,0.660342014950801,0.6517019423743217,0.668825617612576
No detected CH,9.171988473411501,0.660342014950801,0.6517019423743217,0.668825617612576
No detected CH,9.17472638041849,0.660342014950801,0.6517019423743217,0.668825617612576
No detected CH,9.177464287425478,0.660342014950801,0.6517019423743217,0.668825617612576
No detected CH,9.180202194432466,0.660342014950801,0.6517019423743217,0.668825617612576
No detected CH,9.182940101439454,0.660342014950801,0.6517019423743217,0.668825617612576
No detected CH,9.185678008446443,0.660342014950801,0.6517019423743217,0.668825617612576
No detected CH,9.188415915453431,0.6602105774478251,0.6515683438077149,0.6686963590052853
No detected CH,9.19115382246042,0.6602105774478251,0.6515683438077149,0.6686963590052853
No detected CH,9.193891729467408,0.6602105774478251,0.6515683438077149,0.6686963590052853
No detected CH,9.196629636474396,0.6602105774478251,0.6515683438077149,0.6686963590052853
No detected CH,9.199367543481385,0.6602105774478251,0.6515683438077149,0.6686963590052853
No detected CH,9.202105450488373,0.6602105774478251,0.6515683438077149,0.6686963590052853
No detected CH,9.204843357495362,0.6602105774478251,0.6515683438077149,0.6686963590052853
No detected CH,9.207581264502352,0.6602105774478251,0.6515683438077149,0.6686963590052853
No detected CH,9.21031917150934,0.6602105774478251,0.6515683438077149,0.6686963590052853
No detected CH,9.213057078516329,0.6599458048079824,0.651299165969922,0.6684360256836717
No detected CH,9.215794985523317,0.6598133121750155,0.6511644685264723,0.6683057549495093
No detected CH,9.218532892530305,0.6598133121750155,0.6511644685264723,0.6683057549495093
No detected CH,9.221270799537294,0.6598133121750155,0.6511644685264723,0.6683057549495093
No detected CH,9.224008706544282,0.6598133121750155,0.6511644685264723,0.6683057549495093
No detected CH,9.22674661355127,0.6598133121750155,0.6511644685264723,0.6683057549495093
No detected CH,9.229484520558259,0.659547043687455,0.6508937357072266,0.6680439840025679
No detected CH,9.232222427565247,0.659547043687455,0.6508937357072266,0.6680439840025679
No detected CH,9.234960334572236,0.659547043687455,0.6508937357072266,0.6680439840025679
No detected CH,9.237698241579224,0.6594136131708279,0.6507580618785862,0.667912813249712
No detected CH,9.240436148586213,0.6594136131708279,0.6507580618785862,0.667912813249712
No detected CH,9.243174055593201,0.6592799392172153,0.650622135007148,0.6677814085197156
No detected CH,9.24591196260019,0.6591462110348183,0.6504861532522285,0.667649950253038
No detected CH,9.24864986960718,0.6591462110348183,0.6504861532522285,0.667649950253038
No detected CH,9.251387776614168,0.6591462110348183,0.6504861532522285,0.667649950253038
No detected CH,9.254125683621156,0.6591462110348183,0.6504861532522285,0.667649950253038
No detected CH,9.256863590628145,0.6591462110348183,0.6504861532522285,0.667649950253038
No detected CH,9.259601497635133,0.6591462110348183,0.6504861532522285,0.667649950253038
No detected CH,9.262339404642121,0.6591462110348183,0.6504861532522285,0.667649950253038
No detected CH,9.26507731164911,0.6591462110348183,0.6504861532522285,0.667649950253038
No detected CH,9.267815218656098,0.6588776650128038,0.6502130541852295,0.6673859891762512
No detected CH,9.270553125663087,0.6588776650128038,0.6502130541852295,0.6673859891762512
No detected CH,9.273291032670075,0.6588776650128038,0.6502130541852295,0.6673859891762512
No detected CH,9.276028939677063,0.6588776650128038,0.6502130541852295,0.6673859891762512
No detected CH,9.278766846684052,0.6588776650128038,0.6502130541852295,0.6673859891762512
No detected CH,9.28150475369104,0.658742842490804,0.6500759318853446,0.6672534819827869
No detected CH,9.284242660698029,0.658742842490804,0.6500759318853446,0.6672534819827869
No detected CH,9.286980567705017,0.658742842490804,0.6500759318853446,0.6672534819827869
No detected CH,9.289718474712005,0.6586076880298908,0.6499384637521772,0.6671206565117725
No detected CH,9.292456381718996,0.6586076880298908,0.6499384637521772,0.6671206565117725
No detected CH,9.295194288725984,0.6584723947496874,0.649800852141884,0.6669876968366568
No detected CH,9.297932195732972,0.6584723947496874,0.649800852141884,0.6669876968366568
No detected CH,9.30067010273996,0.6582014184555517,0.6495252265027625,0.6667214003369302
No detected CH,9.30340800974695,0.657930330556682,0.649249491925961,0.6664549898349571
No detected CH,9.306145916753938,0.657930330556682,0.649249491925961,0.6664549898349571
No detected CH,9.308883823760926,0.657930330556682,0.649249491925961,0.6664549898349571
No detected CH,9.311621730767914,0.6577945628450526,0.6491113931502072,0.6663215684688161
No detected CH,9.314359637774903,0.6576587110146426,0.6489732082327787,0.6661880650192752
No detected CH,9.317097544781891,0.6576587110146426,0.6489732082327787,0.6661880650192752
No detected CH,9.31983545178888,0.6576587110146426,0.6489732082327787,0.6661880650192752
No detected CH,9.322573358795868,0.6576587110146426,0.6489732082327787,0.6661880650192752
No detected CH,9.325311265802856,0.6576587110146426,0.6489732082327787,0.6661880650192752
No detected CH,9.328049172809845,0.6576587110146426,0.6489732082327787,0.6661880650192752
No detected CH,9.330787079816833,0.6576587110146426,0.6489732082327787,0.6661880650192752
No detected CH,9.333524986823821,0.6575219836318953,0.6488341075803735,0.6660537254268372
No detected CH,9.336262893830812,0.6575219836318953,0.6488341075803735,0.6660537254268372
No detected CH,9.3390008008378,0.657384971341078,0.6486947102888933,0.6659191124707323
No detected CH,9.341738707844788,0.6571106609002931,0.6484156222419355,0.6656496083156992
No detected CH,9.344476614851777,0.6571106609002931,0.6484156222419355,0.6656496083156992
No detected CH,9.347214521858765,0.6569732188043089,0.648275780548459,0.665514580018554
No detected CH,9.349952428865754,0.6569732188043089,0.648275780548459,0.665514580018554
No detected CH,9.352690335872742,0.6569732188043089,0.648275780548459,0.665514580018554
No detected CH,9.35542824287973,0.6569732188043089,0.648275780548459,0.665514580018554
No detected CH,9.358166149886719,0.6569732188043089,0.648275780548459,0.665514580018554
No detected CH,9.360904056893707,0.6568352571875924,0.648135396129738,0.665379054981891
No detected CH,9.363641963900696,0.6568352571875924,0.648135396129738,0.665379054981891
No detected CH,9.366379870907684,0.6568352571875924,0.648135396129738,0.665379054981891
No detected CH,9.369117777914672,0.6568352571875924,0.648135396129738,0.665379054981891
No detected CH,9.37185568492166,0.6568352571875924,0.648135396129738,0.665379054981891
No detected CH,9.37459359192865,0.6568352571875924,0.648135396129738,0.665379054981891
No detected CH,9.37733149893564,0.6568352571875924,0.648135396129738,0.665379054981891
No detected CH,9.380069405942628,0.6568352571875924,0.648135396129738,0.665379054981891
No detected CH,9.382807312949616,0.6568352571875924,0.648135396129738,0.665379054981891
No detected CH,9.385545219956605,0.6568352571875924,0.648135396129738,0.665379054981891
No detected CH,9.388283126963593,0.6568352571875924,0.648135396129738,0.665379054981891
No detected CH,9.391021033970581,0.6568352571875924,0.648135396129738,0.665379054981891
No detected CH,9.39375894097757,0.6568352571875924,0.648135396129738,0.665379054981891
No detected CH,9.396496847984558,0.6568352571875924,0.648135396129738,0.665379054981891
No detected CH,9.399234754991546,0.6566958904875738,0.6479935397313004,0.6652421904244595
No detected CH,9.401972661998535,0.6566958904875738,0.6479935397313004,0.6652421904244595
No detected CH,9.404710569005523,0.6565563460994549,0.647851499078963,0.6651051546678097
No detected CH,9.407448476012512,0.6565563460994549,0.647851499078963,0.6651051546678097
No detected CH,9.4101863830195,0.6565563460994549,0.647851499078963,0.6651051546678097
No detected CH,9.412924290026488,0.6565563460994549,0.647851499078963,0.6651051546678097
No detected CH,9.415662197033477,0.6564164150793996,0.6477090548635471,0.6649677489169122
No detected CH,9.418400104040465,0.6562763646388023,0.647566487553472,0.6648302274039288
No detected CH,9.421138011047455,0.6561362244797934,0.6474238283295267,0.6646926183834615
No detected CH,9.423875918054444,0.6561362244797934,0.6474238283295267,0.6646926183834615
No detected CH,9.42935173206842,0.6561362244797934,0.6474238283295267,0.6646926183834615
No detected CH,9.432089639075409,0.6561362244797934,0.6474238283295267,0.6646926183834615
No detected CH,9.434827546082397,0.6561362244797934,0.6474238283295267,0.6646926183834615
No detected CH,9.437565453089386,0.6559952108918974,0.647280254384806,0.6645541764220855
No detected CH,9.440303360096374,0.6559952108918974,0.647280254384806,0.6645541764220855
No detected CH,9.443041267103363,0.6559952108918974,0.647280254384806,0.6645541764220855
No detected CH,9.445779174110351,0.6557123933834292,0.6469922835287245,0.6642765343046679
No detected CH,9.44851708111734,0.6557123933834292,0.6469922835287245,0.6642765343046679
No detected CH,9.451254988124328,0.6557123933834292,0.6469922835287245,0.6642765343046679
No detected CH,9.453992895131316,0.6557123933834292,0.6469922835287245,0.6642765343046679
No detected CH,9.456730802138305,0.6557123933834292,0.6469922835287245,0.6642765343046679
No detected CH,9.459468709145293,0.6557123933834292,0.6469922835287245,0.6642765343046679
No detected CH,9.462206616152283,0.6557123933834292,0.6469922835287245,0.6642765343046679
No detected CH,9.464944523159271,0.6555698781925178,0.6468471393959884,0.6641366580711773
No detected CH,9.46768243016626,0.6554273010115277,0.646701932547721,0.6639967206235906
No detected CH,9.470420337173248,0.6554273010115277,0.646701932547721,0.6639967206235906
No detected CH,9.473158244180237,0.6552843506732482,0.6465563360304099,0.6638564262473283
No detected CH,9.475896151187225,0.6552843506732482,0.6465563360304099,0.6638564262473283
No detected CH,9.478634058194213,0.6552843506732482,0.6465563360304099,0.6638564262473283
No detected CH,9.481371965201202,0.6552843506732482,0.6465563360304099,0.6638564262473283
No detected CH,9.48410987220819,0.6552843506732482,0.6465563360304099,0.6638564262473283
No detected CH,9.486847779215179,0.6552843506732482,0.6465563360304099,0.6638564262473283
No detected CH,9.489585686222167,0.6552843506732482,0.6465563360304099,0.6638564262473283
No detected CH,9.492323593229155,0.6551403321346387,0.6464096192498716,0.6637151146958915
No detected CH,9.495061500236144,0.654852041559442,0.6461159267358642,0.6634322436401486
No detected CH,9.497799407243132,0.654852041559442,0.6461159267358642,0.6634322436401486
No detected CH,9.50053731425012,0.654852041559442,0.6461159267358642,0.6634322436401486
No detected CH,9.503275221257109,0.654852041559442,0.6461159267358642,0.6634322436401486
No detected CH,9.5060131282641,0.654852041559442,0.6461159267358642,0.6634322436401486
No detected CH,9.508751035271088,0.654852041559442,0.6461159267358642,0.6634322436401486
No detected CH,9.511488942278076,0.6547069380713942,0.6459680767498363,0.6632898945741764
No detected CH,9.514226849285064,0.6547069380713942,0.6459680767498363,0.6632898945741764
No detected CH,9.516964756292053,0.6547069380713942,0.6459680767498363,0.6632898945741764
No detected CH,9.519702663299041,0.6545616413696473,0.6458200261446182,0.6631473596126194
No detected CH,9.52244057030603,0.6545616413696473,0.6458200261446182,0.6631473596126194
No detected CH,9.525178477313018,0.6545616413696473,0.6458200261446182,0.6631473596126194
No detected CH,9.527916384320006,0.6545616413696473,0.6458200261446182,0.6631473596126194
No detected CH,9.530654291326995,0.6545616413696473,0.6458200261446182,0.6631473596126194
No detected CH,9.533392198333983,0.6545616413696473,0.6458200261446182,0.6631473596126194
No detected CH,9.536130105340971,0.6545616413696473,0.6458200261446182,0.6631473596126194
No detected CH,9.53886801234796,0.6545616413696473,0.6458200261446182,0.6631473596126194
No detected CH,9.541605919354948,0.6544153706117993,0.6456709535028997,0.663003897619908
No detected CH,9.544343826361937,0.6542689689628929,0.645521745805404,0.6628603088845031
No detected CH,9.547081733368925,0.6542689689628929,0.645521745805404,0.6628603088845031
No detected CH,9.549819640375915,0.6542689689628929,0.645521745805404,0.6628603088845031
No detected CH,9.552557547382904,0.6542689689628929,0.645521745805404,0.6628603088845031
No detected CH,9.555295454389892,0.6541217437223522,0.6453716740885317,0.6627159361901331
No detected CH,9.55803336139688,0.6541217437223522,0.6453716740885317,0.6627159361901331
No detected CH,9.560771268403869,0.6541217437223522,0.6453716740885317,0.6627159361901331
No detected CH,9.563509175410857,0.6541217437223522,0.6453716740885317,0.6627159361901331
No detected CH,9.566247082417846,0.6541217437223522,0.6453716740885317,0.6627159361901331
No detected CH,9.568984989424834,0.6541217437223522,0.6453716740885317,0.6627159361901331
No detected CH,9.571722896431822,0.6541217437223522,0.6453716740885317,0.6627159361901331
No detected CH,9.57446080343881,0.6541217437223522,0.6453716740885317,0.6627159361901331
No detected CH,9.5771987104458,0.6541217437223522,0.6453716740885317,0.6627159361901331
No detected CH,9.579936617452788,0.6541217437223522,0.6453716740885317,0.6627159361901331
No detected CH,9.582674524459776,0.653973113469291,0.6452201259031846,0.6625702284714796
No detected CH,9.585412431466764,0.653973113469291,0.6452201259031846,0.6625702284714796
No detected CH,9.588150338473753,0.653973113469291,0.6452201259031846,0.6625702284714796
No detected CH,9.590888245480743,0.653973113469291,0.6452201259031846,0.6625702284714796
No detected CH,9.593626152487731,0.653973113469291,0.6452201259031846,0.6625702284714796
No detected CH,9.59636405949472,0.6538239407700508,0.6450680092384787,0.6624240038531046
No detected CH,9.599101966501708,0.6538239407700508,0.6450680092384787,0.6624240038531046
No detected CH,9.601839873508696,0.6538239407700508,0.6450680092384787,0.6624240038531046
No detected CH,9.604577780515685,0.653674358536976,0.6449154640419378,0.6622773883651344
No detected CH,9.607315687522673,0.653674358536976,0.6449154640419378,0.6622773883651344
No detected CH,9.610053594529662,0.653674358536976,0.6449154640419378,0.6622773883651344
No detected CH,9.61279150153665,0.6533741636536066,0.6446092967592947,0.6619831726735115
No detected CH,9.615529408543638,0.6533741636536066,0.6446092967592947,0.6619831726735115
No detected CH,9.621005222557615,0.6533741636536066,0.6446092967592947,0.6619831726735115
No detected CH,9.623743129564604,0.6532235124745304,0.6444556340163861,0.6618355360233215
No detected CH,9.626481036571592,0.6532235124745304,0.6444556340163861,0.6618355360233215
No detected CH,9.62921894357858,0.6530725130495478,0.6443016072218932,0.6616875666701239
No detected CH,9.631956850585569,0.6529213388567123,0.6441473992162156,0.6615394289342955
No detected CH,9.634694757592559,0.6529213388567123,0.6441473992162156,0.6615394289342955
No detected CH,9.637432664599547,0.652769848986908,0.6439928614673255,0.6613909893636841
No detected CH,9.640170571606536,0.6526182887712156,0.6438382525913683,0.661242480294638
No detected CH,9.642908478613524,0.6526182887712156,0.6438382525913683,0.661242480294638
No detected CH,9.645646385620513,0.6526182887712156,0.6438382525913683,0.661242480294638
No detected CH,9.648384292627501,0.6524660213216656,0.6436829011262066,0.6610932986587185
No detected CH,9.65112219963449,0.6524660213216656,0.6436829011262066,0.6610932986587185
No detected CH,9.653860106641478,0.6524660213216656,0.6436829011262066,0.6610932986587185
No detected CH,9.656598013648466,0.6523133619811599,0.643527139499659,0.6609437430876248
No detected CH,9.659335920655455,0.6523133619811599,0.643527139499659,0.6609437430876248
No detected CH,9.662073827662443,0.6523133619811599,0.643527139499659,0.6609437430876248
No detected CH,9.664811734669431,0.652160056843209,0.6433706998699086,0.6607935733051228
No detected CH,9.66754964167642,0.652160056843209,0.6433706998699086,0.6607935733051228
No detected CH,9.670287548683408,0.6520062455090478,0.643213729408489,0.6606429215083215
No detected CH,9.673025455690397,0.651852252536561,0.6430565705123077,0.6604920948085068
No detected CH,9.675763362697387,0.651852252536561,0.6430565705123077,0.6604920948085068
No detected CH,9.678501269704375,0.651852252536561,0.6430565705123077,0.6604920948085068
No detected CH,9.681239176711363,0.651852252536561,0.6430565705123077,0.6604920948085068
No detected CH,9.683977083718352,0.651852252536561,0.6430565705123077,0.6604920948085068
No detected CH,9.68671499072534,0.651852252536561,0.6430565705123077,0.6604920948085068
No detected CH,9.689452897732329,0.651852252536561,0.6430565705123077,0.6604920948085068
No detected CH,9.692190804739317,0.651852252536561,0.6430565705123077,0.6604920948085068
No detected CH,9.694928711746305,0.651852252536561,0.6430565705123077,0.6604920948085068
No detected CH,9.697666618753294,0.6516968646336917,0.6428979426839747,0.6603399456388586
No detected CH,9.700404525760282,0.6516968646336917,0.6428979426839747,0.6603399456388586
No detected CH,9.70314243276727,0.6516968646336917,0.6428979426839747,0.6603399456388586
No detected CH,9.705880339774259,0.6516968646336917,0.6428979426839747,0.6603399456388586
No detected CH,9.708618246781247,0.6516968646336917,0.6428979426839747,0.6603399456388586
No detected CH,9.711356153788236,0.6516968646336917,0.6428979426839747,0.6603399456388586
No detected CH,9.714094060795224,0.6516968646336917,0.6428979426839747,0.6603399456388586
No detected CH,9.716831967802213,0.6515403947982454,0.6427381757986128,0.6601867704884328
No detected CH,9.719569874809203,0.6513836237696607,0.6425780942247895,0.6600333074348121
No detected CH,9.722307781816191,0.6513836237696607,0.6425780942247895,0.6600333074348121
No detected CH,9.72504568882318,0.6513836237696607,0.6425780942247895,0.6600333074348121
No detected CH,9.727783595830168,0.6513836237696607,0.6425780942247895,0.6600333074348121
No detected CH,9.730521502837156,0.651226360702599,0.6424174963544899,0.6598793761567838
No detected CH,9.733259409844145,0.651226360702599,0.6424174963544899,0.6598793761567838
No detected CH,9.735997316851133,0.6510688313458737,0.6422566206474187,0.6597251899753237
No detected CH,9.738735223858122,0.6510688313458737,0.6422566206474187,0.6597251899753237
No detected CH,9.74147313086511,0.6510688313458737,0.6422566206474187,0.6597251899753237
No detected CH,9.744211037872098,0.6510688313458737,0.6422566206474187,0.6597251899753237
No detected CH,9.746948944879087,0.6510688313458737,0.6422566206474187,0.6597251899753237
No detected CH,9.749686851886075,0.6510688313458737,0.6422566206474187,0.6597251899753237
No detected CH,9.752424758893063,0.6510688313458737,0.6422566206474187,0.6597251899753237
No detected CH,9.755162665900052,0.6510688313458737,0.6422566206474187,0.6597251899753237
No detected CH,9.75790057290704,0.650909956570045,0.6420943266705812,0.6595697296988037
No detected CH,9.760638479914029,0.650909956570045,0.6420943266705812,0.6595697296988037
No detected CH,9.763376386921019,0.650909956570045,0.6420943266705812,0.6595697296988037
No detected CH,9.766114293928007,0.6507506540843451,0.6419315841732943,0.6594138621573192
No detected CH,9.768852200934996,0.6507506540843451,0.6419315841732943,0.6594138621573192
No detected CH,9.771590107941984,0.6507506540843451,0.6419315841732943,0.6594138621573192
No detected CH,9.774328014948972,0.6507506540843451,0.6419315841732943,0.6594138621573192
No detected CH,9.77706592195596,0.6505906071945063,0.6417680582438742,0.6592572884665306
No detected CH,9.77980382896295,0.6505906071945063,0.6417680582438742,0.6592572884665306
No detected CH,9.782541735969938,0.6505906071945063,0.6417680582438742,0.6592572884665306
No detected CH,9.785279642976926,0.6505906071945063,0.6417680582438742,0.6592572884665306
No detected CH,9.788017549983914,0.6505906071945063,0.6417680582438742,0.6592572884665306
No detected CH,9.790755456990903,0.6505906071945063,0.6417680582438742,0.6592572884665306
No detected CH,9.793493363997891,0.6505906071945063,0.6417680582438742,0.6592572884665306
No detected CH,9.79623127100488,0.6504290099249598,0.6416028960286734,0.659099248473838
No detected CH,9.798969178011868,0.6504290099249598,0.6416028960286734,0.659099248473838
No detected CH,9.801707085018856,0.650266848616078,0.641437140780445,0.6589406728873528
No detected CH,9.804444992025847,0.6501044443082318,0.6412711322513253,0.6587818644587395
No detected CH,9.807182899032835,0.6501044443082318,0.6412711322513253,0.6587818644587395
No detected CH,9.809920806039823,0.6501044443082318,0.6412711322513253,0.6587818644587395
No detected CH,9.812658713046812,0.6501044443082318,0.6412711322513253,0.6587818644587395
No detected CH,9.8153966200538,0.6501044443082318,0.6412711322513253,0.6587818644587395
No detected CH,9.818134527060788,0.6501044443082318,0.6412711322513253,0.6587818644587395
No detected CH,9.820872434067777,0.6501044443082318,0.6412711322513253,0.6587818644587395
No detected CH,9.823610341074765,0.6499408960203555,0.6411039165722551,0.6586219738993223
No detected CH,9.826348248081754,0.6499408960203555,0.6411039165722551,0.6586219738993223
No detected CH,9.829086155088742,0.6499408960203555,0.6411039165722551,0.6586219738993223
No detected CH,9.83182406209573,0.6499408960203555,0.6411039165722551,0.6586219738993223
No detected CH,9.834561969102719,0.6499408960203555,0.6411039165722551,0.6586219738993223
No detected CH,9.837299876109707,0.6499408960203555,0.6411039165722551,0.6586219738993223
No detected CH,9.840037783116696,0.6499408960203555,0.6411039165722551,0.6586219738993223
No detected CH,9.842775690123684,0.6499408960203555,0.6411039165722551,0.6586219738993223
No detected CH,9.845513597130672,0.6499408960203555,0.6411039165722551,0.6586219738993223
No detected CH,9.848251504137663,0.6497750947713707,0.6409343182145003,0.6584599572563686
No detected CH,9.850989411144651,0.6497750947713707,0.6409343182145003,0.6584599572563686
No detected CH,9.85372731815164,0.6496089968432595,0.6407644096598771,0.658297657259094
No detected CH,9.856465225158628,0.6496089968432595,0.6407644096598771,0.658297657259094
No detected CH,9.859203132165616,0.6496089968432595,0.6407644096598771,0.658297657259094
No detected CH,9.861941039172605,0.6496089968432595,0.6407644096598771,0.658297657259094
No detected CH,9.864678946179593,0.64944187335552,0.640593418140799,0.6581343879104208
No detected CH,9.867416853186581,0.64944187335552,0.640593418140799,0.6581343879104208
No detected CH,9.87015476019357,0.64944187335552,0.640593418140799,0.6581343879104208
No detected CH,9.872892667200558,0.64944187335552,0.640593418140799,0.6581343879104208
No detected CH,9.875630574207547,0.64944187335552,0.640593418140799,0.6581343879104208
No detected CH,9.878368481214535,0.64944187335552,0.640593418140799,0.6581343879104208
No detected CH,9.881106388221523,0.64944187335552,0.640593418140799,0.6581343879104208
No detected CH,9.883844295228512,0.6492731433286674,0.6404207269647447,0.6579696031208326
No detected CH,9.8865822022355,0.6492731433286674,0.6404207269647447,0.6579696031208326
No detected CH,9.88932010924249,0.6491039736717292,0.6402475738396718,0.6578044006290829
No detected CH,9.892058016249479,0.6491039736717292,0.6402475738396718,0.6578044006290829
No detected CH,9.894795923256467,0.6491039736717292,0.6402475738396718,0.6578044006290829
No detected CH,9.897533830263455,0.6489337392175798,0.6400732951351846,0.6576381928438922
No detected CH,9.900271737270444,0.6489337392175798,0.6400732951351846,0.6576381928438922
No detected CH,9.903009644277432,0.6489337392175798,0.6400732951351846,0.6576381928438922
No detected CH,9.90574755128442,0.6485918352453893,0.6397232282151037,0.6573044153174799
No detected CH,9.908485458291409,0.6485918352453893,0.6397232282151037,0.6573044153174799
No detected CH,9.911223365298397,0.6485918352453893,0.6397232282151037,0.6573044153174799
No detected CH,9.913961272305386,0.648420295484679,0.6395475777175061,0.6571369675585043
No detected CH,9.916699179312374,0.648420295484679,0.6395475777175061,0.6571369675585043
No detected CH,9.919437086319363,0.648420295484679,0.6395475777175061,0.6571369675585043
No detected CH,9.922174993326351,0.6479037631197152,0.6390186233168804,0.6566327997284022
No detected CH,9.92491290033334,0.6479037631197152,0.6390186233168804,0.6566327997284022
No detected CH,9.927650807340328,0.6477312188419203,0.6388419252753448,0.6564643900080499
No detected CH,9.930388714347316,0.6477312188419203,0.6388419252753448,0.6564643900080499
No detected CH,9.933126621354306,0.6477312188419203,0.6388419252753448,0.6564643900080499
No detected CH,9.935864528361295,0.6477312188419203,0.6388419252753448,0.6564643900080499
No detected CH,9.938602435368283,0.6477312188419203,0.6388419252753448,0.6564643900080499
No detected CH,9.941340342375272,0.647557377935092,0.6386638543828553,0.6562947582459274
No detected CH,9.94407824938226,0.647557377935092,0.6386638543828553,0.6562947582459274
No detected CH,9.946816156389248,0.647557377935092,0.6386638543828553,0.6562947582459274
No detected CH,9.949554063396237,0.647557377935092,0.6386638543828553,0.6562947582459274
No detected CH,9.952291970403225,0.6473821256000623,0.6384842880209612,0.6561237972769844
No detected CH,9.955029877410214,0.6473821256000623,0.6384842880209612,0.6561237972769844
No detected CH,9.957767784417202,0.6473821256000623,0.6384842880209612,0.6561237972769844
No detected CH,9.96050569142419,0.6473821256000623,0.6384842880209612,0.6561237972769844
No detected CH,9.963243598431179,0.6473821256000623,0.6384842880209612,0.6561237972769844
No detected CH,9.965981505438167,0.6473821256000623,0.6384842880209612,0.6561237972769844
No detected CH,9.968719412445155,0.6473821256000623,0.6384842880209612,0.6561237972769844
No detected CH,9.971457319452144,0.6473821256000623,0.6384842880209612,0.6561237972769844
No detected CH,9.974195226459132,0.6473821256000623,0.6384842880209612,0.6561237972769844
No detected CH,9.976933133466122,0.6473821256000623,0.6384842880209612,0.6561237972769844
No detected CH,9.97967104047311,0.6472051001350363,0.638302840653857,0.6559511686713613
No detected CH,9.9824089474801,0.6472051001350363,0.638302840653857,0.6559511686713613
No detected CH,9.985146854487088,0.6472051001350363,0.638302840653857,0.6559511686713613
No detected CH,9.987884761494076,0.6472051001350363,0.638302840653857,0.6559511686713613
No detected CH,9.990622668501064,0.6472051001350363,0.638302840653857,0.6559511686713613
No detected CH,9.993360575508053,0.6472051001350363,0.638302840653857,0.6559511686713613
No detected CH,9.996098482515041,0.6470267084315813,0.6381199444485043,0.6557772546327237
No detected CH,9.99883638952203,0.6470267084315813,0.6381199444485043,0.6557772546327237
No detected CH,10.001574296529018,0.6470267084315813,0.6381199444485043,0.6557772546327237
No detected CH,10.004312203536006,0.6470267084315813,0.6381199444485043,0.6557772546327237
No detected CH,10.007050110542995,0.6470267084315813,0.6381199444485043,0.6557772546327237
No detected CH,10.009788017549983,0.6470267084315813,0.6381199444485043,0.6557772546327237
No detected CH,10.012525924556972,0.6470267084315813,0.6381199444485043,0.6557772546327237
No detected CH,10.01526383156396,0.6470267084315813,0.6381199444485043,0.6557772546327237
No detected CH,10.01800173857095,0.6470267084315813,0.6381199444485043,0.6557772546327237
No detected CH,10.020739645577939,0.6468459747141423,0.6379345591347707,0.6556011423524015
No detected CH,10.023477552584927,0.6466650893744571,0.6377490180992107,0.6554248826075295
No detected CH,10.026215459591915,0.6466650893744571,0.6377490180992107,0.6554248826075295
No detected CH,10.028953366598904,0.6466650893744571,0.6377490180992107,0.6554248826075295
No detected CH,10.031691273605892,0.6466650893744571,0.6377490180992107,0.6554248826075295
No detected CH,10.03442918061288,0.6464832886746048,0.6375625072838322,0.6552477607889631
No detected CH,10.037167087619869,0.6464832886746048,0.6375625072838322,0.6552477607889631
No detected CH,10.039904994626857,0.6464832886746048,0.6375625072838322,0.6552477607889631
No detected CH,10.042642901633846,0.6464832886746048,0.6375625072838322,0.6552477607889631
No detected CH,10.045380808640834,0.6464832886746048,0.6375625072838322,0.6552477607889631
No detected CH,10.048118715647822,0.6464832886746048,0.6375625072838322,0.6552477607889631
No detected CH,10.05085662265481,0.6464832886746048,0.6375625072838322,0.6552477607889631
No detected CH,10.0535945296618,0.6463000451120553,0.6373744638808306,0.6550692838603466
No detected CH,10.056332436668788,0.6463000451120553,0.6373744638808306,0.6550692838603466
No detected CH,10.059070343675776,0.6463000451120553,0.6373744638808306,0.6550692838603466
No detected CH,10.061808250682766,0.6463000451120553,0.6373744638808306,0.6550692838603466
No detected CH,10.064546157689755,0.6463000451120553,0.6373744638808306,0.6550692838603466
No detected CH,10.067284064696743,0.6463000451120553,0.6373744638808306,0.6550692838603466
No detected CH,10.070021971703731,0.6463000451120553,0.6373744638808306,0.6550692838603466
No detected CH,10.07275987871072,0.6463000451120553,0.6373744638808306,0.6550692838603466
No detected CH,10.075497785717708,0.6459300966031187,0.6369947025806698,0.6547090771423943
No detected CH,10.078235692724697,0.6459300966031187,0.6369947025806698,0.6547090771423943
No detected CH,10.080973599731685,0.6459300966031187,0.6369947025806698,0.6547090771423943
No detected CH,10.083711506738673,0.6459300966031187,0.6369947025806698,0.6547090771423943
No detected CH,10.086449413745662,0.6459300966031187,0.6369947025806698,0.6547090771423943
No detected CH,10.08918732075265,0.6459300966031187,0.6369947025806698,0.6547090771423943
No detected CH,10.091925227759639,0.6459300966031187,0.6369947025806698,0.6547090771423943
No detected CH,10.094663134766627,0.6459300966031187,0.6369947025806698,0.6547090771423943
No detected CH,10.097401041773615,0.6459300966031187,0.6369947025806698,0.6547090771423943
No detected CH,10.100138948780604,0.6459300966031187,0.6369947025806698,0.6547090771423943
No detected CH,10.102876855787594,0.6457425443102607,0.6368020786508495,0.654526557281418
No detected CH,10.105614762794582,0.6455547738699262,0.6366092283882697,0.6543438274367473
No detected CH,10.10835266980157,0.6455547738699262,0.6366092283882697,0.6543438274367473
No detected CH,10.111090576808559,0.6455547738699262,0.6366092283882697,0.6543438274367473
No detected CH,10.113828483815547,0.6455547738699262,0.6366092283882697,0.6543438274367473
No detected CH,10.116566390822536,0.6455547738699262,0.6366092283882697,0.6543438274367473
No detected CH,10.119304297829524,0.6453656834264963,0.6364149742623774,0.6541598596087999
No detected CH,10.122042204836513,0.6453656834264963,0.6364149742623774,0.6541598596087999
No detected CH,10.124780111843501,0.6453656834264963,0.6364149742623774,0.6541598596087999
No detected CH,10.12751801885049,0.6453656834264963,0.6364149742623774,0.6541598596087999
No detected CH,10.132993832864466,0.6453656834264963,0.6364149742623774,0.6541598596087999
No detected CH,10.135731739871455,0.6453656834264963,0.6364149742623774,0.6541598596087999
No detected CH,10.138469646878443,0.6453656834264963,0.6364149742623774,0.6541598596087999
No detected CH,10.141207553885431,0.6453656834264963,0.6364149742623774,0.6541598596087999
No detected CH,10.14394546089242,0.6453656834264963,0.6364149742623774,0.6541598596087999
No detected CH,10.14668336789941,0.6453656834264963,0.6364149742623774,0.6541598596087999
No detected CH,10.149421274906398,0.6453656834264963,0.6364149742623774,0.6541598596087999
No detected CH,10.152159181913387,0.6453656834264963,0.6364149742623774,0.6541598596087999
No detected CH,10.154897088920375,0.6453656834264963,0.6364149742623774,0.6541598596087999
No detected CH,10.157634995927364,0.644981079324335,0.6360196171372869,0.653785916657628
No detected CH,10.160372902934352,0.644981079324335,0.6360196171372869,0.653785916657628
No detected CH,10.16311080994134,0.644981079324335,0.6360196171372869,0.653785916657628
No detected CH,10.165848716948329,0.644981079324335,0.6360196171372869,0.653785916657628
No detected CH,10.168586623955317,0.644981079324335,0.6360196171372869,0.653785916657628
No detected CH,10.171324530962305,0.644981079324335,0.6360196171372869,0.653785916657628
No detected CH,10.174062437969294,0.644981079324335,0.6360196171372869,0.653785916657628
No detected CH,10.176800344976282,0.644981079324335,0.6360196171372869,0.653785916657628
No detected CH,10.17953825198327,0.644981079324335,0.6360196171372869,0.653785916657628
No detected CH,10.182276158990259,0.644981079324335,0.6360196171372869,0.653785916657628
No detected CH,10.185014065997247,0.6447865735706184,0.6358195902880449,0.653596882834792
No detected CH,10.187751973004236,0.6445920678169018,0.6356195711517049,0.6534078416833962
No detected CH,10.190489880011226,0.6445920678169018,0.6356195711517049,0.6534078416833962
No detected CH,10.193227787018214,0.6443970323954746,0.635418992384088,0.6532183002951963
No detected CH,10.195965694025203,0.6443970323954746,0.635418992384088,0.6532183002951963
No detected CH,10.198703601032191,0.6443970323954746,0.635418992384088,0.6532183002951963
No detected CH,10.20144150803918,0.6443970323954746,0.635418992384088,0.6532183002951963
No detected CH,10.204179415046168,0.6443970323954746,0.635418992384088,0.6532183002951963
No detected CH,10.206917322053156,0.6443970323954746,0.635418992384088,0.6532183002951963
No detected CH,10.209655229060145,0.6443970323954746,0.635418992384088,0.6532183002951963
No detected CH,10.212393136067133,0.6442000293284017,0.6352163128835967,0.6530269213008028
No detected CH,10.215131043074122,0.6442000293284017,0.6352163128835967,0.6530269213008028
No detected CH,10.21786895008111,0.6442000293284017,0.6352163128835967,0.6530269213008028
No detected CH,10.220606857088098,0.6442000293284017,0.6352163128835967,0.6530269213008028
No detected CH,10.223344764095087,0.6442000293284017,0.6352163128835967,0.6530269213008028
No detected CH,10.226082671102075,0.6442000293284017,0.6352163128835967,0.6530269213008028
No detected CH,10.228820578109064,0.6442000293284017,0.6352163128835967,0.6530269213008028
No detected CH,10.231558485116054,0.6442000293284017,0.6352163128835967,0.6530269213008028
No detected CH,10.234296392123042,0.6442000293284017,0.6352163128835967,0.6530269213008028
No detected CH,10.23703429913003,0.6442000293284017,0.6352163128835967,0.6530269213008028
No detected CH,10.239772206137019,0.6442000293284017,0.6352163128835967,0.6530269213008028
No detected CH,10.242510113144007,0.6442000293284017,0.6352163128835967,0.6530269213008028
No detected CH,10.245248020150996,0.6442000293284017,0.6352163128835967,0.6530269213008028
No detected CH,10.247985927157984,0.6442000293284017,0.6352163128835967,0.6530269213008028
No detected CH,10.250723834164972,0.6442000293284017,0.6352163128835967,0.6530269213008028
No detected CH,10.25346174117196,0.6442000293284017,0.6352163128835967,0.6530269213008028
No detected CH,10.25619964817895,0.6442000293284017,0.6352163128835967,0.6530269213008028
No detected CH,10.258937555185938,0.6442000293284017,0.6352163128835967,0.6530269213008028
No detected CH,10.261675462192926,0.6442000293284017,0.6352163128835967,0.6530269213008028
No detected CH,10.264413369199914,0.6442000293284017,0.6352163128835967,0.6530269213008028
No detected CH,10.267151276206903,0.6442000293284017,0.6352163128835967,0.6530269213008028
No detected CH,10.269889183213891,0.6442000293284017,0.6352163128835967,0.6530269213008028
No detected CH,10.27262709022088,0.6439952613597658,0.6350053046872821,0.6528283275000035
No detected CH,10.27536499722787,0.6439952613597658,0.6350053046872821,0.6528283275000035
No detected CH,10.278102904234858,0.6439952613597658,0.6350053046872821,0.6528283275000035
No detected CH,10.280840811241847,0.6439952613597658,0.6350053046872821,0.6528283275000035
No detected CH,10.283578718248835,0.6439952613597658,0.6350053046872821,0.6528283275000035
No detected CH,10.286316625255823,0.6439952613597658,0.6350053046872821,0.6528283275000035
No detected CH,10.289054532262812,0.6439952613597658,0.6350053046872821,0.6528283275000035
No detected CH,10.2917924392698,0.6439952613597658,0.6350053046872821,0.6528283275000035
No detected CH,10.294530346276789,0.6439952613597658,0.6350053046872821,0.6528283275000035
No detected CH,10.297268253283777,0.6437871853464024,0.634790746458799,0.6526266618342563
No detected CH,10.300006160290765,0.6437871853464024,0.634790746458799,0.6526266618342563
No detected CH,10.302744067297754,0.6433702247341314,0.6343607894323173,0.6522225538283759
No detected CH,10.305481974304742,0.6433702247341314,0.6343607894323173,0.6522225538283759
No detected CH,10.30821988131173,0.6433702247341314,0.6343607894323173,0.6522225538283759
No detected CH,10.310957788318719,0.6433702247341314,0.6343607894323173,0.6522225538283759
No detected CH,10.313695695325707,0.6433702247341314,0.6343607894323173,0.6522225538283759
No detected CH,10.316433602332697,0.6431600417139635,0.6341439921226926,0.652018910652451
No detected CH,10.319171509339686,0.6431600417139635,0.6341439921226926,0.652018910652451
No detected CH,10.321909416346674,0.6431600417139635,0.6341439921226926,0.652018910652451
No detected CH,10.324647323353663,0.6431600417139635,0.6341439921226926,0.652018910652451
No detected CH,10.327385230360651,0.6429484759107681,0.6339257150543737,0.65181397948499
No detected CH,10.33012313736764,0.6429484759107681,0.6339257150543737,0.65181397948499
No detected CH,10.332861044374628,0.6427362116400812,0.6337066956456779,0.6516083928750049
No detected CH,10.335598951381616,0.6427362116400812,0.6337066956456779,0.6516083928750049
No detected CH,10.338336858388605,0.6427362116400812,0.6337066956456779,0.6516083928750049
No detected CH,10.341074765395593,0.6427362116400812,0.6337066956456779,0.6516083928750049
No detected CH,10.343812672402581,0.6427362116400812,0.6337066956456779,0.6516083928750049
No detected CH,10.34655057940957,0.6427362116400812,0.6337066956456779,0.6516083928750049
No detected CH,10.349288486416558,0.6427362116400812,0.6337066956456779,0.6516083928750049
No detected CH,10.352026393423547,0.6427362116400812,0.6337066956456779,0.6516083928750049
No detected CH,10.354764300430535,0.6427362116400812,0.6337066956456779,0.6516083928750049
No detected CH,10.357502207437523,0.6427362116400812,0.6337066956456779,0.6516083928750049
No detected CH,10.360240114444514,0.6427362116400812,0.6337066956456779,0.6516083928750049
No detected CH,10.362978021451502,0.6427362116400812,0.6337066956456779,0.6516083928750049
No detected CH,10.36571592845849,0.6427362116400812,0.6337066956456779,0.6516083928750049
No detected CH,10.368453835465479,0.6427362116400812,0.6337066956456779,0.6516083928750049
No detected CH,10.371191742472467,0.6427362116400812,0.6337066956456779,0.6516083928750049
No detected CH,10.376667556486444,0.6425195102875391,0.6334828992849668,0.6513987007337753
No detected CH,10.379405463493432,0.6425195102875391,0.6334828992849668,0.6513987007337753
No detected CH,10.38214337050042,0.6423023695270499,0.6332586399758625,0.6511885924018335
No detected CH,10.384881277507409,0.6423023695270499,0.6332586399758625,0.6511885924018335
No detected CH,10.387619184514397,0.6423023695270499,0.6332586399758625,0.6511885924018335
No detected CH,10.390357091521386,0.6423023695270499,0.6332586399758625,0.6511885924018335
No detected CH,10.393094998528374,0.6423023695270499,0.6332586399758625,0.6511885924018335
No detected CH,10.395832905535363,0.6423023695270499,0.6332586399758625,0.6511885924018335
No detected CH,10.398570812542351,0.6423023695270499,0.6332586399758625,0.6511885924018335
No detected CH,10.40130871954934,0.6423023695270499,0.6332586399758625,0.6511885924018335
No detected CH,10.40404662655633,0.6423023695270499,0.6332586399758625,0.6511885924018335
No detected CH,10.406784533563318,0.6423023695270499,0.6332586399758625,0.6511885924018335
No detected CH,10.409522440570306,0.6423023695270499,0.6332586399758625,0.6511885924018335
No detected CH,10.412260347577295,0.6420813432471025,0.6330301927513683,0.6509748935356822
No detected CH,10.414998254584283,0.6420813432471025,0.6330301927513683,0.6509748935356822
No detected CH,10.417736161591272,0.6420813432471025,0.6330301927513683,0.6509748935356822
No detected CH,10.42047406859826,0.6420813432471025,0.6330301927513683,0.6509748935356822
No detected CH,10.423211975605248,0.6420813432471025,0.6330301927513683,0.6509748935356822
No detected CH,10.425949882612237,0.6418594001626756,0.6328007662454108,0.6507603390377926
No detected CH,10.428687789619225,0.6418594001626756,0.6328007662454108,0.6507603390377926
No detected CH,10.431425696626214,0.6418594001626756,0.6328007662454108,0.6507603390377926
No detected CH,10.434163603633202,0.6418594001626756,0.6328007662454108,0.6507603390377926
No detected CH,10.43690151064019,0.6418594001626756,0.6328007662454108,0.6507603390377926
No detected CH,10.439639417647179,0.6418594001626756,0.6328007662454108,0.6507603390377926
No detected CH,10.442377324654167,0.6418594001626756,0.6328007662454108,0.6507603390377926
No detected CH,10.445115231661157,0.6418594001626756,0.6328007662454108,0.6507603390377926
No detected CH,10.447853138668146,0.6418594001626756,0.6328007662454108,0.6507603390377926
No detected CH,10.450591045675134,0.6418594001626756,0.6328007662454108,0.6507603390377926
No detected CH,10.453328952682122,0.6418594001626756,0.6328007662454108,0.6507603390377926
No detected CH,10.45606685968911,0.6418594001626756,0.6328007662454108,0.6507603390377926
No detected CH,10.4588047666961,0.6418594001626756,0.6328007662454108,0.6507603390377926
No detected CH,10.461542673703088,0.6418594001626756,0.6328007662454108,0.6507603390377926
No detected CH,10.464280580710076,0.6418594001626756,0.6328007662454108,0.6507603390377926
No detected CH,10.467018487717064,0.6418594001626756,0.6328007662454108,0.6507603390377926
No detected CH,10.469756394724053,0.6418594001626756,0.6328007662454108,0.6507603390377926
No detected CH,10.472494301731041,0.6418594001626756,0.6328007662454108,0.6507603390377926
No detected CH,10.47523220873803,0.6416317904463059,0.6325652148399509,0.6505405647200282
No detected CH,10.477970115745018,0.6416317904463059,0.6325652148399509,0.6505405647200282
No detected CH,10.480708022752006,0.6416317904463059,0.6325652148399509,0.6505405647200282
No detected CH,10.483445929758995,0.6414032890964319,0.6323287105037345,0.6503199588015993
No detected CH,10.486183836765983,0.6414032890964319,0.6323287105037345,0.6503199588015993
No detected CH,10.488921743772973,0.6411738887784432,0.6320912452120405,0.6500985146228304
No detected CH,10.491659650779962,0.6411738887784432,0.6320912452120405,0.6500985146228304
No detected CH,10.49439755778695,0.6411738887784432,0.6320912452120405,0.6500985146228304
No detected CH,10.497135464793939,0.6411738887784432,0.6320912452120405,0.6500985146228304
No detected CH,10.499873371800927,0.6409434164963518,0.6318526311580236,0.6498760736189774
No detected CH,10.502611278807915,0.6409434164963518,0.6318526311580236,0.6498760736189774
No detected CH,10.505349185814904,0.6409434164963518,0.6318526311580236,0.6498760736189774
No detected CH,10.508087092821892,0.6409434164963518,0.6318526311580236,0.6498760736189774
No detected CH,10.51082499982888,0.6409434164963518,0.6318526311580236,0.6498760736189774
No detected CH,10.513562906835869,0.6407111064505032,0.6316120367023421,0.6496519341305215
No detected CH,10.516300813842857,0.6407111064505032,0.6316120367023421,0.6496519341305215
No detected CH,10.519038720849846,0.6407111064505032,0.6316120367023421,0.6496519341305215
No detected CH,10.521776627856834,0.6407111064505032,0.6316120367023421,0.6496519341305215
No detected CH,10.524514534863822,0.6407111064505032,0.6316120367023421,0.6496519341305215
No detected CH,10.52725244187081,0.6407111064505032,0.6316120367023421,0.6496519341305215
No detected CH,10.529990348877801,0.6407111064505032,0.6316120367023421,0.6496519341305215
No detected CH,10.53272825588479,0.6407111064505032,0.6316120367023421,0.6496519341305215
No detected CH,10.535466162891778,0.6407111064505032,0.6316120367023421,0.6496519341305215
No detected CH,10.538204069898766,0.640475030140094,0.6313673646546025,0.6494243319659886
No detected CH,10.540941976905755,0.640475030140094,0.6313673646546025,0.6494243319659886
No detected CH,10.543679883912743,0.640475030140094,0.6313673646546025,0.6494243319659886
No detected CH,10.546417790919731,0.640475030140094,0.6313673646546025,0.6494243319659886
No detected CH,10.54915569792672,0.640475030140094,0.6313673646546025,0.6494243319659886
No detected CH,10.551893604933708,0.6402364030796841,0.6311199336185943,0.64919438221656
No detected CH,10.554631511940697,0.6402364030796841,0.6311199336185943,0.64919438221656
No detected CH,10.557369418947685,0.6402364030796841,0.6311199336185943,0.64919438221656
No detected CH,10.560107325954673,0.639996614164673,0.6308712544249238,0.6489633550233012
No detected CH,10.562845232961662,0.639996614164673,0.6308712544249238,0.6489633550233012
No detected CH,10.56558313996865,0.639996614164673,0.6308712544249238,0.6489633550233012
No detected CH,10.568321046975639,0.639996614164673,0.6308712544249238,0.6489633550233012
No detected CH,10.571058953982627,0.639996614164673,0.6308712544249238,0.6489633550233012
No detected CH,10.573796860989617,0.639996614164673,0.6308712544249238,0.6489633550233012
No detected CH,10.576534767996606,0.639996614164673,0.6308712544249238,0.6489633550233012
No detected CH,10.579272675003594,0.639996614164673,0.6308712544249238,0.6489633550233012
No detected CH,10.582010582010582,0.639996614164673,0.6308712544249238,0.6489633550233012
No detected CH,10.58474848901757,0.6397531768827541,0.6306186172606361,0.6487289813317535
No detected CH,10.587486396024559,0.6397531768827541,0.6306186172606361,0.6487289813317535
No detected CH,10.590224303031547,0.6397531768827541,0.6306186172606361,0.6487289813317535
No detected CH,10.592962210038536,0.6397531768827541,0.6306186172606361,0.6487289813317535
No detected CH,10.595700117045524,0.6397531768827541,0.6306186172606361,0.6487289813317535
No detected CH,10.598438024052513,0.6397531768827541,0.6306186172606361,0.6487289813317535
No detected CH,10.601175931059501,0.6395071179685684,0.6303631385324604,0.6484922005438679
No detected CH,10.60391383806649,0.6392610590543827,0.6301076784059624,0.6482554020337132
No detected CH,10.606651745073478,0.6392610590543827,0.6301076784059624,0.6482554020337132
No detected CH,10.609389652080466,0.6392610590543827,0.6301076784059624,0.6482554020337132
No detected CH,10.612127559087455,0.6392610590543827,0.6301076784059624,0.6482554020337132
No detected CH,10.617603373101433,0.6392610590543827,0.6301076784059624,0.6482554020337132
No detected CH,10.620341280108422,0.638764352714791,0.6295918060393145,0.6477775717232641
No detected CH,10.62307918711541,0.638764352714791,0.6295918060393145,0.6477775717232641
No detected CH,10.625817094122398,0.638764352714791,0.6295918060393145,0.6477775717232641
No detected CH,10.628555001129387,0.638764352714791,0.6295918060393145,0.6477775717232641
No detected CH,10.631292908136375,0.638764352714791,0.6295918060393145,0.6477775717232641
No detected CH,10.634030815143364,0.638764352714791,0.6295918060393145,0.6477775717232641
No detected CH,10.636768722150352,0.638764352714791,0.6295918060393145,0.6477775717232641
No detected CH,10.63950662915734,0.638764352714791,0.6295918060393145,0.6477775717232641
No detected CH,10.642244536164329,0.638764352714791,0.6295918060393145,0.6477775717232641
No detected CH,10.644982443171317,0.638764352714791,0.6295918060393145,0.6477775717232641
No detected CH,10.647720350178306,0.638764352714791,0.6295918060393145,0.6477775717232641
No detected CH,10.653196164192282,0.638764352714791,0.6295918060393145,0.6477775717232641
No detected CH,10.65593407119927,0.638764352714791,0.6295918060393145,0.6477775717232641
No detected CH,10.658671978206261,0.638764352714791,0.6295918060393145,0.6477775717232641
No detected CH,10.66140988521325,0.6385098649248648,0.6293271931570423,0.647533050310294
No detected CH,10.666885699227226,0.6385098649248648,0.6293271931570423,0.647533050310294
No detected CH,10.669623606234214,0.6385098649248648,0.6293271931570423,0.647533050310294
No detected CH,10.672361513241203,0.6385098649248648,0.6293271931570423,0.647533050310294
No detected CH,10.675099420248191,0.6385098649248648,0.6293271931570423,0.647533050310294
No detected CH,10.67783732725518,0.6385098649248648,0.6293271931570423,0.647533050310294
No detected CH,10.680575234262168,0.6385098649248648,0.6293271931570423,0.647533050310294
No detected CH,10.683313141269156,0.6385098649248648,0.6293271931570423,0.647533050310294
No detected CH,10.686051048276145,0.6379938973572488,0.6287903755659241,0.6470376007022143
No detected CH,10.688788955283133,0.6377353909158561,0.6285214272801619,0.6467893702908003
No detected CH,10.691526862290122,0.6377353909158561,0.6285214272801619,0.6467893702908003
No detected CH,10.69426476929711,0.6377353909158561,0.6285214272801619,0.6467893702908003
No detected CH,10.697002676304098,0.6377353909158561,0.6285214272801619,0.6467893702908003
No detected CH,10.699740583311087,0.6377353909158561,0.6285214272801619,0.6467893702908003
No detected CH,10.702478490318077,0.6374748780927695,0.6282503023119871,0.646539299714447
No detected CH,10.705216397325065,0.6374748780927695,0.6282503023119871,0.646539299714447
No detected CH,10.707954304332054,0.6374748780927695,0.6282503023119871,0.646539299714447
No detected CH,10.710692211339042,0.6374748780927695,0.6282503023119871,0.646539299714447
No detected CH,10.71343011834603,0.6374748780927695,0.6282503023119871,0.646539299714447
No detected CH,10.716168025353019,0.6374748780927695,0.6282503023119871,0.646539299714447
No detected CH,10.718905932360007,0.6374748780927695,0.6282503023119871,0.646539299714447
No detected CH,10.721643839366996,0.6374748780927695,0.6282503023119871,0.646539299714447
No detected CH,10.724381746373984,0.6374748780927695,0.6282503023119871,0.646539299714447
No detected CH,10.727119653380973,0.6374748780927695,0.6282503023119871,0.646539299714447
No detected CH,10.729857560387961,0.6374748780927695,0.6282503023119871,0.646539299714447
No detected CH,10.73259546739495,0.6372081522023542,0.6279723811804997,0.6462835840442502
No detected CH,10.735333374401938,0.6372081522023542,0.6279723811804997,0.6462835840442502
No detected CH,10.738071281408926,0.6372081522023542,0.6279723811804997,0.6462835840442502
No detected CH,10.740809188415914,0.6372081522023542,0.6279723811804997,0.6462835840442502
No detected CH,10.743547095422905,0.6372081522023542,0.6279723811804997,0.6462835840442502
No detected CH,10.746285002429893,0.6372081522023542,0.6279723811804997,0.6462835840442502
No detected CH,10.749022909436881,0.6372081522023542,0.6279723811804997,0.6462835840442502
No detected CH,10.75176081644387,0.6372081522023542,0.6279723811804997,0.6462835840442502
No detected CH,10.754498723450858,0.6366632970059434,0.6274040733183096,0.6457617843912576
No detected CH,10.757236630457847,0.6366632970059434,0.6274040733183096,0.6457617843912576
No detected CH,10.759974537464835,0.6366632970059434,0.6274040733183096,0.6457617843912576
No detected CH,10.762712444471823,0.6366632970059434,0.6274040733183096,0.6457617843912576
No detected CH,10.765450351478812,0.6366632970059434,0.6274040733183096,0.6457617843912576
No detected CH,10.7681882584858,0.6366632970059434,0.6274040733183096,0.6457617843912576
No detected CH,10.770926165492789,0.6366632970059434,0.6274040733183096,0.6457617843912576
No detected CH,10.773664072499777,0.6366632970059434,0.6274040733183096,0.6457617843912576
No detected CH,10.776401979506765,0.6366632970059434,0.6274040733183096,0.6457617843912576
No detected CH,10.779139886513754,0.6366632970059434,0.6274040733183096,0.6457617843912576
No detected CH,10.781877793520742,0.6366632970059434,0.6274040733183096,0.6457617843912576
No detected CH,10.78461570052773,0.6366632970059434,0.6274040733183096,0.6457617843912576
No detected CH,10.78735360753472,0.6366632970059434,0.6274040733183096,0.6457617843912576
No detected CH,10.79009151454171,0.6363823335032929,0.6271105484616656,0.6454931618490287
No detected CH,10.792829421548698,0.6363823335032929,0.6271105484616656,0.6454931618490287
No detected CH,10.795567328555686,0.6363823335032929,0.6271105484616656,0.6454931618490287
No detected CH,10.798305235562674,0.6363823335032929,0.6271105484616656,0.6454931618490287
No detected CH,10.801043142569663,0.6363823335032929,0.6271105484616656,0.6454931618490287
No detected CH,10.803781049576651,0.6363823335032929,0.6271105484616656,0.6454931618490287
No detected CH,10.80651895658364,0.6360974712233004,0.6268127457507556,0.6452210098370698
No detected CH,10.809256863590628,0.6360974712233004,0.6268127457507556,0.6452210098370698
No detected CH,10.811994770597616,0.6360974712233004,0.6268127457507556,0.6452210098370698
No detected CH,10.814732677604605,0.6360974712233004,0.6268127457507556,0.6452210098370698
No detected CH,10.817470584611593,0.6360974712233004,0.6268127457507556,0.6452210098370698
No detected CH,10.820208491618581,0.6360974712233004,0.6268127457507556,0.6452210098370698
No detected CH,10.82294639862557,0.6360974712233004,0.6268127457507556,0.6452210098370698
No detected CH,10.825684305632558,0.6360974712233004,0.6268127457507556,0.6452210098370698
No detected CH,10.828422212639547,0.6360974712233004,0.6268127457507556,0.6452210098370698
No detected CH,10.831160119646537,0.6360974712233004,0.6268127457507556,0.6452210098370698
No detected CH,10.833898026653525,0.6360974712233004,0.6268127457507556,0.6452210098370698
No detected CH,10.836635933660514,0.6360974712233004,0.6268127457507556,0.6452210098370698
No detected CH,10.839373840667502,0.6360974712233004,0.6268127457507556,0.6452210098370698
No detected CH,10.84211174767449,0.6360974712233004,0.6268127457507556,0.6452210098370698
No detected CH,10.844849654681479,0.6360974712233004,0.6268127457507556,0.6452210098370698
No detected CH,10.847587561688467,0.6360974712233004,0.6268127457507556,0.6452210098370698
No detected CH,10.850325468695456,0.6358025720711338,0.6265038565804565,0.6449398423551046
No detected CH,10.853063375702444,0.6355065745981024,0.6261937848422152,0.6446576590957204
No detected CH,10.855801282709432,0.6355065745981024,0.6261937848422152,0.6446576590957204
No detected CH,10.85853918971642,0.6355065745981024,0.6261937848422152,0.6446576590957204
No detected CH,10.86127709672341,0.6355065745981024,0.6261937848422152,0.6446576590957204
No detected CH,10.864015003730398,0.6355065745981024,0.6261937848422152,0.6446576590957204
No detected CH,10.866752910737386,0.6355065745981024,0.6261937848422152,0.6446576590957204
No detected CH,10.869490817744374,0.6355065745981024,0.6261937848422152,0.6446576590957204
No detected CH,10.872228724751364,0.6355065745981024,0.6261937848422152,0.6446576590957204
No detected CH,10.874966631758353,0.6352049578090193,0.6258775064206861,0.6443704283048292
No detected CH,10.877704538765341,0.6352049578090193,0.6258775064206861,0.6443704283048292
No detected CH,10.88044244577233,0.6352049578090193,0.6258775064206861,0.6443704283048292
No detected CH,10.883180352779318,0.6352049578090193,0.6258775064206861,0.6443704283048292
No detected CH,10.885918259786306,0.6352049578090193,0.6258775064206861,0.6443704283048292
No detected CH,10.888656166793295,0.6352049578090193,0.6258775064206861,0.6443704283048292
No detected CH,10.891394073800283,0.6352049578090193,0.6258775064206861,0.6443704283048292
No detected CH,10.894131980807272,0.6352049578090193,0.6258775064206861,0.6443704283048292
No detected CH,10.89686988781426,0.6352049578090193,0.6258775064206861,0.6443704283048292
No detected CH,10.899607794821248,0.6352049578090193,0.6258775064206861,0.6443704283048292
No detected CH,10.902345701828237,0.6352049578090193,0.6258775064206861,0.6443704283048292
No detected CH,10.905083608835225,0.6352049578090193,0.6258775064206861,0.6443704283048292
No detected CH,10.907821515842214,0.6352049578090193,0.6258775064206861,0.6443704283048292
No detected CH,10.910559422849202,0.6352049578090193,0.6258775064206861,0.6443704283048292
No detected CH,10.91329732985619,0.6352049578090193,0.6258775064206861,0.6443704283048292
No detected CH,10.91603523686318,0.6348918947445497,0.6255485113738719,0.6440729869455168
No detected CH,10.918773143870169,0.6348918947445497,0.6255485113738719,0.6440729869455168
No detected CH,10.921511050877157,0.6348918947445497,0.6255485113738719,0.6440729869455168
No detected CH,10.924248957884146,0.6348918947445497,0.6255485113738719,0.6440729869455168
No detected CH,10.926986864891134,0.6348918947445497,0.6255485113738719,0.6440729869455168
No detected CH,10.929724771898123,0.6348918947445497,0.6255485113738719,0.6440729869455168
No detected CH,10.932462678905111,0.6348918947445497,0.6255485113738719,0.6440729869455168
No detected CH,10.9352005859121,0.6348918947445497,0.6255485113738719,0.6440729869455168
No detected CH,10.937938492919088,0.6348918947445497,0.6255485113738719,0.6440729869455168
No detected CH,10.940676399926076,0.6348918947445497,0.6255485113738719,0.6440729869455168
No detected CH,10.943414306933064,0.6348918947445497,0.6255485113738719,0.6440729869455168
No detected CH,10.946152213940053,0.6348918947445497,0.6255485113738719,0.6440729869455168
No detected CH,10.948890120947041,0.6348918947445497,0.6255485113738719,0.6440729869455168
No detected CH,10.95162802795403,0.6348918947445497,0.6255485113738719,0.6440729869455168
No detected CH,10.954365934961018,0.6348918947445497,0.6255485113738719,0.6440729869455168
No detected CH,10.957103841968008,0.6348918947445497,0.6255485113738719,0.6440729869455168
No detected CH,10.959841748974997,0.6345683005066575,0.6252077797676199,0.6437661867262431
No detected CH,10.962579655981985,0.6345683005066575,0.6252077797676199,0.6437661867262431
No detected CH,10.965317562988973,0.6345683005066575,0.6252077797676199,0.6437661867262431
No detected CH,10.968055469995962,0.6342432142871356,0.6248654273587368,0.643458020472211
No detected CH,10.97079337700295,0.6342432142871356,0.6248654273587368,0.643458020472211
No detected CH,10.973531284009939,0.6342432142871356,0.6248654273587368,0.643458020472211
No detected CH,10.976269191016927,0.6342432142871356,0.6248654273587368,0.643458020472211
No detected CH,10.979007098023915,0.6339149310499269,0.6245195412135305,0.6431469851953053
No detected CH,10.981745005030904,0.6339149310499269,0.6245195412135305,0.6431469851953053
No detected CH,10.984482912037892,0.6335849388942528,0.6241717910947346,0.6428343924596621
No detected CH,10.98722081904488,0.6335849388942528,0.6241717910947346,0.6428343924596621
No detected CH,10.989958726051869,0.6335849388942528,0.6241717910947346,0.6428343924596621
No detected CH,10.992696633058857,0.6335849388942528,0.6241717910947346,0.6428343924596621
No detected CH,10.995434540065846,0.6335849388942528,0.6241717910947346,0.6428343924596621
No detected CH,10.998172447072834,0.6335849388942528,0.6241717910947346,0.6428343924596621
No detected CH,11.000910354079824,0.6335849388942528,0.6241717910947346,0.6428343924596621
No detected CH,11.003648261086813,0.6335849388942528,0.6241717910947346,0.6428343924596621
No detected CH,11.006386168093801,0.6335849388942528,0.6241717910947346,0.6428343924596621
No detected CH,11.00912407510079,0.6335849388942528,0.6241717910947346,0.6428343924596621
No detected CH,11.011861982107778,0.6335849388942528,0.6241717910947346,0.6428343924596621
No detected CH,11.014599889114766,0.6335849388942528,0.6241717910947346,0.6428343924596621
No detected CH,11.017337796121755,0.6335849388942528,0.6241717910947346,0.6428343924596621
No detected CH,11.020075703128743,0.6335849388942528,0.6241717910947346,0.6428343924596621
No detected CH,11.022813610135731,0.6335849388942528,0.6241717910947346,0.6428343924596621
No detected CH,11.02555151714272,0.6332448503602248,0.6238127415299549,0.6425128731518269
No detected CH,11.028289424149708,0.6332448503602248,0.6238127415299549,0.6425128731518269
No detected CH,11.031027331156697,0.6332448503602248,0.6238127415299549,0.6425128731518269
No detected CH,11.033765238163685,0.6332448503602248,0.6238127415299549,0.6425128731518269
No detected CH,11.036503145170673,0.6329018141465953,0.6234504316239153,0.6421887107752935
No detected CH,11.039241052177662,0.6329018141465953,0.6234504316239153,0.6421887107752935
No detected CH,11.04197895918465,0.6329018141465953,0.6234504316239153,0.6421887107752935
No detected CH,11.04471686619164,0.6329018141465953,0.6234504316239153,0.6421887107752935
No detected CH,11.047454773198629,0.6329018141465953,0.6234504316239153,0.6421887107752935
No detected CH,11.050192680205617,0.6329018141465953,0.6234504316239153,0.6421887107752935
No detected CH,11.052930587212606,0.6329018141465953,0.6234504316239153,0.6421887107752935
No detected CH,11.055668494219594,0.6325505922741499,0.6230789437884768,0.641857327574456
No detected CH,11.058406401226582,0.6321989799382555,0.6227070838477505,0.6415255369646882
No detected CH,11.06114430823357,0.6318457961505805,0.6223335166010894,0.6411923077711459
No detected CH,11.06388221524056,0.6318457961505805,0.6223335166010894,0.6411923077711459
No detected CH,11.066620122247548,0.6318457961505805,0.6223335166010894,0.6411923077711459
No detected CH,11.069358029254536,0.6318457961505805,0.6223335166010894,0.6411923077711459
No detected CH,11.072095936261524,0.6318457961505805,0.6223335166010894,0.6411923077711459
No detected CH,11.074833843268513,0.6318457961505805,0.6223335166010894,0.6411923077711459
No detected CH,11.077571750275501,0.6314876069237377,0.6219543558844997,0.6408546452498395
No detected CH,11.08030965728249,0.6314876069237377,0.6219543558844997,0.6408546452498395
No detected CH,11.083047564289478,0.6314876069237377,0.6219543558844997,0.6408546452498395
No detected CH,11.085785471296468,0.6314876069237377,0.6219543558844997,0.6408546452498395
No detected CH,11.088523378303456,0.6314876069237377,0.6219543558844997,0.6408546452498395
No detected CH,11.091261285310445,0.6314876069237377,0.6219543558844997,0.6408546452498395
No detected CH,11.093999192317433,0.6314876069237377,0.6219543558844997,0.6408546452498395
No detected CH,11.096737099324422,0.6314876069237377,0.6219543558844997,0.6408546452498395
No detected CH,11.09947500633141,0.6314876069237377,0.6219543558844997,0.6408546452498395
No detected CH,11.102212913338398,0.6314876069237377,0.6219543558844997,0.6408546452498395
No detected CH,11.104950820345387,0.6314876069237377,0.6219543558844997,0.6408546452498395
No detected CH,11.107688727352375,0.6314876069237377,0.6219543558844997,0.6408546452498395
No detected CH,11.110426634359364,0.6314876069237377,0.6219543558844997,0.6408546452498395
No detected CH,11.113164541366352,0.6314876069237377,0.6219543558844997,0.6408546452498395
No detected CH,11.11590244837334,0.6314876069237377,0.6219543558844997,0.6408546452498395
No detected CH,11.118640355380329,0.6314876069237377,0.6219543558844997,0.6408546452498395
No detected CH,11.121378262387317,0.6314876069237377,0.6219543558844997,0.6408546452498395
No detected CH,11.124116169394306,0.6314876069237377,0.6219543558844997,0.6408546452498395
No detected CH,11.126854076401294,0.6314876069237377,0.6219543558844997,0.6408546452498395
No detected CH,11.129591983408284,0.6314876069237377,0.6219543558844997,0.6408546452498395
No detected CH,11.132329890415273,0.6314876069237377,0.6219543558844997,0.6408546452498395
No detected CH,11.135067797422261,0.6314876069237377,0.6219543558844997,0.6408546452498395
No detected CH,11.13780570442925,0.6314876069237377,0.6219543558844997,0.6408546452498395
No detected CH,11.140543611436238,0.6311034903745141,0.6215457781531895,0.640494445263204
No detected CH,11.143281518443226,0.6311034903745141,0.6215457781531895,0.640494445263204
No detected CH,11.146019425450215,0.6311034903745141,0.6215457781531895,0.640494445263204
No detected CH,11.148757332457203,0.6311034903745141,0.6215457781531895,0.640494445263204
No detected CH,11.151495239464191,0.6307148798508845,0.6211321592332052,0.6401302836137455
No detected CH,11.15423314647118,0.6307148798508845,0.6211321592332052,0.6401302836137455
No detected CH,11.156971053478168,0.6307148798508845,0.6211321592332052,0.6401302836137455
No detected CH,11.159708960485156,0.6307148798508845,0.6211321592332052,0.6401302836137455
No detected CH,11.165184774499133,0.6307148798508845,0.6211321592332052,0.6401302836137455
No detected CH,11.167922681506122,0.6307148798508845,0.6211321592332052,0.6401302836137455
No detected CH,11.17066058851311,0.6307148798508845,0.6211321592332052,0.6401302836137455
No detected CH,11.1733984955201,0.6307148798508845,0.6211321592332052,0.6401302836137455
No detected CH,11.176136402527089,0.6307148798508845,0.6211321592332052,0.6401302836137455
No detected CH,11.178874309534077,0.6307148798508845,0.6211321592332052,0.6401302836137455
No detected CH,11.181612216541065,0.630314171540941,0.6207047748242093,0.6397556441848941
No detected CH,11.184350123548054,0.630314171540941,0.6207047748242093,0.6397556441848941
No detected CH,11.187088030555042,0.630314171540941,0.6207047748242093,0.6397556441848941
No detected CH,11.18982593756203,0.630314171540941,0.6207047748242093,0.6397556441848941
No detected CH,11.192563844569019,0.630314171540941,0.6207047748242093,0.6397556441848941
No detected CH,11.195301751576007,0.630314171540941,0.6207047748242093,0.6397556441848941
No detected CH,11.198039658582996,0.630314171540941,0.6207047748242093,0.6397556441848941
No detected CH,11.200777565589984,0.630314171540941,0.6207047748242093,0.6397556441848941
No detected CH,11.203515472596973,0.630314171540941,0.6207047748242093,0.6397556441848941
No detected CH,11.206253379603961,0.630314171540941,0.6207047748242093,0.6397556441848941
No detected CH,11.20899128661095,0.630314171540941,0.6207047748242093,0.6397556441848941
No detected CH,11.211729193617938,0.630314171540941,0.6207047748242093,0.6397556441848941
No detected CH,11.214467100624928,0.630314171540941,0.6207047748242093,0.6397556441848941
No detected CH,11.217205007631916,0.630314171540941,0.6207047748242093,0.6397556441848941
No detected CH,11.219942914638905,0.630314171540941,0.6207047748242093,0.6397556441848941
No detected CH,11.222680821645893,0.6298997638015978,0.6202617363614418,0.6393692035569555
No detected CH,11.225418728652881,0.6298997638015978,0.6202617363614418,0.6393692035569555
No detected CH,11.22815663565987,0.6298997638015978,0.6202617363614418,0.6393692035569555
No detected CH,11.230894542666858,0.6298997638015978,0.6202617363614418,0.6393692035569555
No detected CH,11.233632449673847,0.6298997638015978,0.6202617363614418,0.6393692035569555
No detected CH,11.236370356680835,0.6298997638015978,0.6202617363614418,0.6393692035569555
No detected CH,11.239108263687823,0.6298997638015978,0.6202617363614418,0.6393692035569555
No detected CH,11.241846170694812,0.6294775789733126,0.6198098451304496,0.6389760308624808
No detected CH,11.2445840777018,0.6294775789733126,0.6198098451304496,0.6389760308624808
No detected CH,11.247321984708789,0.6294775789733126,0.6198098451304496,0.6389760308624808
No detected CH,11.250059891715777,0.6294775789733126,0.6198098451304496,0.6389760308624808
No detected CH,11.252797798722765,0.6290490714314655,0.6193507746729303,0.6385773677399517
No detected CH,11.255535705729754,0.6290490714314655,0.6193507746729303,0.6385773677399517
No detected CH,11.258273612736744,0.6290490714314655,0.6193507746729303,0.6385773677399517
No detected CH,11.261011519743732,0.6290490714314655,0.6193507746729303,0.6385773677399517
No detected CH,11.26374942675072,0.6290490714314655,0.6193507746729303,0.6385773677399517
No detected CH,11.26648733375771,0.6290490714314655,0.6193507746729303,0.6385773677399517
No detected CH,11.269225240764698,0.6290490714314655,0.6193507746729303,0.6385773677399517
No detected CH,11.271963147771686,0.6290490714314655,0.6193507746729303,0.6385773677399517
No detected CH,11.274701054778674,0.6290490714314655,0.6193507746729303,0.6385773677399517
No detected CH,11.277438961785663,0.6290490714314655,0.6193507746729303,0.6385773677399517
No detected CH,11.280176868792651,0.6290490714314655,0.6193507746729303,0.6385773677399517
No detected CH,11.28291477579964,0.6290490714314655,0.6193507746729303,0.6385773677399517
No detected CH,11.285652682806628,0.6290490714314655,0.6193507746729303,0.6385773677399517
No detected CH,11.288390589813616,0.6286051412469691,0.6188739456470514,0.638165549527721
No detected CH,11.291128496820605,0.6286051412469691,0.6188739456470514,0.638165549527721
No detected CH,11.293866403827593,0.6286051412469691,0.6188739456470514,0.638165549527721
No detected CH,11.296604310834581,0.6286051412469691,0.6188739456470514,0.638165549527721
No detected CH,11.299342217841572,0.6286051412469691,0.6188739456470514,0.638165549527721
No detected CH,11.30208012484856,0.6286051412469691,0.6188739456470514,0.638165549527721
No detected CH,11.304818031855548,0.6286051412469691,0.6188739456470514,0.638165549527721
No detected CH,11.307555938862537,0.6286051412469691,0.6188739456470514,0.638165549527721
No detected CH,11.310293845869525,0.6286051412469691,0.6188739456470514,0.638165549527721
No detected CH,11.313031752876514,0.6286051412469691,0.6188739456470514,0.638165549527721
No detected CH,11.315769659883502,0.6286051412469691,0.6188739456470514,0.638165549527721
No detected CH,11.31850756689049,0.6286051412469691,0.6188739456470514,0.638165549527721
No detected CH,11.321245473897479,0.6286051412469691,0.6188739456470514,0.638165549527721
No detected CH,11.323983380904467,0.6286051412469691,0.6188739456470514,0.638165549527721
No detected CH,11.326721287911456,0.6286051412469691,0.6188739456470514,0.638165549527721
No detected CH,11.329459194918444,0.6286051412469691,0.6188739456470514,0.638165549527721
No detected CH,11.332197101925432,0.6286051412469691,0.6188739456470514,0.638165549527721
No detected CH,11.33493500893242,0.6286051412469691,0.6188739456470514,0.638165549527721
No detected CH,11.33767291593941,0.6286051412469691,0.6188739456470514,0.638165549527721
No detected CH,11.340410822946398,0.6286051412469691,0.6188739456470514,0.638165549527721
No detected CH,11.343148729953388,0.6286051412469691,0.6188739456470514,0.638165549527721
No detected CH,11.345886636960376,0.6286051412469691,0.6188739456470514,0.638165549527721
No detected CH,11.348624543967365,0.6286051412469691,0.6188739456470514,0.638165549527721
No detected CH,11.351362450974353,0.6286051412469691,0.6188739456470514,0.638165549527721
No detected CH,11.354100357981341,0.6286051412469691,0.6188739456470514,0.638165549527721
No detected CH,11.35683826498833,0.6286051412469691,0.6188739456470514,0.638165549527721
No detected CH,11.359576171995318,0.6286051412469691,0.6188739456470514,0.638165549527721
No detected CH,11.362314079002306,0.6286051412469691,0.6188739456470514,0.638165549527721
No detected CH,11.365051986009295,0.6286051412469691,0.6188739456470514,0.638165549527721
No detected CH,11.367789893016283,0.6286051412469691,0.6188739456470514,0.638165549527721
No detected CH,11.370527800023272,0.6286051412469691,0.6188739456470514,0.638165549527721
No detected CH,11.37326570703026,0.6286051412469691,0.6188739456470514,0.638165549527721
No detected CH,11.376003614037248,0.6286051412469691,0.6188739456470514,0.638165549527721
No detected CH,11.378741521044237,0.6286051412469691,0.6188739456470514,0.638165549527721
No detected CH,11.381479428051225,0.6281086126993807,0.618335546142171,0.6377098354990276
No detected CH,11.384217335058214,0.6276109038145159,0.6177960008198368,0.637252908751928
No detected CH,11.386955242065204,0.6276109038145159,0.6177960008198368,0.637252908751928
No detected CH,11.389693149072192,0.6271080104621004,0.6172505682491423,0.6367914800101023
No detected CH,11.39243105607918,0.6271080104621004,0.6172505682491423,0.6367914800101023
No detected CH,11.395168963086169,0.6271080104621004,0.6172505682491423,0.6367914800101023
No detected CH,11.397906870093157,0.6271080104621004,0.6172505682491423,0.6367914800101023
No detected CH,11.400644777100146,0.6271080104621004,0.6172505682491423,0.6367914800101023
No detected CH,11.403382684107134,0.6271080104621004,0.6172505682491423,0.6367914800101023
No detected CH,11.406120591114123,0.6271080104621004,0.6172505682491423,0.6367914800101023
No detected CH,11.408858498121111,0.6271080104621004,0.6172505682491423,0.6367914800101023
No detected CH,11.4115964051281,0.6271080104621004,0.6172505682491423,0.6367914800101023
No detected CH,11.414334312135088,0.6271080104621004,0.6172505682491423,0.6367914800101023
No detected CH,11.417072219142076,0.6271080104621004,0.6172505682491423,0.6367914800101023
No detected CH,11.419810126149065,0.6271080104621004,0.6172505682491423,0.6367914800101023
No detected CH,11.422548033156053,0.6271080104621004,0.6172505682491423,0.6367914800101023
No detected CH,11.425285940163041,0.6265788053899806,0.6166741056732834,0.6363083142380311
No detected CH,11.428023847170032,0.6260460002833564,0.6160936561582916,0.6358219244370419
No detected CH,11.43076175417702,0.6260460002833564,0.6160936561582916,0.6358219244370419
No detected CH,11.433499661184008,0.6260460002833564,0.6160936561582916,0.6358219244370419
No detected CH,11.436237568190997,0.6260460002833564,0.6160936561582916,0.6358219244370419
No detected CH,11.438975475197985,0.6260460002833564,0.6160936561582916,0.6358219244370419
No detected CH,11.441713382204973,0.6260460002833564,0.6160936561582916,0.6358219244370419
No detected CH,11.444451289211962,0.6260460002833564,0.6160936561582916,0.6358219244370419
No detected CH,11.44718919621895,0.6260460002833564,0.6160936561582916,0.6358219244370419
No detected CH,11.449927103225939,0.6260460002833564,0.6160936561582916,0.6358219244370419
No detected CH,11.452665010232927,0.6260460002833564,0.6160936561582916,0.6358219244370419
No detected CH,11.455402917239915,0.6260460002833564,0.6160936561582916,0.6358219244370419
No detected CH,11.458140824246904,0.6260460002833564,0.6160936561582916,0.6358219244370419
No detected CH,11.460878731253892,0.6260460002833564,0.6160936561582916,0.6358219244370419
No detected CH,11.46361663826088,0.6260460002833564,0.6160936561582916,0.6358219244370419
No detected CH,11.466354545267869,0.6260460002833564,0.6160936561582916,0.6358219244370419
No detected CH,11.469092452274857,0.6260460002833564,0.6160936561582916,0.6358219244370419
No detected CH,11.471830359281848,0.6260460002833564,0.6160936561582916,0.6358219244370419
No detected CH,11.474568266288836,0.6254799550751436,0.6154736331250743,0.6353084325739236
No detected CH,11.480044080302813,0.6254799550751436,0.6154736331250743,0.6353084325739236
No detected CH,11.482781987309801,0.6254799550751436,0.6154736331250743,0.6353084325739236
No detected CH,11.48551989431679,0.6249076952809304,0.6148465076650798,0.634789587039103
No detected CH,11.488257801323778,0.6249076952809304,0.6148465076650798,0.634789587039103
No detected CH,11.490995708330766,0.6249076952809304,0.6148465076650798,0.634789587039103
No detected CH,11.493733615337755,0.6249076952809304,0.6148465076650798,0.634789587039103
No detected CH,11.496471522344743,0.6249076952809304,0.6148465076650798,0.634789587039103
No detected CH,11.499209429351732,0.6249076952809304,0.6148465076650798,0.634789587039103
No detected CH,11.50194733635872,0.6249076952809304,0.6148465076650798,0.634789587039103
No detected CH,11.504685243365708,0.6249076952809304,0.6148465076650798,0.634789587039103
No detected CH,11.507423150372697,0.6243170452853908,0.6141975386736527,0.6342556972227495
No detected CH,11.510161057379685,0.6243170452853908,0.6141975386736527,0.6342556972227495
No detected CH,11.512898964386675,0.6243170452853908,0.6141975386736527,0.6342556972227495
No detected CH,11.515636871393664,0.6243170452853908,0.6141975386736527,0.6342556972227495
No detected CH,11.518374778400652,0.6243170452853908,0.6141975386736527,0.6342556972227495
No detected CH,11.52111268540764,0.6243170452853908,0.6141975386736527,0.6342556972227495
No detected CH,11.523850592414629,0.6243170452853908,0.6141975386736527,0.6342556972227495
No detected CH,11.526588499421617,0.6243170452853908,0.6141975386736527,0.6342556972227495
No detected CH,11.529326406428606,0.6243170452853908,0.6141975386736527,0.6342556972227495
No detected CH,11.532064313435594,0.6243170452853908,0.6141975386736527,0.6342556972227495
No detected CH,11.534802220442582,0.6243170452853908,0.6141975386736527,0.6342556972227495
No detected CH,11.53754012744957,0.6243170452853908,0.6141975386736527,0.6342556972227495
No detected CH,11.54027803445656,0.6243170452853908,0.6141975386736527,0.6342556972227495
No detected CH,11.543015941463548,0.6243170452853908,0.6141975386736527,0.6342556972227495
No detected CH,11.545753848470536,0.6243170452853908,0.6141975386736527,0.6342556972227495
No detected CH,11.548491755477524,0.6243170452853908,0.6141975386736527,0.6342556972227495
No detected CH,11.551229662484513,0.6243170452853908,0.6141975386736527,0.6342556972227495
No detected CH,11.553967569491501,0.6243170452853908,0.6141975386736527,0.6342556972227495
No detected CH,11.556705476498491,0.6243170452853908,0.6141975386736527,0.6342556972227495
No detected CH,11.55944338350548,0.6243170452853908,0.6141975386736527,0.6342556972227495
No detected CH,11.562181290512468,0.6243170452853908,0.6141975386736527,0.6342556972227495
No detected CH,11.567657104526445,0.6243170452853908,0.6141975386736527,0.6342556972227495
No detected CH,11.570395011533433,0.6236864220073247,0.6135002702955777,0.6336898978045504
No detected CH,11.573132918540422,0.6236864220073247,0.6135002702955777,0.6336898978045504
No detected CH,11.57587082554741,0.6236864220073247,0.6135002702955777,0.6336898978045504
No detected CH,11.578608732554398,0.6236864220073247,0.6135002702955777,0.6336898978045504
No detected CH,11.581346639561387,0.6236864220073247,0.6135002702955777,0.6336898978045504
No detected CH,11.584084546568375,0.6236864220073247,0.6135002702955777,0.6336898978045504
No detected CH,11.586822453575364,0.6236864220073247,0.6135002702955777,0.6336898978045504
No detected CH,11.589560360582352,0.6236864220073247,0.6135002702955777,0.6336898978045504
No detected CH,11.59229826758934,0.6236864220073247,0.6135002702955777,0.6336898978045504
No detected CH,11.595036174596329,0.6236864220073247,0.6135002702955777,0.6336898978045504
No detected CH,11.597774081603317,0.6236864220073247,0.6135002702955777,0.6336898978045504
No detected CH,11.600511988610307,0.6236864220073247,0.6135002702955777,0.6336898978045504
No detected CH,11.603249895617296,0.6236864220073247,0.6135002702955777,0.6336898978045504
No detected CH,11.605987802624284,0.6236864220073247,0.6135002702955777,0.6336898978045504
No detected CH,11.608725709631273,0.6236864220073247,0.6135002702955777,0.6336898978045504
No detected CH,11.611463616638261,0.6236864220073247,0.6135002702955777,0.6336898978045504
No detected CH,11.61420152364525,0.6236864220073247,0.6135002702955777,0.6336898978045504
No detected CH,11.616939430652238,0.6236864220073247,0.6135002702955777,0.6336898978045504
No detected CH,11.619677337659226,0.6236864220073247,0.6135002702955777,0.6336898978045504
No detected CH,11.622415244666215,0.6236864220073247,0.6135002702955777,0.6336898978045504
No detected CH,11.625153151673203,0.6236864220073247,0.6135002702955777,0.6336898978045504
No detected CH,11.627891058680191,0.6236864220073247,0.6135002702955777,0.6336898978045504
No detected CH,11.63062896568718,0.6236864220073247,0.6135002702955777,0.6336898978045504
No detected CH,11.633366872694168,0.6236864220073247,0.6135002702955777,0.6336898978045504
No detected CH,11.636104779701157,0.6236864220073247,0.6135002702955777,0.6336898978045504
No detected CH,11.638842686708145,0.6236864220073247,0.6135002702955777,0.6336898978045504
No detected CH,11.641580593715135,0.6230070250334605,0.6127433530871594,0.6330858523148286
No detected CH,11.644318500722123,0.6230070250334605,0.6127433530871594,0.6330858523148286
No detected CH,11.647056407729112,0.6230070250334605,0.6127433530871594,0.6330858523148286
No detected CH,11.6497943147361,0.6223201374645151,0.6119778811651163,0.6324753447946232
No detected CH,11.652532221743089,0.6223201374645151,0.6119778811651163,0.6324753447946232
No detected CH,11.655270128750077,0.6223201374645151,0.6119778811651163,0.6324753447946232
No detected CH,11.658008035757065,0.6223201374645151,0.6119778811651163,0.6324753447946232
No detected CH,11.660745942764054,0.6223201374645151,0.6119778811651163,0.6324753447946232
No detected CH,11.663483849771042,0.6223201374645151,0.6119778811651163,0.6324753447946232
No detected CH,11.66622175677803,0.6223201374645151,0.6119778811651163,0.6324753447946232
No detected CH,11.668959663785019,0.6223201374645151,0.6119778811651163,0.6324753447946232
No detected CH,11.671697570792007,0.6216153581468882,0.6111908910731471,0.6318504534420021
No detected CH,11.674435477798996,0.6216153581468882,0.6111908910731471,0.6318504534420021
No detected CH,11.679911291812973,0.6216153581468882,0.6111908910731471,0.6318504534420021
No detected CH,11.682649198819961,0.6216153581468882,0.6111908910731471,0.6318504534420021
No detected CH,11.690862919840928,0.6216153581468882,0.6111908910731471,0.6318504534420021
No detected CH,11.693600826847916,0.6216153581468882,0.6111908910731471,0.6318504534420021
No detected CH,11.696338733854905,0.6216153581468882,0.6111908910731471,0.6318504534420021
No detected CH,11.699076640861893,0.6216153581468882,0.6111908910731471,0.6318504534420021
No detected CH,11.701814547868882,0.6216153581468882,0.6111908910731471,0.6318504534420021
No detected CH,11.70455245487587,0.6216153581468882,0.6111908910731471,0.6318504534420021
No detected CH,11.707290361882858,0.6216153581468882,0.6111908910731471,0.6318504534420021
No detected CH,11.710028268889847,0.6216153581468882,0.6111908910731471,0.6318504534420021
No detected CH,11.712766175896835,0.6216153581468882,0.6111908910731471,0.6318504534420021
No detected CH,11.715504082903824,0.6216153581468882,0.6111908910731471,0.6318504534420021
No detected CH,11.718241989910812,0.6216153581468882,0.6111908910731471,0.6318504534420021
No detected CH,11.7209798969178,0.6216153581468882,0.6111908910731471,0.6318504534420021
No detected CH,11.723717803924789,0.6216153581468882,0.6111908910731471,0.6318504534420021
No detected CH,11.726455710931779,0.6216153581468882,0.6111908910731471,0.6318504534420021
No detected CH,11.729193617938767,0.6216153581468882,0.6111908910731471,0.6318504534420021
No detected CH,11.731931524945756,0.6216153581468882,0.6111908910731471,0.6318504534420021
No detected CH,11.734669431952744,0.6216153581468882,0.6111908910731471,0.6318504534420021
No detected CH,11.737407338959732,0.6216153581468882,0.6111908910731471,0.6318504534420021
No detected CH,11.74014524596672,0.6216153581468882,0.6111908910731471,0.6318504534420021
No detected CH,11.74288315297371,0.6216153581468882,0.6111908910731471,0.6318504534420021
No detected CH,11.745621059980698,0.6208431651554014,0.6103198293452267,0.6311742606826363
No detected CH,11.748358966987686,0.6208431651554014,0.6103198293452267,0.6311742606826363
No detected CH,11.751096873994674,0.6208431651554014,0.6103198293452267,0.6311742606826363
No detected CH,11.753834781001663,0.6208431651554014,0.6103198293452267,0.6311742606826363
No detected CH,11.75931059501564,0.6208431651554014,0.6103198293452267,0.6311742606826363
No detected CH,11.762048502022628,0.6208431651554014,0.6103198293452267,0.6311742606826363
No detected CH,11.764786409029616,0.6208431651554014,0.6103198293452267,0.6311742606826363
No detected CH,11.767524316036605,0.6208431651554014,0.6103198293452267,0.6311742606826363
No detected CH,11.770262223043595,0.6208431651554014,0.6103198293452267,0.6311742606826363
No detected CH,11.773000130050583,0.6208431651554014,0.6103198293452267,0.6311742606826363
No detected CH,11.775738037057572,0.6208431651554014,0.6103198293452267,0.6311742606826363
No detected CH,11.77847594406456,0.6208431651554014,0.6103198293452267,0.6311742606826363
No detected CH,11.781213851071549,0.6208431651554014,0.6103198293452267,0.6311742606826363
No detected CH,11.783951758078537,0.6208431651554014,0.6103198293452267,0.6311742606826363
No detected CH,11.786689665085525,0.6208431651554014,0.6103198293452267,0.6311742606826363
No detected CH,11.789427572092514,0.6208431651554014,0.6103198293452267,0.6311742606826363
No detected CH,11.792165479099502,0.6208431651554014,0.6103198293452267,0.6311742606826363
No detected CH,11.79490338610649,0.6208431651554014,0.6103198293452267,0.6311742606826363
No detected CH,11.797641293113479,0.6208431651554014,0.6103198293452267,0.6311742606826363
No detected CH,11.800379200120467,0.6208431651554014,0.6103198293452267,0.6311742606826363
No detected CH,11.803117107127456,0.6208431651554014,0.6103198293452267,0.6311742606826363
No detected CH,11.805855014134444,0.6208431651554014,0.6103198293452267,0.6311742606826363
No detected CH,11.808592921141432,0.6208431651554014,0.6103198293452267,0.6311742606826363
No detected CH,11.81133082814842,0.6208431651554014,0.6103198293452267,0.6311742606826363
No detected CH,11.814068735155411,0.6208431651554014,0.6103198293452267,0.6311742606826363
No detected CH,11.8168066421624,0.6208431651554014,0.6103198293452267,0.6311742606826363
No detected CH,11.819544549169388,0.6208431651554014,0.6103198293452267,0.6311742606826363
No detected CH,11.822282456176376,0.6208431651554014,0.6103198293452267,0.6311742606826363
No detected CH,11.825020363183365,0.6208431651554014,0.6103198293452267,0.6311742606826363
No detected CH,11.827758270190353,0.6208431651554014,0.6103198293452267,0.6311742606826363
No detected CH,11.830496177197341,0.6208431651554014,0.6103198293452267,0.6311742606826363
No detected CH,11.83323408420433,0.6208431651554014,0.6103198293452267,0.6311742606826363
No detected CH,11.835971991211318,0.6208431651554014,0.6103198293452267,0.6311742606826363
No detected CH,11.838709898218307,0.6208431651554014,0.6103198293452267,0.6311742606826363
No detected CH,11.841447805225295,0.6208431651554014,0.6103198293452267,0.6311742606826363
No detected CH,11.844185712232283,0.6199675048378338,0.6093166881806983,0.6304222580010682
No detected CH,11.846923619239272,0.6199675048378338,0.6093166881806983,0.6304222580010682
No detected CH,11.852399433253249,0.6199675048378338,0.6093166881806983,0.6304222580010682
No detected CH,11.855137340260239,0.6199675048378338,0.6093166881806983,0.6304222580010682
No detected CH,11.857875247267227,0.6190792992435102,0.6082990488468879,0.6296595849719704
No detected CH,11.863351061281204,0.6190792992435102,0.6082990488468879,0.6296595849719704
No detected CH,11.866088968288192,0.6190792992435102,0.6082990488468879,0.6296595849719704
No detected CH,11.86882687529518,0.6181833812995977,0.6072732606227013,0.6288896092940351
No detected CH,11.871564782302169,0.6181833812995977,0.6072732606227013,0.6288896092940351
No detected CH,11.874302689309157,0.6181833812995977,0.6072732606227013,0.6288896092940351
No detected CH,11.877040596316146,0.6181833812995977,0.6072732606227013,0.6288896092940351
No detected CH,11.879778503323134,0.6181833812995977,0.6072732606227013,0.6288896092940351
No detected CH,11.882516410330123,0.6181833812995977,0.6072732606227013,0.6288896092940351
No detected CH,11.885254317337111,0.6181833812995977,0.6072732606227013,0.6288896092940351
No detected CH,11.8879922243441,0.6181833812995977,0.6072732606227013,0.6288896092940351
No detected CH,11.890730131351088,0.6181833812995977,0.6072732606227013,0.6288896092940351
No detected CH,11.893468038358076,0.6181833812995977,0.6072732606227013,0.6288896092940351
No detected CH,11.896205945365065,0.6181833812995977,0.6072732606227013,0.6288896092940351
No detected CH,11.898943852372055,0.6181833812995977,0.6072732606227013,0.6288896092940351
No detected CH,11.901681759379043,0.6181833812995977,0.6072732606227013,0.6288896092940351
No detected CH,11.904419666386032,0.6181833812995977,0.6072732606227013,0.6288896092940351
No detected CH,11.90715757339302,0.6181833812995977,0.6072732606227013,0.6288896092940351
No detected CH,11.909895480400008,0.6181833812995977,0.6072732606227013,0.6288896092940351
No detected CH,11.912633387406997,0.6181833812995977,0.6072732606227013,0.6288896092940351
No detected CH,11.915371294413985,0.6181833812995977,0.6072732606227013,0.6288896092940351
No detected CH,11.918109201420974,0.6181833812995977,0.6072732606227013,0.6288896092940351
No detected CH,11.920847108427962,0.6181833812995977,0.6072732606227013,0.6288896092940351
No detected CH,11.926322922441939,0.6181833812995977,0.6072732606227013,0.6288896092940351
No detected CH,11.929060829448927,0.6181833812995977,0.6072732606227013,0.6288896092940351
No detected CH,11.931798736455915,0.6181833812995977,0.6072732606227013,0.6288896092940351
No detected CH,11.934536643462904,0.6181833812995977,0.6072732606227013,0.6288896092940351
No detected CH,11.940012457476882,0.6181833812995977,0.6072732606227013,0.6288896092940351
No detected CH,11.94275036448387,0.6181833812995977,0.6072732606227013,0.6288896092940351
No detected CH,11.94548827149086,0.6181833812995977,0.6072732606227013,0.6288896092940351
No detected CH,11.950964085504836,0.6181833812995977,0.6072732606227013,0.6288896092940351
No detected CH,11.953701992511824,0.6181833812995977,0.6072732606227013,0.6288896092940351
No detected CH,11.959177806525801,0.6171847005543641,0.6061137624630833,0.628046747200387
No detected CH,11.96191571353279,0.6171847005543641,0.6061137624630833,0.628046747200387
No detected CH,11.964653620539778,0.6171847005543641,0.6061137624630833,0.628046747200387
No detected CH,11.967391527546766,0.6171847005543641,0.6061137624630833,0.628046747200387
No detected CH,11.970129434553755,0.6171847005543641,0.6061137624630833,0.628046747200387
No detected CH,11.972867341560743,0.6171847005543641,0.6061137624630833,0.628046747200387
No detected CH,11.975605248567732,0.6171847005543641,0.6061137624630833,0.628046747200387
No detected CH,11.97834315557472,0.6171847005543641,0.6061137624630833,0.628046747200387
No detected CH,11.983818969588699,0.6171847005543641,0.6061137624630833,0.628046747200387
No detected CH,11.986556876595687,0.6171847005543641,0.6061137624630833,0.628046747200387
No detected CH,11.989294783602675,0.61615089033568,0.6049100726254497,0.627177480430366
No detected CH,11.992032690609664,0.61615089033568,0.6049100726254497,0.627177480430366
No detected CH,11.99750850462364,0.61615089033568,0.6049100726254497,0.627177480430366
No detected CH,12.000246411630629,0.61615089033568,0.6049100726254497,0.627177480430366
No detected CH,12.002984318637617,0.61615089033568,0.6049100726254497,0.627177480430366
No detected CH,12.005722225644606,0.61615089033568,0.6049100726254497,0.627177480430366
No detected CH,12.008460132651594,0.61615089033568,0.6049100726254497,0.627177480430366
No detected CH,12.011198039658582,0.61615089033568,0.6049100726254497,0.627177480430366
No detected CH,12.01667385367256,0.61615089033568,0.6049100726254497,0.627177480430366
No detected CH,12.019411760679548,0.61615089033568,0.6049100726254497,0.627177480430366
No detected CH,12.022149667686536,0.6150680240960743,0.6036434047827064,0.6262725653614339
No detected CH,12.027625481700515,0.6150680240960743,0.6036434047827064,0.6262725653614339
No detected CH,12.030363388707503,0.6150680240960743,0.6036434047827064,0.6262725653614339
No detected CH,12.033101295714491,0.6150680240960743,0.6036434047827064,0.6262725653614339
No detected CH,12.03583920272148,0.6150680240960743,0.6036434047827064,0.6262725653614339
No detected CH,12.038577109728468,0.6150680240960743,0.6036434047827064,0.6262725653614339
No detected CH,12.041315016735457,0.61395578535449,0.6023405217603338,0.6253448468516266
No detected CH,12.044052923742445,0.61395578535449,0.6023405217603338,0.6253448468516266
No detected CH,12.046790830749433,0.61395578535449,0.6023405217603338,0.6253448468516266
No detected CH,12.049528737756422,0.61395578535449,0.6023405217603338,0.6253448468516266
No detected CH,12.05226664476341,0.61395578535449,0.6023405217603338,0.6253448468516266
No detected CH,12.055004551770399,0.61395578535449,0.6023405217603338,0.6253448468516266
No detected CH,12.057742458777387,0.61395578535449,0.6023405217603338,0.6253448468516266
No detected CH,12.060480365784375,0.61395578535449,0.6023405217603338,0.6253448468516266
No detected CH,12.063218272791364,0.61395578535449,0.6023405217603338,0.6253448468516266
No detected CH,12.065956179798352,0.61395578535449,0.6023405217603338,0.6253448468516266
No detected CH,12.068694086805342,0.61395578535449,0.6023405217603338,0.6253448468516266
No detected CH,12.07143199381233,0.61395578535449,0.6023405217603338,0.6253448468516266
No detected CH,12.074169900819319,0.61395578535449,0.6023405217603338,0.6253448468516266
No detected CH,12.076907807826307,0.61395578535449,0.6023405217603338,0.6253448468516266
No detected CH,12.079645714833296,0.61395578535449,0.6023405217603338,0.6253448468516266
No detected CH,12.082383621840284,0.61395578535449,0.6023405217603338,0.6253448468516266
No detected CH,12.087859435854261,0.61395578535449,0.6023405217603338,0.6253448468516266
No detected CH,12.09059734286125,0.61395578535449,0.6023405217603338,0.6253448468516266
No detected CH,12.093335249868238,0.61395578535449,0.6023405217603338,0.6253448468516266
No detected CH,12.096073156875226,0.61395578535449,0.6023405217603338,0.6253448468516266
No detected CH,12.098811063882215,0.61395578535449,0.6023405217603338,0.6253448468516266
No detected CH,12.101548970889203,0.6127079077419809,0.6008549982554272,0.6243267642606837
No detected CH,12.104286877896191,0.6127079077419809,0.6008549982554272,0.6243267642606837
No detected CH,12.10702478490318,0.6127079077419809,0.6008549982554272,0.6243267642606837
No detected CH,12.112500598917158,0.6127079077419809,0.6008549982554272,0.6243267642606837
No detected CH,12.115238505924147,0.6127079077419809,0.6008549982554272,0.6243267642606837
No detected CH,12.117976412931135,0.6127079077419809,0.6008549982554272,0.6243267642606837
No detected CH,12.123452226945112,0.6114097977679513,0.5993049837778665,0.6232721250243481
No detected CH,12.1261901339521,0.6114097977679513,0.5993049837778665,0.6232721250243481
No detected CH,12.128928040959089,0.6114097977679513,0.5993049837778665,0.6232721250243481
No detected CH,12.131665947966077,0.6100835292261554,0.5977217500702552,0.6221941339962627
No detected CH,12.134403854973066,0.6100835292261554,0.5977217500702552,0.6221941339962627
No detected CH,12.139879668987042,0.6100835292261554,0.5977217500702552,0.6221941339962627
No detected CH,12.14261757599403,0.6100835292261554,0.5977217500702552,0.6221941339962627
No detected CH,12.145355483001019,0.6100835292261554,0.5977217500702552,0.6221941339962627
No detected CH,12.148093390008007,0.6100835292261554,0.5977217500702552,0.6221941339962627
No detected CH,12.150831297014996,0.6100835292261554,0.5977217500702552,0.6221941339962627
No detected CH,12.153569204021986,0.6100835292261554,0.5977217500702552,0.6221941339962627
No detected CH,12.159045018035963,0.6100835292261554,0.5977217500702552,0.6221941339962627
No detected CH,12.161782925042951,0.6100835292261554,0.5977217500702552,0.6221941339962627
No detected CH,12.16452083204994,0.6100835292261554,0.5977217500702552,0.6221941339962627
No detected CH,12.167258739056928,0.6100835292261554,0.5977217500702552,0.6221941339962627
No detected CH,12.169996646063916,0.6100835292261554,0.5977217500702552,0.6221941339962627
No detected CH,12.172734553070905,0.6086778068085835,0.5960330943488242,0.6210616131952893
No detected CH,12.175472460077893,0.6086778068085835,0.5960330943488242,0.6210616131952893
No detected CH,12.178210367084882,0.6086778068085835,0.5960330943488242,0.6210616131952893
No detected CH,12.18094827409187,0.6086778068085835,0.5960330943488242,0.6210616131952893
No detected CH,12.183686181098858,0.6086778068085835,0.5960330943488242,0.6210616131952893
No detected CH,12.186424088105847,0.6086778068085835,0.5960330943488242,0.6210616131952893
No detected CH,12.189161995112835,0.6086778068085835,0.5960330943488242,0.6210616131952893
No detected CH,12.191899902119824,0.6086778068085835,0.5960330943488242,0.6210616131952893
No detected CH,12.194637809126812,0.6086778068085835,0.5960330943488242,0.6210616131952893
No detected CH,12.197375716133802,0.6086778068085835,0.5960330943488242,0.6210616131952893
No detected CH,12.20011362314079,0.6086778068085835,0.5960330943488242,0.6210616131952893
No detected CH,12.202851530147779,0.6086778068085835,0.5960330943488242,0.6210616131952893
No detected CH,12.205589437154767,0.6086778068085835,0.5960330943488242,0.6210616131952893
No detected CH,12.208327344161756,0.6086778068085835,0.5960330943488242,0.6210616131952893
No detected CH,12.21654106518272,0.6086778068085835,0.5960330943488242,0.6210616131952893
No detected CH,12.21927897218971,0.6086778068085835,0.5960330943488242,0.6210616131952893
No detected CH,12.222016879196698,0.6086778068085835,0.5960330943488242,0.6210616131952893
No detected CH,12.224754786203686,0.6086778068085835,0.5960330943488242,0.6210616131952893
No detected CH,12.227492693210674,0.6086778068085835,0.5960330943488242,0.6210616131952893
No detected CH,12.230230600217663,0.6086778068085835,0.5960330943488242,0.6210616131952893
No detected CH,12.232968507224651,0.6086778068085835,0.5960330943488242,0.6210616131952893
No detected CH,12.238444321238628,0.6086778068085835,0.5960330943488242,0.6210616131952893
No detected CH,12.243920135252607,0.6086778068085835,0.5960330943488242,0.6210616131952893
No detected CH,12.246658042259595,0.6086778068085835,0.5960330943488242,0.6210616131952893
No detected CH,12.252133856273572,0.6086778068085835,0.5960330943488242,0.6210616131952893
No detected CH,12.25487176328056,0.6086778068085835,0.5960330943488242,0.6210616131952893
No detected CH,12.257609670287549,0.6086778068085835,0.5960330943488242,0.6210616131952893
No detected CH,12.260347577294537,0.6086778068085835,0.5960330943488242,0.6210616131952893
No detected CH,12.263085484301525,0.6086778068085835,0.5960330943488242,0.6210616131952893
No detected CH,12.265823391308514,0.6086778068085835,0.5960330943488242,0.6210616131952893
No detected CH,12.268561298315502,0.6086778068085835,0.5960330943488242,0.6210616131952893
No detected CH,12.274037112329479,0.6086778068085835,0.5960330943488242,0.6210616131952893
No detected CH,12.276775019336467,0.6086778068085835,0.5960330943488242,0.6210616131952893
No detected CH,12.279512926343456,0.6086778068085835,0.5960330943488242,0.6210616131952893
No detected CH,12.282250833350446,0.6086778068085835,0.5960330943488242,0.6210616131952893
No detected CH,12.284988740357434,0.6086778068085835,0.5960330943488242,0.6210616131952893
No detected CH,12.287726647364423,0.6086778068085835,0.5960330943488242,0.6210616131952893
No detected CH,12.290464554371411,0.6086778068085835,0.5960330943488242,0.6210616131952893
No detected CH,12.2932024613784,0.6069535070725819,0.593888516797799,0.6197424608235299
No detected CH,12.295940368385388,0.6069535070725819,0.593888516797799,0.6197424608235299
No detected CH,12.301416182399365,0.6069535070725819,0.593888516797799,0.6197424608235299
No detected CH,12.304154089406353,0.6069535070725819,0.593888516797799,0.6197424608235299
No detected CH,12.30962990342033,0.6069535070725819,0.593888516797799,0.6197424608235299
No detected CH,12.312367810427318,0.6069535070725819,0.593888516797799,0.6197424608235299
No detected CH,12.315105717434307,0.6069535070725819,0.593888516797799,0.6197424608235299
No detected CH,12.317843624441295,0.6069535070725819,0.593888516797799,0.6197424608235299
No detected CH,12.320581531448283,0.6069535070725819,0.593888516797799,0.6197424608235299
No detected CH,12.326057345462262,0.6069535070725819,0.593888516797799,0.6197424608235299
No detected CH,12.32879525246925,0.6069535070725819,0.593888516797799,0.6197424608235299
No detected CH,12.331533159476239,0.6069535070725819,0.593888516797799,0.6197424608235299
No detected CH,12.337008973490216,0.6069535070725819,0.593888516797799,0.6197424608235299
No detected CH,12.339746880497204,0.6069535070725819,0.593888516797799,0.6197424608235299
No detected CH,12.342484787504192,0.6069535070725819,0.593888516797799,0.6197424608235299
No detected CH,12.34522269451118,0.6069535070725819,0.593888516797799,0.6197424608235299
No detected CH,12.347960601518169,0.6069535070725819,0.593888516797799,0.6197424608235299
No detected CH,12.350698508525157,0.6069535070725819,0.593888516797799,0.6197424608235299
No detected CH,12.353436415532146,0.6069535070725819,0.593888516797799,0.6197424608235299
No detected CH,12.356174322539134,0.6069535070725819,0.593888516797799,0.6197424608235299
No detected CH,12.358912229546123,0.6069535070725819,0.593888516797799,0.6197424608235299
No detected CH,12.361650136553111,0.6069535070725819,0.593888516797799,0.6197424608235299
No detected CH,12.3643880435601,0.6069535070725819,0.593888516797799,0.6197424608235299
No detected CH,12.369863857574078,0.6069535070725819,0.593888516797799,0.6197424608235299
No detected CH,12.375339671588055,0.6069535070725819,0.593888516797799,0.6197424608235299
No detected CH,12.378077578595043,0.6069535070725819,0.593888516797799,0.6197424608235299
No detected CH,12.380815485602032,0.6069535070725819,0.593888516797799,0.6197424608235299
No detected CH,12.38355339260902,0.6069535070725819,0.593888516797799,0.6197424608235299
No detected CH,12.386291299616008,0.6069535070725819,0.593888516797799,0.6197424608235299
No detected CH,12.389029206622997,0.6069535070725819,0.593888516797799,0.6197424608235299
No detected CH,12.391767113629985,0.6069535070725819,0.593888516797799,0.6197424608235299
No detected CH,12.394505020636974,0.6069535070725819,0.593888516797799,0.6197424608235299
No detected CH,12.397242927643962,0.6048163468364108,0.591123548973878,0.6182093708078964
No detected CH,12.39998083465095,0.6048163468364108,0.591123548973878,0.6182093708078964
No detected CH,12.402718741657939,0.6048163468364108,0.591123548973878,0.6182093708078964
No detected CH,12.408194555671916,0.6048163468364108,0.591123548973878,0.6182093708078964
No detected CH,12.413670369685894,0.6048163468364108,0.591123548973878,0.6182093708078964
No detected CH,12.416408276692882,0.6048163468364108,0.591123548973878,0.6182093708078964
No detected CH,12.419146183699871,0.6048163468364108,0.591123548973878,0.6182093708078964
No detected CH,12.427359904720836,0.6048163468364108,0.591123548973878,0.6182093708078964
No detected CH,12.432835718734813,0.6025511170729786,0.5881870977720063,0.6165892145319748
No detected CH,12.43831153274879,0.6025511170729786,0.5881870977720063,0.6165892145319748
No detected CH,12.441049439755778,0.6025511170729786,0.5881870977720063,0.6165892145319748
No detected CH,12.443787346762766,0.6025511170729786,0.5881870977720063,0.6165892145319748
No detected CH,12.449263160776743,0.6025511170729786,0.5881870977720063,0.6165892145319748
No detected CH,12.452001067783732,0.6025511170729786,0.5881870977720063,0.6165892145319748
No detected CH,12.454738974790722,0.6025511170729786,0.5881870977720063,0.6165892145319748
No detected CH,12.460214788804699,0.6025511170729786,0.5881870977720063,0.6165892145319748
No detected CH,12.465690602818675,0.6025511170729786,0.5881870977720063,0.6165892145319748
No detected CH,12.471166416832652,0.6025511170729786,0.5881870977720063,0.6165892145319748
No detected CH,12.479380137853617,0.6025511170729786,0.5881870977720063,0.6165892145319748
No detected CH,12.484855951867594,0.6025511170729786,0.5881870977720063,0.6165892145319748
No detected CH,12.487593858874583,0.6001409126046867,0.5850544852657242,0.6148724172490737
No detected CH,12.490331765881571,0.6001409126046867,0.5850544852657242,0.6148724172490737
No detected CH,12.49306967288856,0.6001409126046867,0.5850544852657242,0.6148724172490737
No detected CH,12.49580757989555,0.6001409126046867,0.5850544852657242,0.6148724172490737
No detected CH,12.501283393909526,0.6001409126046867,0.5850544852657242,0.6148724172490737
No detected CH,12.51223502193748,0.6001409126046867,0.5850544852657242,0.6148724172490737
No detected CH,12.514972928944468,0.6001409126046867,0.5850544852657242,0.6148724172490737
No detected CH,12.517710835951457,0.6001409126046867,0.5850544852657242,0.6148724172490737
No detected CH,12.520448742958445,0.6001409126046867,0.5850544852657242,0.6148724172490737
No detected CH,12.523186649965433,0.6001409126046867,0.5850544852657242,0.6148724172490737
No detected CH,12.525924556972422,0.5975428999960084,0.5816593772783568,0.6130384589735829
No detected CH,12.52866246397941,0.5975428999960084,0.5816593772783568,0.6130384589735829
No detected CH,12.531400370986399,0.5975428999960084,0.5816593772783568,0.6130384589735829
No detected CH,12.534138277993387,0.5975428999960084,0.5816593772783568,0.6130384589735829
No detected CH,12.536876185000375,0.5975428999960084,0.5816593772783568,0.6130384589735829
No detected CH,12.539614092007366,0.5975428999960084,0.5816593772783568,0.6130384589735829
No detected CH,12.54782781302833,0.5975428999960084,0.5816593772783568,0.6130384589735829
No detected CH,12.55056572003532,0.5975428999960084,0.5816593772783568,0.6130384589735829
No detected CH,12.553303627042308,0.5975428999960084,0.5816593772783568,0.6130384589735829
No detected CH,12.558779441056284,0.5946974576150751,0.5779081006816638,0.6110599554245175
No detected CH,12.561517348063273,0.5946974576150751,0.5779081006816638,0.6110599554245175
No detected CH,12.564255255070261,0.5946974576150751,0.5779081006816638,0.6110599554245175
No detected CH,12.569731069084238,0.5946974576150751,0.5779081006816638,0.6110599554245175
No detected CH,12.572468976091226,0.5946974576150751,0.5779081006816638,0.6110599554245175
No detected CH,12.575206883098215,0.5946974576150751,0.5779081006816638,0.6110599554245175
No detected CH,12.577944790105203,0.5946974576150751,0.5779081006816638,0.6110599554245175
No detected CH,12.580682697112193,0.5946974576150751,0.5779081006816638,0.6110599554245175
No detected CH,12.583420604119182,0.5946974576150751,0.5779081006816638,0.6110599554245175
No detected CH,12.58615851112617,0.5946974576150751,0.5779081006816638,0.6110599554245175
No detected CH,12.6025859531681,0.5946974576150751,0.5779081006816638,0.6110599554245175
No detected CH,12.605323860175089,0.5946974576150751,0.5779081006816638,0.6110599554245175
No detected CH,12.61901339521003,0.5946974576150751,0.5779081006816638,0.6110599554245175
No detected CH,12.62175130221702,0.5946974576150751,0.5779081006816638,0.6110599554245175
No detected CH,12.62448920922401,0.5946974576150751,0.5779081006816638,0.6110599554245175
No detected CH,12.643654558272928,0.5946974576150751,0.5779081006816638,0.6110599554245175
No detected CH,12.660082000314858,0.5946974576150751,0.5779081006816638,0.6110599554245175
No detected CH,12.671033628342814,0.5946974576150751,0.5779081006816638,0.6110599554245175
No detected CH,12.687461070384744,0.5946974576150751,0.5779081006816638,0.6110599554245175
No detected CH,12.71484014045463,0.5946974576150751,0.5779081006816638,0.6110599554245175
No detected CH,12.720315954468607,0.5946974576150751,0.5779081006816638,0.6110599554245175
No detected CH,12.725791768482583,0.5946974576150751,0.5779081006816638,0.6110599554245175
No detected CH,12.742219210524514,0.5946974576150751,0.5779081006816638,0.6110599554245175
No detected CH,12.74769502453849,0.5946974576150751,0.5779081006816638,0.6110599554245175
No detected CH,12.75317083855247,0.5914298891666406,0.5735130148186068,0.6088692493676985
No detected CH,12.761384559573434,0.5914298891666406,0.5735130148186068,0.6088692493676985
No detected CH,12.766860373587411,0.5914298891666406,0.5735130148186068,0.6088692493676985
No detected CH,12.783287815629341,0.5914298891666406,0.5735130148186068,0.6088692493676985
No detected CH,12.791501536650307,0.5914298891666406,0.5735130148186068,0.6088692493676985
No detected CH,12.794239443657297,0.5914298891666406,0.5735130148186068,0.6088692493676985
No detected CH,12.796977350664285,0.5914298891666406,0.5735130148186068,0.6088692493676985
No detected CH,12.799715257671274,0.5914298891666406,0.5735130148186068,0.6088692493676985
No detected CH,12.840783862776101,0.5914298891666406,0.5735130148186068,0.6088692493676985
No detected CH,12.84352176978309,0.5914298891666406,0.5735130148186068,0.6088692493676985
No detected CH,12.846259676790078,0.5914298891666406,0.5735130148186068,0.6088692493676985
No detected CH,12.851735490804055,0.5914298891666406,0.5735130148186068,0.6088692493676985
No detected CH,12.857211304818032,0.5914298891666406,0.5735130148186068,0.6088692493676985
No detected CH,12.87637665386695,0.5914298891666406,0.5735130148186068,0.6088692493676985
No detected CH,12.879114560873939,0.5914298891666406,0.5735130148186068,0.6088692493676985
No detected CH,12.881852467880929,0.5914298891666406,0.5735130148186068,0.6088692493676985
No detected CH,12.887328281894906,0.5914298891666406,0.5735130148186068,0.6088692493676985
No detected CH,12.892804095908883,0.5914298891666406,0.5735130148186068,0.6088692493676985
No detected CH,12.925658979992745,0.5914298891666406,0.5735130148186068,0.6088692493676985
No detected CH,12.928396886999733,0.5914298891666406,0.5735130148186068,0.6088692493676985
No detected CH,12.931134794006722,0.5914298891666406,0.5735130148186068,0.6088692493676985
No detected CH,12.93387270101371,0.5914298891666406,0.5735130148186068,0.6088692493676985
No detected CH,12.961251771083594,0.5914298891666406,0.5735130148186068,0.6088692493676985
No detected CH,12.963989678090583,0.5914298891666406,0.5735130148186068,0.6088692493676985
No detected CH,12.969465492104561,0.5914298891666406,0.5735130148186068,0.6088692493676985
No detected CH,12.985892934146491,0.5914298891666406,0.5735130148186068,0.6088692493676985
No detected CH,12.994106655167457,0.5914298891666406,0.5735130148186068,0.6088692493676985
No detected CH,13.013272004216377,0.5914298891666406,0.5735130148186068,0.6088692493676985
No detected CH,13.016009911223366,0.5914298891666406,0.5735130148186068,0.6088692493676985
No detected CH,13.035175260272284,0.5914298891666406,0.5735130148186068,0.6088692493676985
No detected CH,13.037913167279273,0.5914298891666406,0.5735130148186068,0.6088692493676985
No detected CH,13.048864795307226,0.5914298891666406,0.5735130148186068,0.6088692493676985
No detected CH,13.073505958370124,0.5914298891666406,0.5735130148186068,0.6088692493676985
No detected CH,13.076243865377112,0.5914298891666406,0.5735130148186068,0.6088692493676985
No detected CH,13.084457586398077,0.5914298891666406,0.5735130148186068,0.6088692493676985
No detected CH,13.106360842453986,0.5914298891666406,0.5735130148186068,0.6088692493676985
No detected CH,13.114574563474951,0.5914298891666406,0.5735130148186068,0.6088692493676985
No detected CH,13.11731247048194,0.5914298891666406,0.5735130148186068,0.6088692493676985
No detected CH,13.131002005516882,0.5914298891666406,0.5735130148186068,0.6088692493676985
No detected CH,13.13373991252387,0.5914298891666406,0.5735130148186068,0.6088692493676985
No detected CH,13.141953633544837,0.5914298891666406,0.5735130148186068,0.6088692493676985
No detected CH,13.144691540551825,0.5914298891666406,0.5735130148186068,0.6088692493676985
No detected CH,13.15290526157279,0.5914298891666406,0.5735130148186068,0.6088692493676985
No detected CH,13.161118982593756,0.5914298891666406,0.5735130148186068,0.6088692493676985
No detected CH,13.166594796607733,0.5914298891666406,0.5735130148186068,0.6088692493676985
No detected CH,13.17207061062171,0.5914298891666406,0.5735130148186068,0.6088692493676985
No detected CH,13.174808517628698,0.5914298891666406,0.5735130148186068,0.6088692493676985
No detected CH,13.204925494705572,0.5914298891666406,0.5735130148186068,0.6088692493676985
No detected CH,13.224090843754492,0.5914298891666406,0.5735130148186068,0.6088692493676985
No detected CH,13.254207820831365,0.5914298891666406,0.5735130148186068,0.6088692493676985
No detected CH,13.287062704915227,0.5914298891666406,0.5735130148186068,0.6088692493676985
No detected CH,13.289800611922216,0.5914298891666406,0.5735130148186068,0.6088692493676985
No detected CH,13.295276425936192,0.5865420388429494,0.5662872694796126,0.606203272082877
No detected CH,13.30075223995017,0.5865420388429494,0.5662872694796126,0.606203272082877
No detected CH,13.306228053964146,0.5865420388429494,0.5662872694796126,0.606203272082877
No detected CH,13.314441774985113,0.5865420388429494,0.5662872694796126,0.606203272082877
No detected CH,13.341820845054997,0.5865420388429494,0.5662872694796126,0.606203272082877
No detected CH,13.366462008117894,0.5865420388429494,0.5662872694796126,0.606203272082877
No detected CH,13.380151543152836,0.5865420388429494,0.5662872694796126,0.606203272082877
No detected CH,13.39110317118079,0.5865420388429494,0.5662872694796126,0.606203272082877
No detected CH,13.404792706215733,0.5865420388429494,0.5662872694796126,0.606203272082877
No detected CH,13.418482241250675,0.5865420388429494,0.5662872694796126,0.606203272082877
No detected CH,13.423958055264652,0.5865420388429494,0.5662872694796126,0.606203272082877
No detected CH,13.451337125334538,0.5865420388429494,0.5662872694796126,0.606203272082877
No detected CH,13.467764567376468,0.5865420388429494,0.5662872694796126,0.606203272082877
No detected CH,13.475978288397434,0.5865420388429494,0.5662872694796126,0.606203272082877
No detected CH,13.497881544453342,0.5865420388429494,0.5662872694796126,0.606203272082877
No detected CH,13.506095265474308,0.5809559241873024,0.558017791976894,0.603156763133998
No detected CH,13.508833172481296,0.5809559241873024,0.558017791976894,0.603156763133998
No detected CH,13.517046893502261,0.5809559241873024,0.558017791976894,0.603156763133998
No detected CH,13.52252270751624,0.5809559241873024,0.558017791976894,0.603156763133998
No detected CH,13.530736428537205,0.5809559241873024,0.558017791976894,0.603156763133998
No detected CH,13.596446196704928,0.5809559241873024,0.558017791976894,0.603156763133998
No detected CH,13.607397824732884,0.5809559241873024,0.558017791976894,0.603156763133998
No detected CH,13.62930108078879,0.5809559241873024,0.558017791976894,0.603156763133998
No detected CH,13.642990615823733,0.5809559241873024,0.558017791976894,0.603156763133998
No detected CH,13.656680150858676,0.5809559241873024,0.558017791976894,0.603156763133998
No detected CH,13.659418057865665,0.5809559241873024,0.558017791976894,0.603156763133998
No detected CH,13.664893871879642,0.5809559241873024,0.558017791976894,0.603156763133998
No detected CH,13.675845499907595,0.5809559241873024,0.558017791976894,0.603156763133998
No detected CH,13.697748755963504,0.5809559241873024,0.558017791976894,0.603156763133998
No detected CH,13.700486662970492,0.5809559241873024,0.558017791976894,0.603156763133998
No detected CH,13.744293175082309,0.5809559241873024,0.558017791976894,0.603156763133998
No detected CH,13.763458524131227,0.5809559241873024,0.558017791976894,0.603156763133998
No detected CH,13.77441015215918,0.5809559241873024,0.558017791976894,0.603156763133998
No detected CH,13.804527129236055,0.5809559241873024,0.558017791976894,0.603156763133998
No detected CH,13.81274085025702,0.5809559241873024,0.558017791976894,0.603156763133998
No detected CH,13.818216664270997,0.5809559241873024,0.558017791976894,0.603156763133998
No detected CH,13.834644106312929,0.5809559241873024,0.558017791976894,0.603156763133998
No detected CH,13.837382013319917,0.5809559241873024,0.558017791976894,0.603156763133998
No detected CH,13.856547362368836,0.5809559241873024,0.558017791976894,0.603156763133998
No detected CH,13.862023176382815,0.5809559241873024,0.558017791976894,0.603156763133998
No detected CH,13.872974804410768,0.5809559241873024,0.558017791976894,0.603156763133998
No detected CH,13.883926432438722,0.573311767290101,0.5460314833217434,0.5995950523154385
No detected CH,13.927732944550538,0.573311767290101,0.5460314833217434,0.5995950523154385
No detected CH,13.982491084690308,0.573311767290101,0.5460314833217434,0.5995950523154385
No detected CH,14.009870154760193,0.573311767290101,0.5460314833217434,0.5995950523154385
No detected CH,14.020821782788147,0.573311767290101,0.5460314833217434,0.5995950523154385
No detected CH,14.056414573878998,0.573311767290101,0.5460314833217434,0.5995950523154385
No detected CH,14.059152480885986,0.573311767290101,0.5460314833217434,0.5995950523154385
No detected CH,14.078317829934907,0.573311767290101,0.5460314833217434,0.5995950523154385
No detected CH,14.092007364969849,0.573311767290101,0.5460314833217434,0.5995950523154385
No detected CH,14.100221085990814,0.573311767290101,0.5460314833217434,0.5995950523154385
No detected CH,14.108434807011779,0.573311767290101,0.5460314833217434,0.5995950523154385
No detected CH,14.116648528032744,0.573311767290101,0.5460314833217434,0.5995950523154385
No detected CH,14.152241319123595,0.573311767290101,0.5460314833217434,0.5995950523154385
No detected CH,14.176882482186492,0.573311767290101,0.5460314833217434,0.5995950523154385
No detected CH,14.190572017221434,0.573311767290101,0.5460314833217434,0.5995950523154385
No detected CH,14.226164808312285,0.573311767290101,0.5460314833217434,0.5995950523154385
No detected CH,14.245330157361204,0.573311767290101,0.5460314833217434,0.5995950523154385
No detected CH,14.27270922743109,0.573311767290101,0.5460314833217434,0.5995950523154385
No detected CH,14.280922948452055,0.573311767290101,0.5460314833217434,0.5995950523154385
No detected CH,14.302826204507964,0.573311767290101,0.5460314833217434,0.5995950523154385
No detected CH,14.330205274577848,0.573311767290101,0.5460314833217434,0.5995950523154385
No detected CH,14.332943181584838,0.573311767290101,0.5460314833217434,0.5995950523154385
No detected CH,14.349370623626768,0.573311767290101,0.5460314833217434,0.5995950523154385
No detected CH,14.360322251654722,0.573311767290101,0.5460314833217434,0.5995950523154385
No detected CH,14.36306015866171,0.573311767290101,0.5460314833217434,0.5995950523154385
No detected CH,14.382225507710631,0.573311767290101,0.5460314833217434,0.5995950523154385
No detected CH,14.412342484787503,0.573311767290101,0.5460314833217434,0.5995950523154385
No detected CH,14.42055620580847,0.573311767290101,0.5460314833217434,0.5995950523154385
No detected CH,14.439721554857389,0.573311767290101,0.5460314833217434,0.5995950523154385
No detected CH,14.483528066969205,0.573311767290101,0.5460314833217434,0.5995950523154385
No detected CH,14.499955509011135,0.573311767290101,0.5460314833217434,0.5995950523154385
No detected CH,14.505431323025114,0.573311767290101,0.5460314833217434,0.5995950523154385
No detected CH,14.524596672074033,0.573311767290101,0.5460314833217434,0.5995950523154385
No detected CH,14.538286207108975,0.573311767290101,0.5460314833217434,0.5995950523154385
No detected CH,14.541024114115963,0.573311767290101,0.5460314833217434,0.5995950523154385
No detected CH,14.576616905206814,0.573311767290101,0.5460314833217434,0.5995950523154385
No detected CH,14.614947603304653,0.573311767290101,0.5460314833217434,0.5995950523154385
No detected CH,14.625899231332607,0.573311767290101,0.5460314833217434,0.5995950523154385
No detected CH,14.631375045346585,0.573311767290101,0.5460314833217434,0.5995950523154385
No detected CH,14.634112952353574,0.573311767290101,0.5460314833217434,0.5995950523154385
No detected CH,14.65875411541647,0.573311767290101,0.5460314833217434,0.5995950523154385
No detected CH,14.664229929430446,0.573311767290101,0.5460314833217434,0.5995950523154385
No detected CH,14.697084813514309,0.573311767290101,0.5460314833217434,0.5995950523154385
No detected CH,14.708036441542262,0.573311767290101,0.5460314833217434,0.5995950523154385
No detected CH,14.71077434854925,0.573311767290101,0.5460314833217434,0.5995950523154385
No detected CH,14.754580860661067,0.573311767290101,0.5460314833217434,0.5995950523154385
No detected CH,14.83945597787771,0.573311767290101,0.5460314833217434,0.5995950523154385
No detected CH,14.927069002101343,0.573311767290101,0.5460314833217434,0.5995950523154385
No detected CH,14.929806909108331,0.573311767290101,0.5460314833217434,0.5995950523154385
No detected CH,14.954448072171228,0.573311767290101,0.5460314833217434,0.5995950523154385
No detected CH,14.962661793192193,0.573311767290101,0.5460314833217434,0.5995950523154385
No detected CH,15.02563365435293,0.573311767290101,0.5460314833217434,0.5995950523154385
No detected CH,15.061226445443781,0.573311767290101,0.5460314833217434,0.5995950523154385
No detected CH,15.072178073471735,0.573311767290101,0.5460314833217434,0.5995950523154385
No detected CH,15.094081329527642,0.573311767290101,0.5460314833217434,0.5995950523154385
No detected CH,15.140625748646446,0.573311767290101,0.5460314833217434,0.5995950523154385
No detected CH,15.162529004702355,0.573311767290101,0.5460314833217434,0.5995950523154385
No detected CH,15.181694353751274,0.573311767290101,0.5460314833217434,0.5995950523154385
No detected CH,15.187170167765252,0.573311767290101,0.5460314833217434,0.5995950523154385
No detected CH,15.250142028925987,0.573311767290101,0.5460314833217434,0.5995950523154385
No detected CH,15.255617842939964,0.573311767290101,0.5460314833217434,0.5995950523154385
No detected CH,15.280259006002861,0.573311767290101,0.5460314833217434,0.5995950523154385
No detected CH,15.381561565261435,0.573311767290101,0.5460314833217434,0.5995950523154385
No detected CH,15.384299472268424,0.573311767290101,0.5460314833217434,0.5995950523154385
No detected CH,15.425368077373252,0.573311767290101,0.5460314833217434,0.5995950523154385
No detected CH,15.433581798394217,0.573311767290101,0.5460314833217434,0.5995950523154385
No detected CH,15.510243194589895,0.573311767290101,0.5460314833217434,0.5995950523154385
No detected CH,15.584166683778585,0.573311767290101,0.5460314833217434,0.5995950523154385
No detected CH,15.712848313107045,0.573311767290101,0.5460314833217434,0.5995950523154385
Low-VAF CH only,0.0,1.0,1.0,1.0
Low-VAF CH only,0.07939930320266672,0.999838787683379,0.9988560635660583,0.9999772903149543
Low-VAF CH only,0.6570976816772418,0.999838787683379,0.9988560635660583,0.9999772903149543
Low-VAF CH only,0.7666139619567821,0.9996775493689646,0.9987112914143498,0.9999193481573728
Low-VAF CH only,0.8076825670616098,0.9995163110545503,0.9985010194666815,0.9998439776368234
Low-VAF CH only,0.8597028001943914,0.9993550727401359,0.9982825416559628,0.999757902873301
Low-VAF CH only,0.9883844295228512,0.9991938344257215,0.9980642262811642,0.99966437789135
Low-VAF CH only,1.0020739645577939,0.9983876428536498,0.9970053983454873,0.9991321502543759
Low-VAF CH only,1.0048118715647822,0.99822637849525,0.9967996154671104,0.9990173898835563
Low-VAF CH only,1.0075497785717709,0.9979037976652305,0.9963926398371639,0.9987823036643448
Low-VAF CH only,1.0102876855787593,0.9972586360051916,0.9955938963002532,0.9982949325349718
Low-VAF CH only,1.0130255925857479,0.9964519229846406,0.9946163944670352,0.9976623673356507
Low-VAF CH only,1.0157634995927363,0.99596789517231,0.9940385114456316,0.997273706827504
Low-VAF CH only,1.0185014065997249,0.995322420191641,0.9932757795520082,0.9967471478334758
Low-VAF CH only,1.0212393136067133,0.9943540507216961,0.9921451687891027,0.9959430358986211
Low-VAF CH only,1.0239772206137019,0.9937083662731755,0.9913987229129475,0.9953992556047423
Low-VAF CH only,1.0267151276206903,0.9937083662731755,0.9913987229129475,0.9953992556047423
Low-VAF CH only,1.029453034627679,0.9933854715968885,0.9910273314276167,0.9951253844733675
Low-VAF CH only,1.0321909416346673,0.992901129582458,0.9904723807658471,0.9947124025847213
Low-VAF CH only,1.034928848641656,0.991932445553597,0.989369303577065,0.9938795062928517
Low-VAF CH only,1.0376667556486443,0.9909637615247361,0.9882740578424841,0.9930386728460971
Low-VAF CH only,1.040404662655633,0.9904794195103056,0.9877289896629539,0.9926156719018752
Low-VAF CH only,1.0431425696626213,0.9901565248340186,0.9873664716067017,0.992332801582431
Low-VAF CH only,1.04588047666961,0.9896721038336106,0.9868238044689619,0.9919072117639636
Low-VAF CH only,1.0486183836765983,0.9893491565000052,0.9864627916955545,0.9916227131420584
Low-VAF CH only,1.051356290683587,0.9890261037142093,0.9861022264256669,0.9913375454072862
Low-VAF CH only,1.0540941976905753,0.9883799981426175,0.9853827450292657,0.9907655488876724
Low-VAF CH only,1.056832104697564,0.9880569453568215,0.9850237845140483,0.9904787651375071
Low-VAF CH only,1.0595700117045523,0.9878953925534604,0.9848444572506763,0.9903351649177932
Low-VAF CH only,1.062307918711541,0.9866029701265712,0.9834140081824712,0.9891821703028895
Low-VAF CH only,1.0650458257185293,0.9857949414860089,0.9825231108113438,0.9884578567891571
Low-VAF CH only,1.067783732725518,0.9856332827550338,0.9823451608077518,0.9883126551318095
Low-VAF CH only,1.0705216397325064,0.9851482270056465,0.9818117748615248,0.9878764218046536
Low-VAF CH only,1.073259546739495,0.9846631712562592,0.981279200987155,0.9874393739308654
Low-VAF CH only,1.0759974537464836,0.9841781155068718,0.980747402041124,0.9870015488831694
Low-VAF CH only,1.078735360753472,0.9838547450072802,0.9803932828509433,0.9867092509307525
Low-VAF CH only,1.0814732677604606,0.9836930331819996,0.9802163114149045,0.9865629593381027
Low-VAF CH only,1.084211174767449,0.9830461858808772,0.9795092024545644,0.9859770143711512
Low-VAF CH only,1.0869490817744376,0.9827227090181325,0.9791560347419879,0.9856835458264404
Low-VAF CH only,1.089686988781426,0.9823991789081676,0.9788030928647146,0.9853897425773979
Low-VAF CH only,1.0924248957884146,0.9811048453391187,0.9773938226154756,0.984211594996606
Low-VAF CH only,1.095162802795403,0.980134095162332,0.9763395717679745,0.9833252791670501
Low-VAF CH only,1.0979007098023916,0.9794867146503358,0.9756376788927739,0.9827330258963702
Low-VAF CH only,1.10063861680938,0.97883922715098,0.9749365656233182,0.9821397754770388
Low-VAF CH only,1.1033765238163686,0.9785154298545358,0.9745862731226818,0.9818427774352845
Low-VAF CH only,1.106114430823357,0.9775440379652031,0.9735366501794297,0.980950528608298
Low-VAF CH only,1.1088523378303456,0.9770583420205367,0.9730125172462114,0.9805037255845658
Low-VAF CH only,1.111590244837334,0.9768964165412493,0.9728378717790638,0.9803546713697474
Low-VAF CH only,1.1143281518443227,0.9765724581872313,0.9724885974510362,0.9800563288328232
Low-VAF CH only,1.117066058851311,0.9759244339946717,0.9717904814575751,0.979458993780069
Low-VAF CH only,1.1198039658582997,0.975438415850252,0.9712673693258539,0.9790105179794113
Low-VAF CH only,1.122541872865288,0.974952236211184,0.9707444625830847,0.9785615102592934
Low-VAF CH only,1.1252797798722767,0.9747901493888712,0.9705702146461818,0.9784117322850018
Low-VAF CH only,1.128017686879265,0.9746280356104928,0.9703959774980607,0.9782618890345753
Low-VAF CH only,1.133493500893242,0.9743038080537362,0.9700476284889534,0.9779620774345612
Low-VAF CH only,1.1362314079002307,0.973979526539989,0.9696993811326245,0.9776620552818305
Low-VAF CH only,1.1417072219142077,0.9733308555266423,0.9690032429598023,0.9770614368614221
Low-VAF CH only,1.144445128921196,0.9728443522666324,0.9684815503182225,0.9766105627978614
Low-VAF CH only,1.1471830359281847,0.9721956812532857,0.9677864907888788,0.9760088676455703
Low-VAF CH only,1.149920942935173,0.9712226747332657,0.966744997407674,0.9751052308470114
Low-VAF CH only,1.1526588499421617,0.9708983392265924,0.9663981155799011,0.9748037364080389
Low-VAF CH only,1.1553967569491501,0.9707361714732557,0.9662247263691659,0.9746529375675083
Low-VAF CH only,1.1581346639561387,0.9702496682132458,0.9657047622493632,0.9742003378516964
Low-VAF CH only,1.1608725709631271,0.9694386939001287,0.9648386618829572,0.9734452258102376
Low-VAF CH only,1.1636104779701157,0.9691142498927994,0.9644923853984743,0.9731429081153951
Low-VAF CH only,1.1663483849771041,0.9689520278891347,0.9643192946533364,0.9729917018577688
Low-VAF CH only,1.1690862919840928,0.9681409178708112,0.9634543064389177,0.972235205893535
Low-VAF CH only,1.1718241989910811,0.967816419490429,0.9631084617744502,0.9719323475268434
Low-VAF CH only,1.1745621059980698,0.967816419490429,0.9631084617744502,0.9719323475268434
Low-VAF CH only,1.1773000130050582,0.9674918122727565,0.9627626115279722,0.97162927533634
Low-VAF CH only,1.1800379200120468,0.9674918122727565,0.9627626115279722,0.97162927533634
Low-VAF CH only,1.1855137340260238,0.9671671505907857,0.9624168165050319,0.9713260382872569
Low-VAF CH only,1.1882516410330124,0.9666801580678296,0.9618983409507768,0.9708709662508562
Low-VAF CH only,1.1909895480400008,0.9660307256472264,0.9612073121580417,0.9702637125296496
Low-VAF CH only,1.1937274550469894,0.9657059548535981,0.9608619019873977,0.9699598717587967
Low-VAF CH only,1.1964653620539778,0.9653811840599699,0.9605166009012095,0.9696559221865962
Low-VAF CH only,1.2019411760679548,0.9648940278695275,0.9599988505851663,0.9691997970293381
Low-VAF CH only,1.2046790830749434,0.9648940278695275,0.9599988505851663,0.9691997970293381
Low-VAF CH only,1.2074169900819318,0.964406789680063,0.9594812441810964,0.9687433632180378
Low-VAF CH only,1.2101548970889204,0.9640819095083668,0.9591362405883473,0.9684388966996547
Low-VAF CH only,1.2128928040959088,0.963919442048052,0.9589637460502787,0.9682866010987902
Low-VAF CH only,1.2156307111028974,0.9632695722067925,0.9582740202660232,0.9676771670611324
Low-VAF CH only,1.2183686181098858,0.9626194830742082,0.9575844416694124,0.967067144982895
Low-VAF CH only,1.2211065251168745,0.961969393941624,0.9568952498613023,0.9664567373216448
Low-VAF CH only,1.2238444321238628,0.961969393941624,0.9568952498613023,0.9664567373216448
Low-VAF CH only,1.2265823391308515,0.961481662290141,0.9563784174021198,0.9659985388551444
Low-VAF CH only,1.2293202461378399,0.961481662290141,0.9563784174021198,0.9659985388551444
Low-VAF CH only,1.2320581531448285,0.9609938481540222,0.9558617002435765,0.9655400595880933
Low-VAF CH only,1.2347960601518169,0.9601808245938243,0.9550009589079073,0.9647754750945291
Low-VAF CH only,1.2375339671588055,0.9601808245938243,0.9550009589079073,0.9647754750945291
Low-VAF CH only,1.2402718741657939,0.9600181647895563,0.9548288152547081,0.9646224428257215
Low-VAF CH only,1.2430097811727825,0.959692734903187,0.9544844693071383,0.9643162150332769
Low-VAF CH only,1.2457476881797709,0.9595300199600023,0.9543123290979502,0.9641630685008852
Low-VAF CH only,1.2484855951867595,0.9593672774193035,0.9541401794009112,0.9640098759536081
Low-VAF CH only,1.251223502193748,0.9587163072565084,0.9534517950415544,0.9633968921946412
Low-VAF CH only,1.2539614092007365,0.9585535647158095,0.9532797519489669,0.9632435934674853
Low-VAF CH only,1.256699316207725,0.9582280243644032,0.9529356662226646,0.9629368844977583
Low-VAF CH only,1.2594372232147135,0.9575769436615906,0.952247742736678,0.9623232195871266
Low-VAF CH only,1.262175130221702,0.9574141458132973,0.9520757817019437,0.9621697280060062
Low-VAF CH only,1.2649130372286905,0.9567626220665717,0.9513877645062138,0.9615552664326991
Low-VAF CH only,1.267650944235679,0.9562738960549593,0.9508718663444147,0.9610941389522173
Low-VAF CH only,1.2703888512426675,0.9556222613728094,0.9501842745895497,0.9604790310849218
Low-VAF CH only,1.273126758249656,0.9549705155850018,0.9494968635477679,0.9598635202376659
Low-VAF CH only,1.2758646652566445,0.954644642691098,0.9491532706460989,0.959555652703373
Low-VAF CH only,1.278602572263633,0.9544816784297988,0.94898147081939,0.9594016664579438
Low-VAF CH only,1.2813404792706216,0.954318686339903,0.9488096582222824,0.959247637061744
Low-VAF CH only,1.28407838627761,0.9539926464743957,0.9484660255781817,0.9589394739144637
Low-VAF CH only,1.2868162932845986,0.9535035866761348,0.9479507127212321,0.9584770937387163
Low-VAF CH only,1.2895542002915872,0.9525247977077761,0.9469198192680707,0.9575512566204766
Low-VAF CH only,1.2922921072985756,0.9521985347183232,0.9465763284945174,0.9572425046038646
Low-VAF CH only,1.2950300143055642,0.9518722158236287,0.9462328442722329,0.9569336339185273
Low-VAF CH only,1.2977679213125526,0.9517090563762814,0.9460611278624126,0.9567791730093343
Low-VAF CH only,1.3005058283195412,0.9512194941044829,0.9455459867019218,0.9563156139032176
Low-VAF CH only,1.3032437353265296,0.9505667444087516,0.9448593665481564,0.9556973016057807
Low-VAF CH only,1.3059816423335182,0.9500771821369531,0.9443445747085252,0.9552333950058625
Low-VAF CH only,1.3087195493405066,0.949587451630697,0.9438297415246847,0.9547691921358015
Low-VAF CH only,1.3114574563474952,0.948771093780258,0.9429718498253066,0.9539950765460224
Low-VAF CH only,1.3141953633544836,0.948281110430053,0.9424571159561819,0.9535302679294597
Low-VAF CH only,1.3169332703614722,0.947791127079848,0.9419425216296856,0.9530653205453014
Low-VAF CH only,1.3196711773684606,0.9474643588926114,0.9415994100743753,0.9527551782615927
Low-VAF CH only,1.3224090843754492,0.9464840543309015,0.9405704377108718,0.9518243911654749
Low-VAF CH only,1.3278848983894262,0.9458305179564283,0.9398847528033518,0.9512035714211818
Low-VAF CH only,1.3333607124034033,0.9453402809913506,0.9393705479827275,0.9507377283495213
Low-VAF CH only,1.3360986194103917,0.9450133998430134,0.9390277539848532,0.9504270438965929
Low-VAF CH only,1.3388365264173803,0.9443594113310113,0.9383420856909499,0.9498053015321791
Low-VAF CH only,1.3415744334243687,0.9441959142030107,0.9381707038519362,0.9496498309118971
Low-VAF CH only,1.3443123404313573,0.9440324170750103,0.9379993359890987,0.9494943463961658
Low-VAF CH only,1.3470502474383457,0.943705366177011,0.9376565791918415,0.9491832848274128
Low-VAF CH only,1.3497881544453343,0.9433783152790116,0.9373138776504224,0.948872168325545
Low-VAF CH only,1.3525260614523227,0.9430511509595113,0.9369711052986606,0.948560894992524
Low-VAF CH only,1.3552639684593113,0.9427239298800666,0.936628324542983,0.9482495163160084
Low-VAF CH only,1.3607397824732883,0.9427239298800666,0.936628324542983,0.9482495163160084
Low-VAF CH only,1.3634776894802767,0.9427239298800666,0.936628324542983,0.9482495163160084
Low-VAF CH only,1.3662155964872653,0.942560262531129,0.9364568915670479,0.9480937555272728
Low-VAF CH only,1.3689535034942537,0.941578258437504,0.9354285748093553,0.9471589114700815
Low-VAF CH only,1.3716914105012423,0.9410870002157106,0.9349143115247117,0.9466910806779453
Low-VAF CH only,1.3744293175082307,0.9402682365127215,0.9340574659629906,0.9459111044692403
Low-VAF CH only,1.3771672245152193,0.9401044552487409,0.9338861038731865,0.9457550451401883
Low-VAF CH only,1.3799051315222077,0.9399406739847602,0.933714754520244,0.9455989731570665
Low-VAF CH only,1.3826430385291963,0.9397768070611227,0.9335433232569776,0.9454428110538076
Low-VAF CH only,1.3853809455361847,0.9394490160576133,0.9332004355816926,0.9451303974168865
Low-VAF CH only,1.3881188525431734,0.9392850919577952,0.9330289790686649,0.9449741459460894
Low-VAF CH only,1.3908567595501617,0.938957243758159,0.9326861036203113,0.9446616056907335
Low-VAF CH only,1.3935946665571504,0.9386293955585228,0.9323432779578785,0.9443490159968396
Low-VAF CH only,1.3963325735641388,0.9378096318942796,0.9314862713150172,0.9435671981252122
Low-VAF CH only,1.3990704805711274,0.9376456791614309,0.9313149065634446,0.9434107982282737
Low-VAF CH only,1.401808387578116,0.9373177736957335,0.9309722132742441,0.9430979624697079
Low-VAF CH only,1.4045462945851044,0.9371537635866004,0.9308008214205653,0.9429414746635009
Low-VAF CH only,1.407284201592093,0.9368257433683341,0.9304580735821083,0.9426284634356117
Low-VAF CH only,1.4100221085990814,0.9363337130409348,0.9299440408395541,0.9421588582027745
Low-VAF CH only,1.41276001560607,0.935841596513408,0.9294300189911697,0.9416890696662665
Low-VAF CH only,1.4154979226130584,0.9353494799858812,0.9289161018599211,0.9412191771447521
Low-VAF CH only,1.418235829620047,0.9348573634583545,0.9284022883210472,0.9407491817470316
Low-VAF CH only,1.423711643634024,0.9346932958269999,0.928231008308253,0.9405924677830056
Low-VAF CH only,1.4264495506410124,0.9343651605642908,0.927888482310152,0.9402790060633267
Low-VAF CH only,1.429187457648001,0.9340370253015816,0.9275460014156128,0.9399654995508103
Low-VAF CH only,1.4319253646549894,0.9340370253015816,0.9275460014156128,0.9399654995508103
Low-VAF CH only,1.434663271661978,0.9335446494316283,0.9270321738797132,0.9394949991641891
Low-VAF CH only,1.4374011786689664,0.9335446494316283,0.9270321738797132,0.9394949991641891
Low-VAF CH only,1.440139085675955,0.9330520137327198,0.9265181608038366,0.939024163224468
Low-VAF CH only,1.4428769926829434,0.9322306651290818,0.9256613746082434,0.9382389554432709
Low-VAF CH only,1.445614899689932,0.9320663954083542,0.9254900500281475,0.9380818814722055
Low-VAF CH only,1.4483528066969205,0.9317377980540766,0.925147369672506,0.9377676486733968
Low-VAF CH only,1.451090713703909,0.9314091427461211,0.9248046686679711,0.9374533204736163
Low-VAF CH only,1.4538286207108975,0.9310804294435814,0.9244619467273344,0.9371388970815345
Low-VAF CH only,1.456566527717886,0.9305873594897719,0.9239479432824336,0.9366671831331324
Low-VAF CH only,1.4593044347248745,0.9304230028385021,0.9237766298503016,0.93650992426017
Low-VAF CH only,1.462042341731863,0.9302586171489546,0.9236052950483251,0.9363526285310637
Low-VAF CH only,1.4647802487388515,0.9299298457698597,0.9232626567292912,0.9360380060261803
Low-VAF CH only,1.46751815574584,0.9294366015093736,0.9227486814110428,0.9355659156367369
Low-VAF CH only,1.4702560627528285,0.9294366015093736,0.9227486814110428,0.9355659156367369
Low-VAF CH only,1.4729939697598171,0.9292721576662191,0.9225773450330034,0.9354085051984883
Low-VAF CH only,1.4757318767668055,0.9291076847179596,0.9224059870213759,0.9352510580381108
Low-VAF CH only,1.4784697837737941,0.9286141785114875,0.9218918785366487,0.9347785760920114
Low-VAF CH only,1.4812076907807825,0.9279561702361916,0.9212065422912571,0.9341484595416873
Low-VAF CH only,1.4866835047947595,0.9274625765286192,0.9206925495209105,0.9336756878716587
Low-VAF CH only,1.4894214118017481,0.9271335140569043,0.920349937312646,0.9333604575069554
Low-VAF CH only,1.4921593188087365,0.9268044515851893,0.9200073645219337,0.9330451880298526
Low-VAF CH only,1.4948972258157252,0.9264752722381515,0.9196647030858057,0.932729772884212
Low-VAF CH only,1.4976351328227135,0.9261460344015353,0.9193220166820304,0.9324142656037383
Low-VAF CH only,1.5003730398297022,0.9259813569416488,0.9191506240304826,0.9322564440156798
Low-VAF CH only,1.5031109468366906,0.9256520020218758,0.9188078677296714,0.9319407720738784
Low-VAF CH only,1.5058488538436792,0.9254873245619893,0.9186365040203675,0.9317829217791732
Low-VAF CH only,1.5085867608506678,0.9248284974934277,0.9179510166938885,0.931151318556485
Low-VAF CH only,1.5113246678576562,0.9244990839591468,0.9176083300129542,0.9308354604255207
Low-VAF CH only,1.5140625748646448,0.9238402568905852,0.9169230694590574,0.9302036322618191
Low-VAF CH only,1.5168004818716332,0.9236754913730374,0.9167517135164016,0.9300455982937489
Low-VAF CH only,1.5195383888786218,0.923016311718177,0.9160662540718936,0.9294132628545776
Low-VAF CH only,1.5222762958856102,0.9226867218907469,0.9157235795906985,0.9290970403465627
Low-VAF CH only,1.5250142028925988,0.9221922488350712,0.9152095399752289,0.9286225577924573
Low-VAF CH only,1.5277521098995872,0.9220274244831793,0.9150382115921976,0.9284643789342126
Low-VAF CH only,1.5304900169065758,0.9213678912753945,0.9143527310519037,0.9278313580255818
Low-VAF CH only,1.5332279239135642,0.9212030079734483,0.914181383336124,0.92767308056522
Low-VAF CH only,1.5359658309205528,0.9210380951542623,0.9140100123602372,0.9275147672027246
Low-VAF CH only,1.5414416449345298,0.9210380951542623,0.9140100123602372,0.9275147672027246
Low-VAF CH only,1.5441795519415182,0.9205431794663771,0.9134957595719647,0.9270396117588716
Low-VAF CH only,1.5469174589485069,0.9203781484195025,0.9133242952197859,0.9268811548159916
Low-VAF CH only,1.5496553659554952,0.9198830552788787,0.9128099549881888,0.9264057316213181
Low-VAF CH only,1.5523932729624839,0.9197180242320042,0.9126385257682779,0.9262472398506034
Low-VAF CH only,1.5551311799694723,0.9195529635672103,0.9124670730091502,0.9260887122603974
Low-VAF CH only,1.5578690869764609,0.9192227829698791,0.9121241290305692,0.9257715768371996
Low-VAF CH only,1.5606069939834493,0.9187274231083901,0.9116096810910119,0.9252957277232706
Low-VAF CH only,1.5633449009904379,0.9185622734727423,0.9114381833501249,0.9251370670387504
Low-VAF CH only,1.5660828079974263,0.9180668245657991,0.910923741480549,0.9246610340871401
Low-VAF CH only,1.568820715004415,0.9179016452162911,0.9107522455599022,0.9245023122626173
Low-VAF CH only,1.5715586220114033,0.9177364658667831,0.9105807581249178,0.9243435820278553
Low-VAF CH only,1.574296529018392,0.917571286517275,0.9104092791518955,0.9241848434061205
Low-VAF CH only,1.5770344360253803,0.9170755699929546,0.9098946986388892,0.9237084134780185
Low-VAF CH only,1.579772343032369,0.9169103311515144,0.9097231885950915,0.923549586859318
Low-VAF CH only,1.5825102500393573,0.9162492566517657,0.9090371022462994,0.9229140882755337
Low-VAF CH only,1.585248157046346,0.915588182152017,0.9083511482699315,0.9222784585065511
Low-VAF CH only,1.5879860640533343,0.9149271076522683,0.9076653252286117,0.9216426989633223
Low-VAF CH only,1.590723971060323,0.9147618091685009,0.9074938573228732,0.9214837114972342
Low-VAF CH only,1.5934618780673113,0.9144311524509269,0.907150880828493,0.9211656575907872
Low-VAF CH only,1.5961997850743,0.9141004359400947,0.906807871568502,0.9208475167803059
Low-VAF CH only,1.5989376920812883,0.9131082864075982,0.9057790352601607,0.9198929045895048
Low-VAF CH only,1.601675599088277,0.9127775698967661,0.9054361530865253,0.9195746378238777
Low-VAF CH only,1.6044135060952653,0.9124467934626669,0.9050932372448991,0.9192562847927044
Low-VAF CH only,1.607151413102254,0.9117851206610261,0.9044073689506135,0.9186193755812023
Low-VAF CH only,1.6098893201092423,0.9111234478593854,0.9037216243236136,0.9179823437972637
Low-VAF CH only,1.612627227116231,0.910792551382952,0.9033787328530816,0.9176637269594118
Low-VAF CH only,1.6153651341232196,0.910296116489393,0.9028643549741675,0.917185661991508
Low-VAF CH only,1.618103041130208,0.909799681595834,0.9023500451757646,0.9167075295461488
Low-VAF CH only,1.6208409481371966,0.909634203297981,0.9021786236158997,0.9165481371571419
Low-VAF CH only,1.623578855144185,0.9088066612644129,0.9013214647021235,0.9157509253498474
Low-VAF CH only,1.6263167621511736,0.9086411528576993,0.9011500551954347,0.9155914609080573
Low-VAF CH only,1.629054669158162,0.9081446276375585,0.9006358708947311,0.9151130237487817
Low-VAF CH only,1.634530483172139,0.9074824733337762,0.8999502636959903,0.9144748945191088
Low-VAF CH only,1.640006297186116,0.9073169347578306,0.8997788800936796,0.914315344172709
Low-VAF CH only,1.6427442041931046,0.907151396181885,0.8996075037345785,0.9141557866458156
Low-VAF CH only,1.645482111200093,0.9069858576059394,0.8994361346009578,0.9139962219558422
Low-VAF CH only,1.6482200182070816,0.9061580136322209,0.8985792332465693,0.9131981520907422
Low-VAF CH only,1.6536958322210586,0.9059924448374772,0.8984078744240543,0.9130385168546821
Low-VAF CH only,1.656433739228047,0.9051644495488304,0.8975510229879377,0.9122400954488421
Low-VAF CH only,1.6591716462350357,0.904998850491101,0.8973796738575773,0.9120803901930968
Low-VAF CH only,1.661909553242024,0.9046675917610529,0.8970369310881094,0.9117609028108197
Low-VAF CH only,1.6646474602490127,0.9043362723720175,0.8966941506892806,0.9114413316518489
Low-VAF CH only,1.667385367256001,0.9036735121870618,0.8960085420545634,0.910801994427544
Low-VAF CH only,1.6701232742629897,0.9036735121870618,0.8960085420545634,0.910801994427544
Low-VAF CH only,1.672861181269978,0.9033420105318208,0.8956656478376649,0.9104821722994098
Low-VAF CH only,1.6755990882769667,0.9028446667932274,0.8951512594605028,0.9100023036186292
Low-VAF CH only,1.678336995283955,0.902347323054634,0.894636932584536,0.9095223739853764
Low-VAF CH only,1.6810749022909437,0.9021815418084362,0.8944655038854107,0.9093623839686704
Low-VAF CH only,1.683812809297932,0.9015182949480735,0.8937797250507239,0.9087222441457727
Low-VAF CH only,1.6865507163049207,0.9013524832329828,0.8936082971641511,0.9085621925172399
Low-VAF CH only,1.689288623311909,0.9008549565633049,0.8930939548421029,0.9080819131233846
Low-VAF CH only,1.6920265303188977,0.900689114340079,0.8929225207365937,0.9079218067754286
Low-VAF CH only,1.694764437325886,0.9003574298936271,0.892579672437328,0.9076015743438488
Low-VAF CH only,1.6975023443328747,0.9000257454471753,0.8922368505867944,0.9072813156964878
Low-VAF CH only,1.7002402513398631,0.9000257454471753,0.8922368505867944,0.9072813156964878
Low-VAF CH only,1.7029781583468517,0.8998598420839593,0.8920653835755384,0.9071211199515354
Low-VAF CH only,1.7057160653538401,0.8995279741724402,0.8917224032647164,0.9068006522432132
Low-VAF CH only,1.7084539723608287,0.8991961062609212,0.8913794491680268,0.906480158557114
Low-VAF CH only,1.7111918793678171,0.8991961062609212,0.8913794491680268,0.906480158557114
Low-VAF CH only,1.7139297863748058,0.8990301110410096,0.891207915832772,0.9063198452489589
Low-VAF CH only,1.7166676933817941,0.8986981206011865,0.8908648687074514,0.9059991992663733
Low-VAF CH only,1.7194056003887828,0.8983660688293035,0.8905217814094509,0.9056784707195676
Low-VAF CH only,1.7248814144027598,0.8980340170574206,0.8901787199801144,0.9053577165415272
Low-VAF CH only,1.7276193214097484,0.897369667867809,0.8894924094917147,0.9047159040028541
Low-VAF CH only,1.7330951354237254,0.8968714059756003,0.8889777437921049,0.9042344780543118
Low-VAF CH only,1.7385709494377024,0.8965392313807946,0.888634665099814,0.9039134959400771
Low-VAF CH only,1.7413088564446908,0.8963731440833917,0.8884631352443252,0.9037529954791849
Low-VAF CH only,1.7440467634516794,0.8957087948937802,0.8877770787732886,0.9031109312578514
Low-VAF CH only,1.7467846704586678,0.8953765586938938,0.8874340217663409,0.9027898047490227
Low-VAF CH only,1.7495225774656564,0.8950443224940073,0.8870909896889793,0.902468653537538
Low-VAF CH only,1.7522604844726448,0.8942135778100515,0.8862333518783319,0.9016655249980406
Low-VAF CH only,1.7549983914796334,0.893715130999678,0.8857188430336207,0.9011835747026863
Low-VAF CH only,1.7577362984866218,0.8935489511687,0.8855473190626345,0.9010228838017138
Low-VAF CH only,1.7604742054936104,0.893050411675766,0.8850327836847962,0.9005407748949241
Low-VAF CH only,1.7632121125005988,0.892884231844788,0.8848612840279161,0.9003800598998775
Low-VAF CH only,1.7659500195075875,0.89271805201381,0.8846897904177073,0.900219338912571
Low-VAF CH only,1.7686879265145758,0.8920532089290855,0.8840037430661604,0.8995762803134568
Low-VAF CH only,1.7714258335215645,0.8918869981579043,0.8838322462312731,0.8994155007960047
Low-VAF CH only,1.7741637405285529,0.891554576615542,0.8834892704780297,0.8990939240053362
Low-VAF CH only,1.7769016475355415,0.8907235227596364,0.8826319350342791,0.8982898790164793
Low-VAF CH only,1.7796395545425299,0.8905573119884553,0.8824604856662005,0.8981290524551826
Low-VAF CH only,1.7823774615495185,0.8902248904460931,0.8821176045541456,0.8978073818638629
Low-VAF CH only,1.7851153685565069,0.8898924068268789,0.8817746801401957,0.8974856303436062
Low-VAF CH only,1.7878532755634955,0.8895598610844174,0.8814317123054496,0.8971637979221119
Low-VAF CH only,1.7905911825704839,0.8893935571283351,0.881260203713647,0.8970028441529919
Low-VAF CH only,1.7933290895774725,0.8890608870115861,0.8809171371066825,0.8966808615044437
Low-VAF CH only,1.796066996584461,0.8885617884597458,0.8804024802807011,0.8961977576669694
Low-VAF CH only,1.7988049035914495,0.8878963237239587,0.8797163517753025,0.8955535393534743
Low-VAF CH only,1.801542810598438,0.8872308589881716,0.879030314707533,0.8949092304267334
Low-VAF CH only,1.807018624612415,0.8870644616027649,0.878858786139301,0.8947481100828789
Low-VAF CH only,1.8097565316194035,0.8862324746757316,0.8780012280201952,0.8939424244035881
Low-VAF CH only,1.812494438626392,0.8860660772903249,0.8778297332632298,0.8937812705518372
Low-VAF CH only,1.8152323456333805,0.8855666975736481,0.8773150812368825,0.8932976011156187
Low-VAF CH only,1.817970252640369,0.8852337777625302,0.8769720077687873,0.8929751271944755
Low-VAF CH only,1.8207081596473575,0.885067286549861,0.8768004457727422,0.8928138528216242
Low-VAF CH only,1.823446066654346,0.8845678129118532,0.8762857930119498,0.8923299967773749
Low-VAF CH only,1.8289218806683232,0.8844013216991838,0.8761142531318641,0.8921687004889924
Low-VAF CH only,1.8316597876753116,0.8842348304865146,0.8759427187541637,0.8920073987478322
Low-VAF CH only,1.8343976946823002,0.8839018480611761,0.8755996664636994,0.891684778948608
Low-VAF CH only,1.8371356016892886,0.8837353254824155,0.8754281148875106,0.8915234316879868
Low-VAF CH only,1.8398735086962772,0.8835688029036549,0.8752565687760789,0.8913620790120105
Low-VAF CH only,1.8426114157032656,0.8832356949666508,0.8749134255814539,0.8910392989547514
Low-VAF CH only,1.8453493227102542,0.8830691409981487,0.8747418621462754,0.890877900838174
Low-VAF CH only,1.8480872297172426,0.8827359702224467,0.8743986841713127,0.8905550299152682
Low-VAF CH only,1.8508251367242312,0.8825693848345956,0.8742271033061475,0.8903935864056681
Low-VAF CH only,1.8563009507382082,0.8820696286710427,0.8737123930772764,0.8899092238045961
Low-VAF CH only,1.8590388577451966,0.8820696286710427,0.8737123930772764,0.8899092238045961
Low-VAF CH only,1.8617767647521852,0.8817363320042484,0.8733691448549852,0.8895861714109058
Low-VAF CH only,1.8645146717591736,0.8812361979531966,0.8728541100806452,0.8891013767465401
Low-VAF CH only,1.8672525787661622,0.8809027752524955,0.8725107802703795,0.888778153847506
Low-VAF CH only,1.8699904857731506,0.880736063902145,0.8723391233471626,0.8886165344904433
Low-VAF CH only,1.8727283927801393,0.8805693209896304,0.8721674379124549,0.8884548804400408
Low-VAF CH only,1.8754662997871276,0.8800690922520866,0.8716524133841437,0.8879698868103955
Low-VAF CH only,1.8782042067941163,0.8797356064270574,0.8713090900805771,0.8876465315878985
Low-VAF CH only,1.8809421138011047,0.8792351879933674,0.8707939413291529,0.8871612827543888
Low-VAF CH only,1.8836800208080933,0.8789015124002011,0.8704504672141166,0.8868376985289731
Low-VAF CH only,1.8864179278150817,0.8789015124002011,0.8704504672141166,0.8868376985289731
Low-VAF CH only,1.8891558348220703,0.8787346429275601,0.8702787040660155,0.8866758691011631
Low-VAF CH only,1.8918937418290587,0.8782340345096371,0.869763445862099,0.8861903498753794
Low-VAF CH only,1.8946316488360473,0.8779002321400021,0.869419898426676,0.8858665855018506
Low-VAF CH only,1.8973695558430357,0.8779002321400021,0.869419898426676,0.8858665855018506
Low-VAF CH only,1.9001074628500243,0.8777332357100724,0.869248030496553,0.8857046067309199
Low-VAF CH only,1.9028453698570127,0.8775661757108889,0.8690760996818075,0.8855425635031285
Low-VAF CH only,1.9083211838709897,0.8773991157117054,0.8689041740393532,0.8853805151547548
Low-VAF CH only,1.9110590908779783,0.8767307484554024,0.8682163867973468,0.8847321519241926
Low-VAF CH only,1.9137969978849667,0.8763965648272509,0.8678725239933982,0.8844079398002651
Low-VAF CH only,1.9247486259129207,0.8760623174722443,0.8675286134404387,0.884083647924808
Low-VAF CH only,1.9302244399268977,0.8760623174722443,0.8675286134404387,0.884083647924808
Low-VAF CH only,1.935700253940875,0.8758950661707031,0.8673565292427318,0.8839213752356823
Low-VAF CH only,1.9384381609478634,0.8757277509718167,0.8671843817733329,0.8837590378257022
Low-VAF CH only,1.941176067954852,0.8755604357729301,0.8670122394081305,0.8835966953653428
Low-VAF CH only,1.9439139749618404,0.8750584901762707,0.8664958428468482,0.883109637770839
Low-VAF CH only,1.946651881968829,0.8748911749773842,0.8663237208077321,0.8829472751976625
Low-VAF CH only,1.9493897889758174,0.8743891333697078,0.8658072823098503,0.8824600677814322
Low-VAF CH only,1.9548656029897944,0.8740544389645902,0.8654630151745308,0.8821352379047857
Low-VAF CH only,1.957603509996783,0.8733850501543551,0.8647745410572892,0.8814855186249725
Low-VAF CH only,1.9603414170037714,0.8725483141415611,0.8639140604771501,0.8806732586184803
Low-VAF CH only,1.96307932401076,0.8720462725338847,0.8633978314831147,0.8801858438700664
Low-VAF CH only,1.9658172310177484,0.8715442309262083,0.8628816467230614,0.8796983853387714
Low-VAF CH only,1.968555138024737,0.8712094722433097,0.8625374793224581,0.8793733286642718
Low-VAF CH only,1.9712930450317254,0.8705398262231381,0.8618490655206308,0.8787230371251977
Low-VAF CH only,1.974030952038714,0.8703724147180951,0.8616769742098798,0.8785604522249413
Low-VAF CH only,1.9767688590457024,0.8702050032130523,0.861504887738501,0.8783978625346459
Low-VAF CH only,1.979506766052691,0.8698701802029664,0.8611607292810558,0.8780726688160407
Low-VAF CH only,1.9822446730596794,0.8697027364724172,0.8609886228558897,0.877910034656884
Low-VAF CH only,1.984982580066668,0.8692004052807698,0.8604723324118161,0.8774221036420521
Low-VAF CH only,1.9931963010876335,0.8688654532941491,0.8601280938193652,0.877096732218834
Low-VAF CH only,1.9986721151016105,0.8686979773008388,0.8599559816885289,0.8769340394150471
Low-VAF CH only,2.001410022108599,0.8683630253142179,0.8596117717176791,0.8766086396622171
Low-VAF CH only,2.0041479291155877,0.8680280733275972,0.8592675807482874,0.8762832211008877
Low-VAF CH only,2.006885836122576,0.8676931213409765,0.858923408717146,0.8759577837929216
Low-VAF CH only,2.0096237431295645,0.8670230880426437,0.8582349831837365,0.8753067321050894
Low-VAF CH only,2.012361650136553,0.8666880066559606,0.8578907295048316,0.8749811177524748
Low-VAF CH only,2.0150995571435417,0.8666880066559606,0.8578907295048316,0.8749811177524748
Low-VAF CH only,2.01783746415053,0.8665204335688268,0.857718575117036,0.87481827329292
Low-VAF CH only,2.0205753711575185,0.8661852225693805,0.857374211183918,0.8744925097942025
Low-VAF CH only,2.023313278164507,0.8660176170696573,0.8572020362182178,0.8743296211160362
Low-VAF CH only,2.0260511851714957,0.8653471950707646,0.8565133828500404,0.8736780203852534
Low-VAF CH only,2.028789092178484,0.8651795895710415,0.8563412310938003,0.8735151087350659
Low-VAF CH only,2.0315269991854725,0.8648443785715951,0.8559969414316292,0.8731892717252286
Low-VAF CH only,2.0370028131994498,0.8646767405838899,0.8558247688552849,0.8730263159461458
Low-VAF CH only,2.039740720206438,0.8640061886330687,0.8551361244824002,0.8723744473655958
Low-VAF CH only,2.0424786272134265,0.8635032746699528,0.8546196892252317,0.8718854983949602
Low-VAF CH only,2.0452165342204154,0.8635032746699528,0.8546196892252317,0.8718854983949602
Low-VAF CH only,2.0479544412274038,0.8630002630536402,0.8541031907914823,0.8713964173721985
Low-VAF CH only,2.050692348234392,0.8628325925148693,0.8539310337188895,0.8712333813845855
Low-VAF CH only,2.0534302552413806,0.8623292874832643,0.8534142768218422,0.8707439715428564
Low-VAF CH only,2.058906069255358,0.8619937507955276,0.8530697948039085,0.8704176759682775
Low-VAF CH only,2.0643818832693346,0.8619937507955276,0.8530697948039085,0.8704176759682775
Low-VAF CH only,2.0671197902763234,0.8618259497928421,0.8528975257350553,0.8702544908817524
Low-VAF CH only,2.0725956042903,0.8616581487901566,0.8527252611621673,0.8700913013458621
Low-VAF CH only,2.0753335112972886,0.8613225467847856,0.8523807454759513,0.8697649089537032
Low-VAF CH only,2.0780714183042774,0.8609869447794146,0.8520362476888081,0.869438498847025
Low-VAF CH only,2.080809325311266,0.8606513427740435,0.8516917677446331,0.869112071080716
Low-VAF CH only,2.0835472323182542,0.8601478415984737,0.8511749765688931,0.8686223043689634
Low-VAF CH only,2.0862851393252426,0.8599800078732838,0.8510027217122675,0.8684590400210075
Low-VAF CH only,2.0890230463322315,0.8591408392473341,0.8501415136345021,0.8676426527535535
Low-VAF CH only,2.09176095333922,0.8586372396932618,0.8496247367300251,0.8671526759072038
Low-VAF CH only,2.0944988603462082,0.8583014410074216,0.849280170750708,0.8668259414278379
Low-VAF CH only,2.0972367673531966,0.8577976444269045,0.8487632495415784,0.8663357148593137
Low-VAF CH only,2.0999746743601855,0.8576297122333988,0.8485909511726709,0.8661722973920882
Low-VAF CH only,2.102712581367174,0.8574617471507052,0.8484186221237668,0.8660088447640515
Low-VAF CH only,2.1054504883741623,0.8569577531770665,0.8479015558629117,0.8655183684922002
Low-VAF CH only,2.1081883953811507,0.8569577531770665,0.8479015558629117,0.8655183684922002
Low-VAF CH only,2.1109263023881395,0.8567897222450709,0.8477291740227061,0.8653548369233632
Low-VAF CH only,2.113664209395128,0.8567897222450709,0.8477291740227061,0.8653548369233632
Low-VAF CH only,2.1164021164021163,0.856285530568583,0.8472119491241893,0.8648641237860406
Low-VAF CH only,2.1191400234091047,0.8561174666764203,0.8470395494359103,0.8647005442196043
Low-VAF CH only,2.124615837423082,0.8559494027842577,0.8468671540424243,0.8645369604034174
Low-VAF CH only,2.1273537444300703,0.8557813388920951,0.8466947629372678,0.8643733723438003
Low-VAF CH only,2.1300916514370587,0.8554452111077698,0.8463499935661865,0.8640461835194635
Low-VAF CH only,2.1328295584440475,0.8547729555391194,0.845660506001722,0.8633917552256649
Low-VAF CH only,2.135567465451036,0.8544367616529683,0.845315717375374,0.8630644537743705
Low-VAF CH only,2.1383053724580243,0.8539324708237417,0.8447985661792482,0.8625734701841049
Low-VAF CH only,2.1410432794650127,0.853428179994515,0.8442814529249638,0.8620824490447946
Low-VAF CH only,2.1437811864720016,0.8532600499354145,0.8441090550176263,0.861918735905389
Low-VAF CH only,2.1492570004859783,0.8529237235460037,0.843764201293819,0.8615912349172654
Low-VAF CH only,2.151994907492967,0.8524191344766607,0.8432468462848696,0.8610998589065418
Low-VAF CH only,2.1547328144999556,0.8520827417637655,0.8429019638095255,0.8607722542539225
Low-VAF CH only,2.162946535520921,0.8515781526944226,0.8423846712708096,0.8602808164257347
Low-VAF CH only,2.1656844425279096,0.8515781526944226,0.8423846712708096,0.8602808164257347
Low-VAF CH only,2.168422349534898,0.8514098898703376,0.8422121780421743,0.8601169331454382
Low-VAF CH only,2.1711602565418864,0.8512416270462526,0.8420396889549323,0.8599530457674058
Low-VAF CH only,2.173898163548875,0.8510733309554961,0.8418671686346764,0.8597891230306552
Low-VAF CH only,2.1766360705558636,0.8509050348647396,0.8416946524472855,0.8596251962048311
Low-VAF CH only,2.179373977562852,0.8504000467134845,0.8411770224511794,0.8591332973608468
Low-VAF CH only,2.1821118845698404,0.8498949585843734,0.8406593232028823,0.8586412679034741
Low-VAF CH only,2.1848497915768292,0.8495580997026515,0.8403140690245343,0.8583131025020241
Low-VAF CH only,2.1875876985838176,0.8493896368631308,0.84014141258185,0.8581489823229943
Low-VAF CH only,2.190325605590806,0.8492211406050743,0.8399687247134542,0.8579848266762727
Low-VAF CH only,2.1930635125977944,0.8490526443470177,0.8397960409335817,0.8578206669857337
Low-VAF CH only,2.1958014196047833,0.848884114643892,0.8396233256939722,0.8576564718088002
Low-VAF CH only,2.1985393266117716,0.8480414661282638,0.8387598105843039,0.8568354355055116
Low-VAF CH only,2.20127723361876,0.8480414661282638,0.8387598105843039,0.8568354355055116
Low-VAF CH only,2.2040151406257484,0.8478729029268867,0.8385870841488992,0.8566711846950841
Low-VAF CH only,2.2067530476327373,0.8471986501213782,0.8378962188408621,0.8560141414626374
Low-VAF CH only,2.2094909546397257,0.8468615237186239,0.8375508103672955,0.8556855959298196
Low-VAF CH only,2.2149667686537025,0.8466929269589746,0.8373780765109654,0.855521285633122
Low-VAF CH only,2.2259183966816565,0.8465242294242148,0.8372052396275979,0.8553568765606343
Low-VAF CH only,2.2286563036886453,0.8461868343546953,0.8368595779070217,0.8550280465041037
Low-VAF CH only,2.2313942106956337,0.8456806408346427,0.8363410081882888,0.8545346767655942
Low-VAF CH only,2.234132117702622,0.8455119096612917,0.8361681596081225,0.8543702122827884
Low-VAF CH only,2.2368700247096105,0.8451744473145899,0.8358224744035655,0.854041271494771
Low-VAF CH only,2.2423458387235877,0.8448368501716642,0.8354766619787054,0.853712188121037
Low-VAF CH only,2.245083745730576,0.8444992530287385,0.8351308654408223,0.8533830890392823
Low-VAF CH only,2.2478216527375645,0.8441615883933812,0.8347850130935172,0.8530539107656216
Low-VAF CH only,2.2532974667515417,0.8439927560757026,0.8346120928523965,0.852889315763216
Low-VAF CH only,2.25603537375853,0.8434862591226665,0.8340933557939575,0.8523955073573369
Low-VAF CH only,2.258773280765519,0.8431485268867815,0.8337474790037295,0.8520662186647339
Low-VAF CH only,2.2642490947794958,0.8429796269414918,0.8335745105937155,0.851901536648591
Low-VAF CH only,2.266987001786484,0.8424729271056223,0.8330556288747876,0.8514074673551728
Low-VAF CH only,2.269724908793473,0.8423040271603325,0.8328826761210731,0.8512427698597183
Low-VAF CH only,2.2724628158004614,0.8423040271603325,0.8328826761210731,0.8512427698597183
Low-VAF CH only,2.27520072280745,0.842135093340204,0.8327096913204829,0.8510780366096109
Low-VAF CH only,2.277938629814438,0.8417971579094896,0.8323636614768976,0.8507484947121964
Low-VAF CH only,2.280676536821427,0.8412902547634181,0.831844645884925,0.8502541530245123
Low-VAF CH only,2.2834144438284154,0.8406143839019894,0.831152679332635,0.8495949771513732
Low-VAF CH only,2.286152350835404,0.840276448471275,0.8308067192073372,0.8492653663248915
Low-VAF CH only,2.288890257842392,0.8397695453252035,0.8302878078419248,0.8487709215860186
Low-VAF CH only,2.291628164849381,0.8397695453252035,0.8302878078419248,0.8487709215860186
Low-VAF CH only,2.2943660718563694,0.8396005095874166,0.8301147729067068,0.8486060350062286
Low-VAF CH only,2.297103978863358,0.8390933002582257,0.8295955827713513,0.8481112563442018
Low-VAF CH only,2.299841885870346,0.8387550243863215,0.8292493305571297,0.8477812565653868
Low-VAF CH only,2.3053176998843234,0.8384167485144174,0.8289030936035525,0.8474512417014006
Low-VAF CH only,2.308055606891312,0.8382476105784653,0.8287299808369054,0.847286228624759
Low-VAF CH only,2.3107935138983002,0.8379093347065611,0.8283837666988131,0.8469561912066456
Low-VAF CH only,2.3162693279122775,0.8375709905374893,0.8280374953128585,0.8466260744298613
Low-VAF CH only,2.319007234919266,0.8375709905374893,0.8280374953128585,0.8466260744298613
Low-VAF CH only,2.3217451419262543,0.83723250963608,0.827691094105499,0.8462958138134192
Low-VAF CH only,2.324483048933243,0.8370632349677346,0.8275178628991303,0.8461306456459227
Low-VAF CH only,2.3272209559402315,0.8370632349677346,0.8275178628991303,0.8461306456459227
Low-VAF CH only,2.32995886294722,0.8368939260609854,0.8273445991747644,0.8459654414712341
Low-VAF CH only,2.3326967699542083,0.8367245828950484,0.8271713029094999,0.8458002012709684
Low-VAF CH only,2.340910490975174,0.8365552397291113,0.8269980104189764,0.8456349573405035
Low-VAF CH only,2.3436483979821623,0.8363858965631742,0.8268247216982689,0.8454697096846393
Low-VAF CH only,2.346386304989151,0.8360472102313,0.8264781555466703,0.8451392032158505
Low-VAF CH only,2.3491242119961395,0.835708523899426,0.8261316044155694,0.8448086819027512
Low-VAF CH only,2.351862119003128,0.8352004944016147,0.8256118057972567,0.8443128721829778
Low-VAF CH only,2.357337933017105,0.8350311512356776,0.8254385470593627,0.8441475948952162
Low-VAF CH only,2.3600758400240935,0.8346924649038034,0.8250920407570244,0.8438170292760828
Low-VAF CH only,2.362813747031082,0.8343536410901627,0.8247454036529619,0.843486319304957
Low-VAF CH only,2.3655516540380708,0.8341842291833425,0.8245720906732976,0.8433209588124007
Low-VAF CH only,2.368289561045059,0.834014817276522,0.8243987814021965,0.8431555946547037
Low-VAF CH only,2.3710274680520476,0.8336759934628813,0.8240521739667143,0.8428248553623815
Low-VAF CH only,2.373765375059036,0.8333371696492406,0.8237055813087021,0.8424941014648568
Low-VAF CH only,2.376503282066025,0.8328289339287797,0.8231857199472123,0.8419979433139904
Low-VAF CH only,2.379241189073013,0.8326594530712442,0.823012367142646,0.8418324849523927
Low-VAF CH only,2.3819790960800016,0.8316425679260321,0.8219723272775047,0.840839658720662
Low-VAF CH only,2.38471700308699,0.8313034680002723,0.8216255301777772,0.8405085573523181
Low-VAF CH only,2.3929307241079556,0.8309643680745125,0.821278747646056,0.840177441587226
Low-VAF CH only,2.395668631114944,0.8307948181116326,0.8211053618317941,0.8400118783170154
Low-VAF CH only,2.4011444451289212,0.8304555797212235,0.8207584544840067,0.8396806103412029
Low-VAF CH only,2.4038823521359096,0.8302858912088162,0.8205849328609669,0.8395149055559789
Low-VAF CH only,2.406620259142898,0.830116202696409,0.8204114148651662,0.8393491971869971
Low-VAF CH only,2.409358166149887,0.8299465141840017,0.8202379004920853,0.8391834852386609
Low-VAF CH only,2.4120960731568752,0.829437344543398,0.8197172688632941,0.8386862296925015
Low-VAF CH only,2.4148339801638636,0.829437344543398,0.8197172688632941,0.8386862296925015
Low-VAF CH only,2.417571887170852,0.8292675865932254,0.8195436954377919,0.8385204379186787
Low-VAF CH only,2.420309794177841,0.8290977591128663,0.8193700520177377,0.8383545769470981
Low-VAF CH only,2.4230477011848293,0.8287581041521482,0.8190227759979213,0.8380228443155815
Low-VAF CH only,2.4257856081918177,0.828248621711071,0.8185018889521377,0.8375252187124526
Low-VAF CH only,2.428523515198806,0.828078794230712,0.8183282671148638,0.8373593364204479
Low-VAF CH only,2.431261422205795,0.8279089667503529,0.8181546488592293,0.8371934505901246
Low-VAF CH only,2.4339993292127833,0.827569172386819,0.8178072755542146,0.836861536700309
Low-VAF CH only,2.4367372362197717,0.827399240318567,0.8176335573479984,0.8366955415149215
Low-VAF CH only,2.43947514322676,0.8272293082503152,0.8174598427151459,0.8365295428000302
Low-VAF CH only,2.4449509572407373,0.8265495799773075,0.8167650198301478,0.8358655127303438
Low-VAF CH only,2.4476888642477257,0.8263795780069296,0.8165912490402242,0.8356994304135996
Low-VAF CH only,2.450426771254714,0.8260395740661738,0.8162437181164356,0.8353672552554344
Low-VAF CH only,2.453164678261703,0.8258695720957958,0.8160699579739503,0.8352011624224043
Low-VAF CH only,2.4559025852686913,0.8256995351239829,0.8158961643437705,0.8350350330319322
Low-VAF CH only,2.4586404922756797,0.8255294981521699,0.815722374252917,0.8348689001458376
Low-VAF CH only,2.461378399282668,0.8251894242085439,0.8153748046720861,0.8345366239034269
Low-VAF CH only,2.464116306289657,0.8246792081589508,0.8148533655399959,0.8340380841022179
Low-VAF CH only,2.4668542132966453,0.8246792081589508,0.8148533655399959,0.8340380841022179
Low-VAF CH only,2.4695921203036337,0.8245090659662214,0.8146794853107292,0.8338718309179564
Low-VAF CH only,2.4723300273106226,0.8245090659662214,0.8146794853107292,0.8338718309179564
Low-VAF CH only,2.4778058413245994,0.8243388183787826,0.8145054971252901,0.8337054746887548
Low-VAF CH only,2.4805437483315878,0.8239982528681944,0.8141574569314143,0.8333726853459251
Low-VAF CH only,2.4832816553385766,0.8236576873576061,0.8138094308107344,0.8330398821092937
Low-VAF CH only,2.4887574693525534,0.8234874046023121,0.8136354230173152,0.8328734752910393
Low-VAF CH only,2.4914953763595418,0.8228062735811357,0.8129394268587398,0.8322078134467782
Low-VAF CH only,2.4942332833665306,0.8226359908258416,0.8127654365520399,0.8320413893631616
Low-VAF CH only,2.496971190373519,0.8224656728153187,0.812591412453494,0.8318749285207497
Low-VAF CH only,2.4997090973805074,0.8221250367942728,0.8122433747036262,0.8315419965210055
Low-VAF CH only,2.5051849113944846,0.8221250367942728,0.8122433747036262,0.8315419965210055
Low-VAF CH only,2.507922818401473,0.8221250367942728,0.8122433747036262,0.8315419965210055
Low-VAF CH only,2.5106607254084614,0.8217842595769488,0.8118952015816221,0.8312089173416211
Low-VAF CH only,2.51339863241545,0.8211027051423007,0.8111988969855389,0.8305427178659665
Low-VAF CH only,2.518874446429427,0.8209322457889392,0.8110247547071605,0.8303760925803277
Low-VAF CH only,2.5216123534364154,0.8205911145835417,0.8106762559059562,0.8300426308897065
Low-VAF CH only,2.524350260443404,0.820420548980843,0.8105020116973487,0.8298758949201588
Low-VAF CH only,2.5270881674503927,0.8202499833781444,0.8103277709446611,0.8297091555397093
Low-VAF CH only,2.5325639814643695,0.8200794177754457,0.8101535336438483,0.8295424127522885
Low-VAF CH only,2.540777702485335,0.8200794177754457,0.8101535336438483,0.8295424127522885
Low-VAF CH only,2.5435156094923235,0.819908816689992,0.8099792622882239,0.8293756330159701
Low-VAF CH only,2.546253516499312,0.8193970134336312,0.8094564688862389,0.828875273411631
Low-VAF CH only,2.5489914235063007,0.8188851035960009,0.8089335937712935,0.8283747825127327
Low-VAF CH only,2.551729330513289,0.8187144314193447,0.8087592713423158,0.8282079118159487
Low-VAF CH only,2.5544672375202775,0.8183730870660325,0.8084106367550148,0.8278741602861094
Low-VAF CH only,2.557205144527266,0.8180316002781894,0.80806186534111,0.827540260564452
Low-VAF CH only,2.5599430515342547,0.8178608212384654,0.8078874470960149,0.8273732719357386
Low-VAF CH only,2.562680958541243,0.8178608212384654,0.8078874470960149,0.8273732719357386
Low-VAF CH only,2.56815677255522,0.8176900065306044,0.8077129945794459,0.827206246205477
Low-VAF CH only,2.5708946795622087,0.8173483057338929,0.80736402436789,0.8268721171339757
Low-VAF CH only,2.5791084005831744,0.8173483057338929,0.80736402436789,0.8268721171339757
Low-VAF CH only,2.5818463075901628,0.8170063905254705,0.8070148412721536,0.8265377718150267
Low-VAF CH only,2.5873221216041395,0.8164935177128368,0.8064910921896927,0.8260362286217184
Low-VAF CH only,2.592797935618117,0.8161516025044144,0.8061419431299437,0.8257018497271147
Low-VAF CH only,2.595535842625105,0.8158096156607084,0.8057927319654451,0.8253673896871132
Low-VAF CH only,2.5982737496320936,0.8154675571216473,0.8054434586176057,0.8250328484607923
Low-VAF CH only,2.6010116566390824,0.8147834400435251,0.8047449524574621,0.824363726021281
Low-VAF CH only,2.603749563646071,0.8146124107739946,0.8045703343400034,0.8241964371024715
Low-VAF CH only,2.606487470653059,0.814441381504464,0.804395719583958,0.824029144867482
Low-VAF CH only,2.6092253776600476,0.8140992511194589,0.8040464242760573,0.823694482476529
Low-VAF CH only,2.614701191674025,0.8137570488281098,0.8036970664553598,0.8233597388066516
Low-VAF CH only,2.617439098681013,0.8137570488281098,0.8036970664553598,0.8233597388066516
Low-VAF CH only,2.6201770056880016,0.8135859116990187,0.8035223545755954,0.823192327962349
Low-VAF CH only,2.625652819701979,0.8134147385637991,0.8033476080262129,0.8230248797409873
Low-VAF CH only,2.6283907267089672,0.8130722481475616,0.802997972774718,0.8226898369772828
Low-VAF CH only,2.6311286337159556,0.8127296134032937,0.8026481985277653,0.8223546444184582
Low-VAF CH only,2.6338665407229445,0.8123869786590259,0.8022984376554476,0.8220194386708054
Low-VAF CH only,2.6393423547369212,0.8120443439147581,0.8019486901279043,0.8216842197632763
Low-VAF CH only,2.6420802617439096,0.8118730265426242,0.8017738213591308,0.821516605383568
Low-VAF CH only,2.647556075757887,0.8117016730123281,0.8015989177471127,0.8213489534974827
Low-VAF CH only,2.6502939827648753,0.8113588935896033,0.8012490441116423,0.8210135713926031
Low-VAF CH only,2.6557697967788525,0.8111874676665969,0.8010740740533585,0.8208458411477062
Low-VAF CH only,2.658507703785841,0.8111874676665969,0.8010740740533585,0.8208458411477062
Low-VAF CH only,2.6612456107928293,0.811016005508984,0.8008990690684419,0.820678073327599
Low-VAF CH only,2.6639835177998177,0.8108445433513711,0.8007240674019331,0.820510302235622
Low-VAF CH only,2.6667214248068065,0.8106730811937582,0.800549069050162,0.8203425278753325
Low-VAF CH only,2.669459331813795,0.8105016190361454,0.8003740740094673,0.8201747502502791
Low-VAF CH only,2.6721972388207833,0.8099872325633067,0.7998491087173584,0.8196713978218982
Low-VAF CH only,2.6749351458277717,0.8099872325633067,0.7998491087173584,0.8196713978218982
Low-VAF CH only,2.6776730528347605,0.8098156977830095,0.7996740502462114,0.8195035384094161
Low-VAF CH only,2.6831488668487373,0.8098156977830095,0.7996740502462114,0.8195035384094161
Low-VAF CH only,2.685886773855726,0.8098156977830095,0.7996740502462114,0.8195035384094161
Low-VAF CH only,2.691362587869703,0.809472410077294,0.7993237129971726,0.8191676032703452
Low-VAF CH only,2.6941004948766913,0.8093007662244363,0.7991485493249169,0.8189996308191534
Low-VAF CH only,2.69683840188368,0.8091291223715784,0.7989733889493416,0.8188316551182008
Low-VAF CH only,2.6995763088906686,0.8084424012832087,0.7982726266415746,0.8181595819222004
Low-VAF CH only,2.702314215897657,0.808270684545468,0.7980974058034943,0.8179915209921937
Low-VAF CH only,2.7050521229046454,0.8079271780921976,0.7977468969735247,0.8176553203156457
Low-VAF CH only,2.707790029911634,0.8077554248655624,0.7975716474754561,0.8174872151308868
Low-VAF CH only,2.7105279369186226,0.8077554248655624,0.7975716474754561,0.8174872151308868
Low-VAF CH only,2.713265843925611,0.8075836351112311,0.7973963627146456,0.8173190721227899
Low-VAF CH only,2.7160037509325994,0.8072400556025686,0.7970458030071641,0.8169827764333151
Low-VAF CH only,2.718741657939588,0.8068963297964785,0.7966951020378038,0.8166463292893852
Low-VAF CH only,2.7214795649465766,0.8067244668934335,0.7965197564512481,0.8164781008900561
Low-VAF CH only,2.724217471953565,0.8063807410873434,0.7961690750567638,0.8161416344537298
Low-VAF CH only,2.7269553789605534,0.8062088781842983,0.7959937392418118,0.8159733964235326
Low-VAF CH only,2.7296932859675422,0.8062088781842983,0.7959937392418118,0.8159733964235326
Low-VAF CH only,2.7324311929745306,0.8058649324171548,0.7956428453647192,0.8156367023680723
Low-VAF CH only,2.7379070069885074,0.8053489036450628,0.7951164127922686,0.8151315329243648
Low-VAF CH only,2.7406449139954963,0.8050048109709996,0.7947653964670183,0.8147946676708144
Low-VAF CH only,2.7433828210024847,0.8048326910627313,0.7945898155793673,0.8146261605448526
Low-VAF CH only,2.746120728009473,0.8044884512461945,0.7942386635286086,0.8142891367118448
Low-VAF CH only,2.7488586350164614,0.8039720915213895,0.7937119597120128,0.81378357705975
Low-VAF CH only,2.7543344490304387,0.8034557317965845,0.7931852849243956,0.8132779888043471
Low-VAF CH only,2.757072356037427,0.8032836118883162,0.7930097330967885,0.8131094530450238
Low-VAF CH only,2.7625481700514043,0.8031114550919407,0.7928341455902199,0.8129408791598197
Low-VAF CH only,2.7652860770583927,0.8029392982955652,0.7926585612949366,0.8127723021103662
Low-VAF CH only,2.768023984065381,0.8027671414991897,0.792482980207551,0.8126037218999413
Low-VAF CH only,2.7734997980793583,0.8025949477751444,0.7923073633951792,0.8124351035307364
Low-VAF CH only,2.7762377050863467,0.8025949477751444,0.7923073633951792,0.8124351035307364
Low-VAF CH only,2.778975612093335,0.8025949477751444,0.7923073633951792,0.8124351035307364
Low-VAF CH only,2.7817135191003235,0.8022500423399166,0.7919555933181596,0.8120973663569154
Low-VAF CH only,2.7844514261073123,0.8019051369046888,0.7916038361109877,0.8117596165084875
Low-VAF CH only,2.7871893331143007,0.8017326841870749,0.7914279623251256,0.81159073683948
Low-VAF CH only,2.7954030541352664,0.801560194366897,0.7912520526353647,0.8114218188424761
Low-VAF CH only,2.800878868149243,0.8012150661884828,0.7909000863005825,0.8110838325730246
Low-VAF CH only,2.803616775156232,0.8012150661884828,0.7909000863005825,0.8110838325730246
Low-VAF CH only,2.8063546821632204,0.8010424277342297,0.7907240295558869,0.8109147642086797
Low-VAF CH only,2.8090925891702088,0.8008697892799767,0.7905479760194974,0.8107456926854957
Low-VAF CH only,2.811830496177197,0.8008697892799767,0.7905479760194974,0.8107456926854957
Low-VAF CH only,2.814568403184186,0.8005244379262553,0.7901958000918111,0.8104074696016338
Low-VAF CH only,2.8173063101911744,0.8005244379262553,0.7901958000918111,0.8104074696016338
Low-VAF CH only,2.820044217198163,0.8001790120630724,0.7898435584381329,0.8100691632728432
Low-VAF CH only,2.822782124205151,0.8001790120630724,0.7898435584381329,0.8100691632728432
Low-VAF CH only,2.82552003121214,0.799833511626085,0.7894912509790442,0.8097307736503612
Low-VAF CH only,2.830995845226117,0.7996607614075912,0.7893151020415108,0.8095615741214647
Low-VAF CH only,2.833733752233105,0.7994880111890975,0.7891389562942203,0.8093923714517429
Low-VAF CH only,2.836471659240094,0.7993152609706037,0.7889628137338582,0.8092231656443957
Low-VAF CH only,2.8392095662470824,0.7993152609706037,0.7889628137338582,0.8092231656443957
Low-VAF CH only,2.841947473254071,0.799142398673681,0.7887865562453537,0.8090538504341195
Low-VAF CH only,2.844685380261059,0.799142398673681,0.7887865562453537,0.8090538504341195
Low-VAF CH only,2.847423287268048,0.7989694989768672,0.7886102625326971,0.8088844966236339
Low-VAF CH only,2.8501611942750364,0.7987965618558766,0.7884339325704863,0.8087151041899687
Low-VAF CH only,2.852899101282025,0.7984506876138953,0.7880812822071382,0.8083763099123088
Low-VAF CH only,2.8556370082890132,0.7981047384424854,0.7877285656170532,0.8080374320545212
Low-VAF CH only,2.858374915296002,0.7979317263595801,0.7875521725800834,0.8078679528742525
Low-VAF CH only,2.8611128223029905,0.7977587142766747,0.7873757827205585,0.8076984705668225
Low-VAF CH only,2.8665886363169673,0.7975857021937693,0.7871993960352053,0.8075289851353897
Low-VAF CH only,2.869326543323956,0.797412690110864,0.7870230125207577,0.8073594965831049
Low-VAF CH only,2.8720644503309445,0.7972396780279586,0.786846632173957,0.8071900049131117
Low-VAF CH only,2.874802357337933,0.7970666659450533,0.7866702549915524,0.8070205101285468
Low-VAF CH only,2.8775402643449213,0.7963744673641197,0.7859646195681417,0.8063423573888135
Low-VAF CH only,2.88027817135191,0.7960282175957004,0.7856116622658016,0.8060031196588134
Low-VAF CH only,2.8830160783588985,0.7958550550510853,0.7854351486712458,0.8058334604180766
Low-VAF CH only,2.8884918923728753,0.7955087299618551,0.7850821309291183,0.8054941326396698
Low-VAF CH only,2.891229799379864,0.79533556741724,0.7849056267751447,0.805324464108175
Low-VAF CH only,2.8939677063868525,0.794989091456701,0.7845524689818908,0.8049849746458727
Low-VAF CH only,2.896705613393841,0.7948158534764316,0.7843758947965875,0.8048152252785374
Low-VAF CH only,2.8994435204008293,0.7946426154961621,0.7841993237479269,0.8046454728245017
Low-VAF CH only,2.902181427407818,0.794296063984825,0.7838461114823346,0.8043058869875483
Low-VAF CH only,2.9049193344148065,0.7941227125959152,0.7836694303938321,0.8041360176881432
Low-VAF CH only,2.907657241421795,0.7939493233573571,0.783492712577267,0.8039661093953088
Low-VAF CH only,2.918608869449749,0.7936025448802411,0.7831392863377478,0.8036262835674346
Low-VAF CH only,2.921346776456738,0.7936025448802411,0.7831392863377478,0.8036262835674346
Low-VAF CH only,2.924084683463726,0.793429117750678,0.7829625380072033,0.8034563300854434
Low-VAF CH only,2.9268225904707146,0.7927354092324261,0.7822555759103363,0.8027764854355118
Low-VAF CH only,2.932298404484692,0.7925619821028631,0.7820788431768094,0.8026065166076108
Low-VAF CH only,2.9377742184986686,0.7925619821028631,0.7820788431768094,0.8026065166076108
Low-VAF CH only,2.940512125505657,0.7920413589484273,0.7815483038035026,0.802096267419869
Low-VAF CH only,2.943250032512646,0.7918678178969487,0.7813714635684054,0.8019261782355409
Low-VAF CH only,2.9459879395196342,0.7913470806208218,0.7808408413475594,0.801415784041964
Low-VAF CH only,2.9487258465266226,0.7911734253474795,0.7806638932780863,0.8012455742351196
Low-VAF CH only,2.951463753533611,0.7911734253474795,0.7806638932780863,0.8012455742351196
Low-VAF CH only,2.9542016605406,0.7906518871633348,0.7801324651482543,0.8007343832417263
Low-VAF CH only,2.9569395675475882,0.7903041950405717,0.7797781952702999,0.800393573962974
Low-VAF CH only,2.9596774745545766,0.7901302724624377,0.7796009844378226,0.8002230921181813
Low-VAF CH only,2.962415381561565,0.7897824273061699,0.7792465720813104,0.7998821192758301
Low-VAF CH only,2.9678911955755423,0.7897824273061699,0.7792465720813104,0.7998821192758301
Low-VAF CH only,2.9706291025825307,0.7892605446449543,0.7787148558080401,0.7993705280719879
Low-VAF CH only,2.973367009589519,0.7892605446449543,0.7787148558080401,0.7993705280719879
Low-VAF CH only,2.9815807306104847,0.7887383166709943,0.7781828039265756,0.7988585816789145
Low-VAF CH only,2.987056544624462,0.788389934022288,0.777827875364306,0.7985170498953182
Low-VAF CH only,2.9897944516314503,0.7880415513735817,0.7774729591752236,0.7981755059494395
Low-VAF CH only,2.9925323586384387,0.7876930917001908,0.7771179742764024,0.7978338767327803
Low-VAF CH only,2.995270265645427,0.7875188233170712,0.7769404458896351,0.7976630209772478
Low-VAF CH only,2.998008172652416,0.7871702094067937,0.776585317184967,0.7973212271263915
Low-VAF CH only,3.0007460796594043,0.7868214410375395,0.7762300382694245,0.7969792744981058
Low-VAF CH only,3.006221893673381,0.7868214410375395,0.7762300382694245,0.7969792744981058
Low-VAF CH only,3.00895980068037,0.7864725953531956,0.7758746903213757,0.7966372363439165
Low-VAF CH only,3.0116977076873583,0.7861237496688518,0.7755193546823625,0.7962951860931353
Low-VAF CH only,3.0144356146943467,0.7859492881176603,0.7753416507425963,0.7961241196792738
Low-VAF CH only,3.0171735217013356,0.7857748265664688,0.7751639498739851,0.7959530502472957
Low-VAF CH only,3.019911428708324,0.7857748265664688,0.7751639498739851,0.7959530502472957
Low-VAF CH only,3.0253872427223008,0.7854258259772765,0.7748084758148412,0.795610828750679
Low-VAF CH only,3.0281251497292896,0.7850767478323977,0.7744529324234777,0.7952685215474024
Low-VAF CH only,3.030863056736278,0.7847276696875188,0.7740974012801941,0.7949262023080892
Low-VAF CH only,3.0363388707502548,0.7845530140744122,0.7739195176932335,0.7947549274928956
Low-VAF CH only,3.0390767777572436,0.7843783584613058,0.7737416371679762,0.7945836496694881
Low-VAF CH only,3.041814684764232,0.784203663949399,0.7735637187809766,0.7944123318940557
Low-VAF CH only,3.0445525917712204,0.7840289694374923,0.7733858034526387,0.7942410111134932
Low-VAF CH only,3.047290498778209,0.7838542359921085,0.7732078502247262,0.794069650349547
Low-VAF CH only,3.052766312792186,0.7835047691013407,0.77285195293288,0.7937269198182805
Low-VAF CH only,3.0555042197991744,0.7833300356559568,0.7726740088630978,0.7935555500565766
Low-VAF CH only,3.058242126806163,0.7829805687651891,0.7723181298612426,0.7932128015550238
Low-VAF CH only,3.0609800338131516,0.7828058353198052,0.7721401949233595,0.7930414228207552
Low-VAF CH only,3.06371794082014,0.7828058353198052,0.7721401949233595,0.7930414228207552
Low-VAF CH only,3.069193754834117,0.7826310238335793,0.7719621809441669,0.7928699669613015
Low-VAF CH only,3.0719316618411057,0.7822812446050503,0.7716059977688293,0.7925268978319543
Low-VAF CH only,3.074669568848094,0.7821062767579009,0.7714278284644609,0.7923552844609911
Low-VAF CH only,3.0774074758550825,0.7821062767579009,0.7714278284644609,0.7923552844609911
Low-VAF CH only,3.080145382862071,0.7817562627606944,0.7710714166339492,0.7920119743596012
Low-VAF CH only,3.0828832898690597,0.7814060919823022,0.7707148520877718,0.7916685033532586
Low-VAF CH only,3.085621196876048,0.7812308888226649,0.7705364505222657,0.7914966514769183
Low-VAF CH only,3.0883591038830365,0.7808804039017037,0.7701795738673407,0.7911528640725716
Low-VAF CH only,3.091097010890025,0.7805297616008946,0.7698225438861556,0.7908089151808579
Low-VAF CH only,3.0938349178970137,0.7801791193000857,0.7694655260778536,0.7904649543380887
Low-VAF CH only,3.096572824904002,0.7801791193000857,0.7694655260778536,0.7904649543380887
Low-VAF CH only,3.0993107319109905,0.7798283193363715,0.7691083546357166,0.7901208317506476
Low-VAF CH only,3.102048638917979,0.7798283193363715,0.7691083546357166,0.7901208317506476
Low-VAF CH only,3.1047865459249677,0.7796528404166289,0.7689296904677488,0.789948690974429
Low-VAF CH only,3.107524452931956,0.7794772824701266,0.7687509462420014,0.7897764721213358
Low-VAF CH only,3.113000266945933,0.7793016849746388,0.7685721634731415,0.7896042127012016
Low-VAF CH only,3.1157381739529217,0.7793016849746388,0.7685721634731415,0.7896042127012016
Low-VAF CH only,3.11847608095991,0.7793016849746388,0.7685721634731415,0.7896042127012016
Low-VAF CH only,3.1212139879668985,0.7791259290691416,0.7683932171759614,0.7894317997712723
Low-VAF CH only,3.1239518949738874,0.7789501731636443,0.7682142739304637,0.7892593838471672
Low-VAF CH only,3.1266898019808758,0.7784224291438858,0.7676769616655438,0.7887416655186015
Low-VAF CH only,3.129427708987864,0.7782464349252234,0.7674977800437345,0.7885690111640654
Low-VAF CH only,3.1321656159948525,0.778070440706561,0.7673186014764605,0.7883963538135277
Low-VAF CH only,3.140379337015818,0.7777184522692362,0.7669602534940352,0.7880510301354297
Low-VAF CH only,3.1431172440228066,0.7775424580505738,0.7667810840731581,0.7878783638133454
Low-VAF CH only,3.1458551510297954,0.7773664239871708,0.7666018758040756,0.7877056566396886
Low-VAF CH only,3.148593058036784,0.7771903500519529,0.766422628658876,0.7875329085883921
Low-VAF CH only,3.151330965043772,0.776838202181517,0.7660641434950147,0.7871874035341392
Low-VAF CH only,3.1540688720507606,0.7764860543110812,0.7657056704809415,0.7868418865624436
Low-VAF CH only,3.1568067790577494,0.7763099803758633,0.7655264385230001,0.7866691236143215
Low-VAF CH only,3.159544686064738,0.7761339064406454,0.7653472095940275,0.7864963576949476
Low-VAF CH only,3.162282593071726,0.7759577525808086,0.7651678996765329,0.7863235128369661
Low-VAF CH only,3.1650205000787146,0.7750767832885961,0.7642711852712006,0.785459053910563
Low-VAF CH only,3.1677584070857034,0.774900469188667,0.7640917250743439,0.7852860389293256
Low-VAF CH only,3.1732342210996802,0.774724114962634,0.7639122257262693,0.7851129828379789
Low-VAF CH only,3.1759721281066686,0.774724114962634,0.7639122257262693,0.7851129828379789
Low-VAF CH only,3.1787100351136575,0.774371245859941,0.7635530672518895,0.7847667090382067
Low-VAF CH only,3.1841858491276342,0.774371245859941,0.7635530672518895,0.7847667090382067
Low-VAF CH only,3.1869237561346226,0.7741946906283268,0.7633733657127091,0.7845934529655417
Low-VAF CH only,3.1951374771555883,0.7741946906283268,0.7633733657127091,0.7845934529655417
Low-VAF CH only,3.1978753841625767,0.7741946906283268,0.7633733657127091,0.7845934529655417
Low-VAF CH only,3.2006132911695655,0.7741946906283268,0.7633733657127091,0.7845934529655417
Low-VAF CH only,3.203351198176554,0.7740178934849999,0.7631934129357133,0.7844199639602344
Low-VAF CH only,3.2088270121905307,0.7736642991983462,0.7628335165116895,0.7840729770025757
Low-VAF CH only,3.2115649191975195,0.7734875020550194,0.7626535728590356,0.7838994790555927
Low-VAF CH only,3.214302826204508,0.7733106644916781,0.7624735897601206,0.7837259397078374
Low-VAF CH only,3.2170407332114963,0.7729569893649955,0.7621136326672547,0.7833788520895665
Low-VAF CH only,3.2197786402184847,0.7727801113353925,0.7619336161398138,0.7832052653523408
Low-VAF CH only,3.2225165472254735,0.772426193262878,0.7615734219126452,0.7828579289362182
Low-VAF CH only,3.225254454232462,0.7720721940908968,0.7612131545827935,0.7825105035332224
Low-VAF CH only,3.2279923612394503,0.7718951539179798,0.7610329828097128,0.7823367477903065
Low-VAF CH only,3.2334681752534276,0.7715409110754291,0.760672477589071,0.7819890729002389
Low-VAF CH only,3.236206082260416,0.7715409110754291,0.760672477589071,0.7819890729002389
Low-VAF CH only,3.2389439892674043,0.7713635453487451,0.7604919727899516,0.7818149987210811
Low-VAF CH only,3.241681896274393,0.7713635453487451,0.7604919727899516,0.7818149987210811
Low-VAF CH only,3.2498956172953584,0.771008650687899,0.7601308008087403,0.7814666862495769
Low-VAF CH only,3.252633524302347,0.7708311216409988,0.7599501335104977,0.7812924478482681
Low-VAF CH only,3.2553714313093356,0.7708311216409988,0.7599501335104977,0.7812924478482681
Low-VAF CH only,3.258109338316324,0.7704756542111436,0.7595883778930138,0.7809435729093356
Low-VAF CH only,3.2608472453233124,0.7697645553147789,0.7588647309316657,0.7802456311907521
Low-VAF CH only,3.263585152330301,0.769586657335737,0.7586836972983944,0.7800710211030303
Low-VAF CH only,3.2663230593372896,0.769052963398611,0.7581406147054363,0.7795471729233674
Low-VAF CH only,3.269060966344278,0.7688749830784539,0.7579595067487326,0.7793724726019644
Low-VAF CH only,3.2717988733512664,0.7686969615496096,0.7577783585405423,0.7791977301124768
Low-VAF CH only,3.2745367803582552,0.7683409184919211,0.7574160712650843,0.7788482361883338
Low-VAF CH only,3.2772746873652436,0.7683409184919211,0.7574160712650843,0.7788482361883338
Low-VAF CH only,3.280012594372232,0.7683409184919211,0.7574160712650843,0.7788482361883338
Low-VAF CH only,3.2827505013792204,0.7681626491372826,0.7572346718015369,0.7786732490940881
Low-VAF CH only,3.2854884083862093,0.7678058620266754,0.7568716210464776,0.7783230297256747
Low-VAF CH only,3.2882263153931977,0.7674489920001699,0.7565084954152647,0.7779727195351697
Low-VAF CH only,3.290964222400186,0.7670919559489952,0.7561452075820453,0.7776222394963614
Low-VAF CH only,3.2937021294071744,0.7669134379234077,0.7559635682541975,0.7774469949893118
Low-VAF CH only,3.2964400364141633,0.7667349198978204,0.7557819319818252,0.777271747494011
Low-VAF CH only,3.30191585042814,0.7663778006989858,0.7554185812408036,0.7769211644713641
Low-VAF CH only,3.3046537574351285,0.7661991162036025,0.7552367792347735,0.7767457497028498
Low-VAF CH only,3.3073916644421173,0.7660204317082192,0.755054980284993,0.7765703319458571
Low-VAF CH only,3.3101295714491057,0.7660204317082192,0.755054980284993,0.7765703319458571
Low-VAF CH only,3.3156053854630825,0.7658417055225664,0.754873140591132,0.7763948715529186
Low-VAF CH only,3.3210811994770597,0.7656628958785032,0.7546912162743987,0.776219328799523
Low-VAF CH only,3.323819106484048,0.7656628958785032,0.7546912162743987,0.776219328799523
Low-VAF CH only,3.3265570134910365,0.7656628958785032,0.7546912162743987,0.776219328799523
Low-VAF CH only,3.3292949204980253,0.7649469885424784,0.7539628470470117,0.7755164918374501
Low-VAF CH only,3.334770734512002,0.7649469885424784,0.7539628470470117,0.7755164918374501
Low-VAF CH only,3.337508641518991,0.7649469885424784,0.7539628470470117,0.7755164918374501
Low-VAF CH only,3.3402465485259794,0.7647678020846329,0.7537805421774065,0.7753405757479731
Low-VAF CH only,3.3429844555329677,0.7642302427110964,0.7532336459764227,0.774812809490918
Low-VAF CH only,3.345722362539956,0.7640510562532509,0.7530513533694945,0.7746368814177536
Low-VAF CH only,3.348460269546945,0.7636925992716636,0.7526866890271069,0.7742849363424962
Low-VAF CH only,3.3511981765539334,0.7633339739608997,0.7523218601036062,0.7739328192004535
Low-VAF CH only,3.3539360835609218,0.7631545770222485,0.7521393616996501,0.7737566759759114
Low-VAF CH only,3.35667399056791,0.7629751800835973,0.7519568663556636,0.7735805297614555
Low-VAF CH only,3.359411897574899,0.7629751800835973,0.7519568663556636,0.7735805297614555
Low-VAF CH only,3.3621498045818874,0.762616217401836,0.7515917075394095,0.7732280677947533
Low-VAF CH only,3.367625618595864,0.762616217401836,0.7515917075394095,0.7732280677947533
Low-VAF CH only,3.3731014326098414,0.762616217401836,0.7515917075394095,0.7732280677947533
Low-VAF CH only,3.378577246623818,0.762616217401836,0.7515917075394095,0.7732280677947533
Low-VAF CH only,3.381315153630807,0.7622567471131715,0.7512260278052045,0.7728751110112225
Low-VAF CH only,3.3840530606377954,0.7620770119688393,0.7510431925448049,0.7726986281201617
Low-VAF CH only,3.386790967644784,0.7620770119688393,0.7510431925448049,0.7726986281201617
Low-VAF CH only,3.389528874651772,0.7620770119688393,0.7510431925448049,0.7726986281201617
Low-VAF CH only,3.392266781658761,0.7617173720386983,0.7506773530496063,0.7723454919762511
Low-VAF CH only,3.3950046886657494,0.7615373821114679,0.7504942593898868,0.7721687577316403
Low-VAF CH only,3.397742595672738,0.7613573496334274,0.7503111241148027,0.7719919800063048
Low-VAF CH only,3.4004805026797262,0.761177231973235,0.7501279024477306,0.7718151182471636
Low-VAF CH only,3.403218409686715,0.7608169113900524,0.749761378802517,0.7714613045997294
Low-VAF CH only,3.4114321307076803,0.7608169113900524,0.749761378802517,0.7714613045997294
Low-VAF CH only,3.414170037714669,0.7604563346547965,0.7493945984423235,0.7711072352539405
Low-VAF CH only,3.4169079447216575,0.7602759607613774,0.7492111230598243,0.7709301147082658
Low-VAF CH only,3.419645851728646,0.7600955868679583,0.7490276507625956,0.770752991151432
Low-VAF CH only,3.4305974797566,0.7600955868679583,0.7490276507625956,0.770752991151432
Low-VAF CH only,3.436073293770577,0.7599151701608926,0.7488441365825844,0.7705758238570125
Low-VAF CH only,3.4388112007775655,0.7595543367467611,0.7484771174682429,0.7702214802446053
Low-VAF CH only,3.4442870147915428,0.7595543367467611,0.7484771174682429,0.7702214802446053
Low-VAF CH only,3.447024921798531,0.7593737913850432,0.7482934774146636,0.7700441815355715
Low-VAF CH only,3.452500735812508,0.7591932460233255,0.7481098404447827,0.7698668798173153
Low-VAF CH only,3.4552386428194968,0.7590127006616076,0.7479262065558603,0.7696895750924239
Low-VAF CH only,3.457976549826485,0.7588321552998898,0.747742575745163,0.7695122673634791
Low-VAF CH only,3.4607144568334736,0.7586515669716414,0.7475589028896713,0.7693349157536299
Low-VAF CH only,3.463452363840462,0.758470978643393,0.7473752331099879,0.7691575611421213
Low-VAF CH only,3.468928177854439,0.7582903473076836,0.7471915212418025,0.768980162611652
Low-VAF CH only,3.4716660848614276,0.7581097159719743,0.7470078124470227,0.7688027610819037
Low-VAF CH only,3.479879805882393,0.7579290415878056,0.7468240615199748,0.7686253155950608
Low-VAF CH only,3.4826177128893816,0.7575675204613626,0.746456387898615,0.7682702516293857
Low-VAF CH only,3.48535561989637,0.7572058267299415,0.7460885453311353,0.767915011432271
Low-VAF CH only,3.4908314339103472,0.7572058267299415,0.7460885453311353,0.767915011432271
Low-VAF CH only,3.4935693409173356,0.7568438736578909,0.745720442752949,0.7675595124654881
Low-VAF CH only,3.499045154931313,0.7566628105302214,0.7455363051588844,0.7673816760837737
Low-VAF CH only,3.5017830619383012,0.7563006842748827,0.7451680392064208,0.7670259943112189
Low-VAF CH only,3.507258875952278,0.7557572346813918,0.7446153901391858,0.766492201538076
Low-VAF CH only,3.509996782959267,0.7555759544619911,0.744431043071804,0.7663141405679302
Low-VAF CH only,3.5127346899662553,0.7555759544619911,0.744431043071804,0.7663141405679302
Low-VAF CH only,3.5154725969732437,0.7553945436686029,0.744246561990955,0.7661359523403779
Low-VAF CH only,3.518210503980232,0.7552130892982766,0.7440620382427288,0.7659577196366876
Low-VAF CH only,3.5264242250011977,0.7550314603686714,0.7438773343040218,0.7657793178158612
Low-VAF CH only,3.529162132008186,0.7548498314390663,0.7436926334603158,0.7656009129778736
Low-VAF CH only,3.531900039015175,0.7546680713062853,0.7435077979539869,0.7654223802741431
Low-VAF CH only,3.5346379460221633,0.7544863111735044,0.7433229655464898,0.7652438445499553
Low-VAF CH only,3.5373758530291517,0.7541227909079427,0.7429533100171234,0.7648867640504402
Low-VAF CH only,3.54011376003614,0.7537591830049012,0.7425835748466895,0.7645295880962629
Low-VAF CH only,3.5455895740501173,0.7535773351923548,0.7423986658492215,0.7643509538600479
Low-VAF CH only,3.5483274810571057,0.7533953995730422,0.7422136677595443,0.7641722330480465
Low-VAF CH only,3.553803295071083,0.7530315283344172,0.741843680854256,0.7638147823850231
Low-VAF CH only,3.5565412020780713,0.7528495487480629,0.7416586458784767,0.763636010693721
Low-VAF CH only,3.5592791090850597,0.7528495487480629,0.7416586458784767,0.763636010693721
Low-VAF CH only,3.5620170160920486,0.7528495487480629,0.7416586458784767,0.763636010693721
Low-VAF CH only,3.564754923099037,0.7528495487480629,0.7416586458784767,0.763636010693721
Low-VAF CH only,3.5674928301060254,0.752484796059716,0.7412877521723666,0.7632777030769874
Low-VAF CH only,3.5702307371130138,0.7523023312692069,0.7411022171305004,0.7630984605522984
Low-VAF CH only,3.575706551126991,0.7523023312692069,0.7411022171305004,0.7630984605522984
Low-VAF CH only,3.5811823651409678,0.7523023312692069,0.7411022171305004,0.7630984605522984
Low-VAF CH only,3.5839202721479566,0.7523023312692069,0.7411022171305004,0.7630984605522984
Low-VAF CH only,3.586658179154945,0.7521196005596442,0.7409164060185665,0.7629189619394147
Low-VAF CH only,3.5893960861619334,0.7521196005596442,0.7409164060185665,0.7629189619394147
Low-VAF CH only,3.592133993168922,0.7521196005596442,0.7409164060185665,0.7629189619394147
Low-VAF CH only,3.5948719001759106,0.7519367810164843,0.740730504768084,0.7627393757461685
Low-VAF CH only,3.597609807182899,0.7515710530101534,0.7403586183080929,0.7623801095930928
Low-VAF CH only,3.6003477141898874,0.7513880999787487,0.7401725863061442,0.762200387222264
Low-VAF CH only,3.603085621196876,0.7512051469473441,0.7399865574384261,0.762020661800389
Low-VAF CH only,3.6058235282038646,0.7512051469473441,0.7399865574384261,0.762020661800389
Low-VAF CH only,3.608561435210853,0.7508389733441526,0.7396142282217625,0.761660947204798
Low-VAF CH only,3.61403724922483,0.7504727104303262,0.7392418177877543,0.7613011354058146
Low-VAF CH only,3.6167751562318187,0.7501063581186687,0.7388693260390701,0.7609412263264301
Low-VAF CH only,3.619513063238807,0.7501063581186687,0.7388693260390701,0.7609412263264301
Low-VAF CH only,3.624988877252784,0.7501063581186687,0.7388693260390701,0.7609412263264301
Low-VAF CH only,3.6332025982737495,0.7497397372202724,0.7384965648648992,0.7605810494328681
Low-VAF CH only,3.6386784122877267,0.7495563819409327,0.7383101419205358,0.7604009137423651
Low-VAF CH only,3.641416319294715,0.7495563819409327,0.7383101419205358,0.7604009137423651
Low-VAF CH only,3.6441542263017035,0.7495563819409327,0.7383101419205358,0.7604009137423651
Low-VAF CH only,3.646892133308692,0.7493728470775779,0.7381235335884724,0.7602206040881266
Low-VAF CH only,3.6496300403156807,0.7493728470775779,0.7381235335884724,0.7602206040881266
Low-VAF CH only,3.652367947322669,0.7491892672522282,0.7379368812011433,0.7600402485832704
Low-VAF CH only,3.6551058543296575,0.7491892672522282,0.7379368812011433,0.7600402485832704
Low-VAF CH only,3.6578437613366463,0.7490056424318233,0.7377501847247927,0.7598598471955699
Low-VAF CH only,3.6605816683436347,0.7488219275330174,0.7375633968326246,0.7596793570182411
Low-VAF CH only,3.663319575350623,0.7488219275330174,0.7375633968326246,0.7596793570182411
Low-VAF CH only,3.6687953893646004,0.7488219275330174,0.7375633968326246,0.7596793570182411
Low-VAF CH only,3.6715332963715888,0.748638077317566,0.7373764700365122,0.7594987349960269
Low-VAF CH only,3.674271203378577,0.7484542271021148,0.7371895463971753,0.7593181099034754
Low-VAF CH only,3.6770091103855655,0.7482703768866636,0.7370026259118655,0.7591374817431608
Low-VAF CH only,3.6797470173925544,0.7480865266712123,0.736815708577841,0.758956850517652
Low-VAF CH only,3.682484924399543,0.7480865266712123,0.736815708577841,0.758956850517652
Low-VAF CH only,3.6879607384135196,0.7480865266712123,0.736815708577841,0.758956850517652
Low-VAF CH only,3.6906986454205084,0.7477186454188537,0.7364416935472692,0.7585954067768604
Low-VAF CH only,3.693436552427497,0.7475346595316935,0.7362546432476085,0.7584146372313909
Low-VAF CH only,3.6989123664414736,0.7475346595316935,0.7362546432476085,0.7584146372313909
Low-VAF CH only,3.7016502734484624,0.7475346595316935,0.7362546432476085,0.7584146372313909
Low-VAF CH only,3.704388180455451,0.7473504469492559,0.7360673581333942,0.758233648861415
Low-VAF CH only,3.707126087462439,0.746981840070366,0.7356926066460128,0.7578714899468888
Low-VAF CH only,3.7098639944694276,0.7467975366309211,0.7355052356500885,0.7576904058736394
Low-VAF CH only,3.7126019014764164,0.7466131876956875,0.735317820059527,0.7575092754241076
Low-VAF CH only,3.715339808483405,0.7466131876956875,0.735317820059527,0.7575092754241076
Low-VAF CH only,3.7180777154903932,0.746244307662241,0.7349428071552812,0.7571468319178893
Low-VAF CH only,3.7235535295043705,0.7456905770357294,0.734379880575438,0.7566027527884417
Low-VAF CH only,3.726291436511359,0.7456905770357294,0.734379880575438,0.7566027527884417
Low-VAF CH only,3.7317672505253356,0.7456905770357294,0.734379880575438,0.7566027527884417
Low-VAF CH only,3.7345051575323245,0.7455057714404293,0.7341920046390632,0.7564211692239332
Low-VAF CH only,3.737243064539313,0.7453209200217731,0.7340040837811892,0.7562395389566614
Low-VAF CH only,3.7399809715463013,0.7451359768654401,0.7338160698076145,0.7560578182850918
Low-VAF CH only,3.7427188785532897,0.7449510337091071,0.7336280590162949,0.7558760945214085
Low-VAF CH only,3.7454567855602785,0.7447660905527741,0.7334400514044787,0.7556943676681839
Low-VAF CH only,3.7509325995742553,0.7447660905527741,0.7334400514044787,0.7556943676681839
Low-VAF CH only,3.7536705065812437,0.7447660905527741,0.7334400514044787,0.7556943676681839
Low-VAF CH only,3.7564084135882325,0.7447660905527741,0.7334400514044787,0.7556943676681839
Low-VAF CH only,3.759146320595221,0.7447660905527741,0.7334400514044787,0.7556943676681839
Low-VAF CH only,3.7618842276022093,0.7443955601594643,0.7330633696650596,0.7553302916458712
Low-VAF CH only,3.764622134609198,0.7442102949628093,0.7328750335879618,0.7551482489794331
Low-VAF CH only,3.7673600416161865,0.7442102949628093,0.7328750335879618,0.7551482489794331
Low-VAF CH only,3.775573762637152,0.7442102949628093,0.7328750335879618,0.7551482489794331
Low-VAF CH only,3.7783116696441406,0.7442102949628093,0.7328750335879618,0.7551482489794331
Low-VAF CH only,3.7837874836581173,0.7438393027918407,0.7324978863040761,0.754783714821615
Low-VAF CH only,3.786525390665106,0.7436537604364425,0.7323092688987536,0.7546013990374951
Low-VAF CH only,3.7892632976720946,0.7436537604364425,0.7323092688987536,0.7546013990374951
Low-VAF CH only,3.792001204679083,0.7436537604364425,0.7323092688987536,0.7546013990374951
Low-VAF CH only,3.7947391116860714,0.7434680327240457,0.7321204601296544,0.754418903725257
Low-VAF CH only,3.8056907397140254,0.7432822586029253,0.7319316058586308,0.754236361123331
Low-VAF CH only,3.808428646721014,0.7430964380382746,0.7317427060501865,0.7540537711977335
Low-VAF CH only,3.8111665537280026,0.7430964380382746,0.7317427060501865,0.7540537711977335
Low-VAF CH only,3.813904460734991,0.7430964380382746,0.7317427060501865,0.7540537711977335
Low-VAF CH only,3.8166423677419794,0.7430964380382746,0.7317427060501865,0.7540537711977335
Low-VAF CH only,3.8193802747489682,0.7427241452336463,0.7313642320153619,0.7536879617459162
Low-VAF CH only,3.8221181817559566,0.7425379988313321,0.7311749998475079,0.7535050523138095
Low-VAF CH only,3.824856088762945,0.7423518524290178,0.7309857709089531,0.7533221397477223
Low-VAF CH only,3.8275939957699334,0.7421657060267036,0.7307965451969008,0.7531392240502623
Low-VAF CH only,3.8303319027769223,0.7416069865491427,0.7302285932217497,0.7525901914195581
Low-VAF CH only,3.8330698097839107,0.7414207467232891,0.7300392823444842,0.7524071742850741
Low-VAF CH only,3.835807716790899,0.7414207467232891,0.7300392823444842,0.7524071742850741
Low-VAF CH only,3.8385456237978874,0.7412343664450781,0.7298498272681727,0.7522240203369533
Low-VAF CH only,3.8440214378118647,0.7410479392905397,0.7296603262168744,0.7520408186390142
Low-VAF CH only,3.846759344818853,0.740674897287373,0.7292811367957625,0.7516742271900243
Low-VAF CH only,3.8494972518258415,0.740674897287373,0.7292811367957625,0.7516742271900243
Low-VAF CH only,3.8522351588328303,0.7404882352668873,0.7290913989173706,0.7514907925363746
Low-VAF CH only,3.8549730658398187,0.7403014790915363,0.7289015654494687,0.7513072651234783
Low-VAF CH only,3.857710972846807,0.7399279667408343,0.728521908229338,0.7509402008727253
Low-VAF CH only,3.8604488798537955,0.7397411162441825,0.7283319854764063,0.7507565742573028
Low-VAF CH only,3.8631867868607843,0.7391805647542273,0.72776223663376,0.7502056755761148
Low-VAF CH only,3.868662600874761,0.738993667013455,0.7275722772344895,0.7500219914382955
Low-VAF CH only,3.87140050788175,0.738993667013455,0.7275722772344895,0.7500219914382955
Low-VAF CH only,3.8768763218957267,0.7388066273609586,0.7273821721327096,0.7498381690738429
Low-VAF CH only,3.879614228902715,0.7384324533283625,0.7270018722275844,0.749470424748218
Low-VAF CH only,3.8878279499236807,0.7384324533283625,0.7270018722275844,0.749470424748218
Low-VAF CH only,3.890565856930669,0.7382451765205187,0.7268115279494051,0.7492863672038607
Low-VAF CH only,3.8960416709446464,0.737683346096987,0.7262405145806631,0.7487341756934072
Low-VAF CH only,3.8987795779516348,0.7374959741523345,0.7260500834330658,0.7485500150018561
Low-VAF CH only,3.904255391965612,0.7371212302630294,0.7256692308606801,0.7481816841898563
Low-VAF CH only,3.9069932989726004,0.7367463910917795,0.7252882912527423,0.7478132501061783
Low-VAF CH only,3.909731205979589,0.7363715519205296,0.7249073645816978,0.7474448034758868
Low-VAF CH only,3.912469112986577,0.7361840846211608,0.7247168560265279,0.7472605300319995
Low-VAF CH only,3.915207019993566,0.7359965217970534,0.7245262504706482,0.7470761625030392
Low-VAF CH only,3.9179449270005544,0.7358089589729462,0.7243356481482152,0.7468917918383488
Low-VAF CH only,3.92615864802152,0.7358089589729462,0.7243356481482152,0.7468917918383488
Low-VAF CH only,3.9288965550285084,0.7356213004779263,0.7241449486749871,0.746707326946626
Low-VAF CH only,3.931634462035497,0.7356213004779263,0.7241449486749871,0.746707326946626
Low-VAF CH only,3.934372369042485,0.7354334982567168,0.7239541016314814,0.7465227220701155
Low-VAF CH only,3.937110276049474,0.7352455520522044,0.7237631067520356,0.7463379769605039
Low-VAF CH only,3.9398481830564624,0.7350575577918996,0.7235720646982685,0.7461531829459108
Low-VAF CH only,3.942586090063451,0.7348695154389214,0.7233809754326489,0.745968339990237
Low-VAF CH only,3.9453239970704392,0.7344933344737621,0.722998705654351,0.7455985529723477
Low-VAF CH only,3.959013532105382,0.7344933344737621,0.722998705654351,0.7455985529723477
Low-VAF CH only,3.9617514391123705,0.7343051958122678,0.7228075250896604,0.7454136088635631
Low-VAF CH only,3.969965160133336,0.733740779827785,0.722234002883028,0.7448587576467917
Low-VAF CH only,3.9727030671403245,0.7335525446354227,0.7220427340263079,0.7446737090324073
Low-VAF CH only,3.975440974147313,0.7333643094430606,0.7218514684152385,0.7444886572718415
Low-VAF CH only,3.9781788811543017,0.7329877424035519,0.7214688455208094,0.7441184522782764
Low-VAF CH only,3.98091678816129,0.7329877424035519,0.7214688455208094,0.7441184522782764
Low-VAF CH only,3.9836546951682785,0.7329877424035519,0.7214688455208094,0.7441184522782764
Low-VAF CH only,3.986392602175267,0.7329877424035519,0.7214688455208094,0.7441184522782764
Low-VAF CH only,3.9891305091822558,0.7327991682480584,0.7212772340251375,0.7439330683075163
Low-VAF CH only,3.991868416189244,0.7327991682480584,0.7212772340251375,0.7439330683075163
Low-VAF CH only,3.9946063231962325,0.732610448400454,0.7210854729329188,0.7437475424491228
Low-VAF CH only,3.997344230203221,0.7324217285528495,0.7208937151071874,0.7435620134258049
Low-VAF CH only,4.000082137210209,0.732232960066109,0.7207019095155879,0.743376434924557
Low-VAF CH only,4.005557951224187,0.7318552283353553,0.7203181038012527,0.743005082975835
Low-VAF CH only,4.008295858231175,0.7312881917431533,0.7197419591828565,0.7424476132702296
Low-VAF CH only,4.011033765238164,0.7312881917431533,0.7197419591828565,0.7424476132702296
Low-VAF CH only,4.016509579252141,0.7312881917431533,0.7197419591828565,0.7424476132702296
Low-VAF CH only,4.019247486259129,0.7309097761200003,0.7193574686871778,0.7420755784030068
Low-VAF CH only,4.024723300273106,0.7305312625124809,0.7189728885057362,0.7417034375307745
Low-VAF CH only,4.027461207280095,0.7301527489049615,0.7185883214224782,0.7413312839714727
Low-VAF CH only,4.030199114287083,0.7301527489049615,0.7185883214224782,0.7413312839714727
Low-VAF CH only,4.03567492830106,0.7301527489049615,0.7185883214224782,0.7413312839714727
Low-VAF CH only,4.038412835308049,0.7297739407343234,0.7182034584214475,0.7409588372142619
Low-VAF CH only,4.041150742315037,0.7295844382828214,0.7180109286457999,0.7407725153995818
Low-VAF CH only,4.046626556329014,0.7293948865971153,0.7178183505011418,0.7405861435221573
Low-VAF CH only,4.049364463336003,0.7292052856388108,0.7176257239484541,0.7403997215443504
Low-VAF CH only,4.0521023703429915,0.7292052856388108,0.7176257239484541,0.7403997215443504
Low-VAF CH only,4.05484027734998,0.7288256889258286,0.7172400665448587,0.7400264920717227
Low-VAF CH only,4.057578184356968,0.7288256889258286,0.7172400665448587,0.7400264920717227
Low-VAF CH only,4.060316091363957,0.7286357421734372,0.7170470871060267,0.7398397312367306
Low-VAF CH only,4.063053998370945,0.7284456963356246,0.7168540070187821,0.73965287285047
Low-VAF CH only,4.0657919053779334,0.7284456963356246,0.7168540070187821,0.73965287285047
Low-VAF CH only,4.068529812384922,0.7282555016368425,0.716660774068441,0.7394658695096188
Low-VAF CH only,4.071267719391911,0.7280652075418237,0.7164674401526742,0.739278768313577
Low-VAF CH only,4.0740056263988995,0.7280652075418237,0.7164674401526742,0.739278768313577
Low-VAF CH only,4.076743533405888,0.7276845198516058,0.7160806778777729,0.7389044615502635
Low-VAF CH only,4.079481440412876,0.7274941262043395,0.7158872494638808,0.7387172559336503
Low-VAF CH only,4.082219347419865,0.7274941262043395,0.7158872494638808,0.7387172559336503
Low-VAF CH only,4.0876951614338415,0.7274941262043395,0.7158872494638808,0.7387172559336503
Low-VAF CH only,4.090433068440831,0.7274941262043395,0.7158872494638808,0.7387172559336503
Low-VAF CH only,4.098646789461796,0.7273034331175232,0.7156935102289836,0.7385297619617663
Low-VAF CH only,4.101384696468784,0.7271127400307069,0.7154997743245406,0.7383422647678402
Low-VAF CH only,4.104122603475773,0.7271127400307069,0.7154997743245406,0.7383422647678402
Low-VAF CH only,4.106860510482761,0.7271127400307069,0.7154997743245406,0.7383422647678402
Low-VAF CH only,4.1095984174897495,0.7269216962209247,0.7153056737947127,0.7381544303877527
Low-VAF CH only,4.112336324496739,0.7269216962209247,0.7153056737947127,0.7381544303877527
Low-VAF CH only,4.115074231503727,0.7269216962209247,0.7153056737947127,0.7381544303877527
Low-VAF CH only,4.117812138510716,0.7267305016664216,0.7151114184556177,0.7379664492336013
Low-VAF CH only,4.120550045517704,0.7267305016664216,0.7151114184556177,0.7379664492336013
Low-VAF CH only,4.123287952524692,0.7265390552750447,0.7149169022400748,0.7377782250516489
Low-VAF CH only,4.126025859531681,0.7263476088836679,0.7147223893981416,0.7375899976084459
Low-VAF CH only,4.134239580552647,0.7259646151537003,0.7143332679108523,0.7372134368308776
Low-VAF CH only,4.139715394566624,0.7257730677618391,0.7141386592094697,0.7370251034460226
Low-VAF CH only,4.142453301573612,0.7251982738855758,0.7135546941610947,0.7364599393026817
Low-VAF CH only,4.1451912085806,0.7251982738855758,0.7135546941610947,0.7364599393026817
Low-VAF CH only,4.150667022594577,0.724623176126745,0.7129704406069151,0.7358944565003314
Low-VAF CH only,4.153404929601566,0.7244314768738014,0.7127756961531228,0.735705955725848
Low-VAF CH only,4.156142836608555,0.7242397268799227,0.712580901830812,0.7355174033819388
Low-VAF CH only,4.158880743615543,0.7240479261047955,0.7123860575990417,0.735328799429047
Low-VAF CH only,4.161618650622532,0.7240479261047955,0.7123860575990417,0.735328799429047
Low-VAF CH only,4.16435655762952,0.7240479261047955,0.7123860575990417,0.735328799429047
Low-VAF CH only,4.1670944646365085,0.7236638157991696,0.7119958455255994,0.7349510972811379
Low-VAF CH only,4.169832371643497,0.72327960352638,0.7116055399877018,0.7345732849799049
Low-VAF CH only,4.172570278650485,0.7230874463522231,0.7114103387405982,0.7343843253336174
Low-VAF CH only,4.178046092664463,0.722895135861172,0.7112149800343941,0.7341952164222338
Low-VAF CH only,4.180783999671451,0.7223175898138795,0.7106282795187534,0.7336272848061582
Low-VAF CH only,4.1889977206924165,0.7221250231410419,0.7104326656218247,0.7334379188395218
Low-VAF CH only,4.191735627699405,0.7221250231410419,0.7104326656218247,0.7334379188395218
Low-VAF CH only,4.194473534706393,0.7221250231410419,0.7104326656218247,0.7334379188395218
Low-VAF CH only,4.197211441713383,0.7219322508444213,0.7102368394073354,0.7332483537852907
Low-VAF CH only,4.199949348720371,0.7217393755436347,0.7100409085366225,0.7330586873581503
Low-VAF CH only,4.202687255727359,0.7215464486856973,0.7098449269855792,0.7328689685448311
Low-VAF CH only,4.208163069741336,0.7213534186031169,0.7096488405527236,0.7326791481436724
Low-VAF CH only,4.2109009767483245,0.7213534186031169,0.7096488405527236,0.7326791481436724
Low-VAF CH only,4.213638883755313,0.7213534186031169,0.7096488405527236,0.7326791481436724
Low-VAF CH only,4.216376790762301,0.7213534186031169,0.7096488405527236,0.7326791481436724
Low-VAF CH only,4.219114697769291,0.7211600262656898,0.7094523774848028,0.7324889795045852
Low-VAF CH only,4.230066325797244,0.7211600262656898,0.7094523774848028,0.7324889795045852
Low-VAF CH only,4.235542139811221,0.7211600262656898,0.7094523774848028,0.7324889795045852
Low-VAF CH only,4.238280046818209,0.7211600262656898,0.7094523774848028,0.7324889795045852
Low-VAF CH only,4.241017953825199,0.7207726182472821,0.7090588076611759,0.7321080387561012
Low-VAF CH only,4.243755860832187,0.7207726182472821,0.7090588076611759,0.7321080387561012
Low-VAF CH only,4.249231674846164,0.7207726182472821,0.7090588076611759,0.7321080387561012
Low-VAF CH only,4.251969581853152,0.7207726182472821,0.7090588076611759,0.7321080387561012
Low-VAF CH only,4.254707488860141,0.7201905676807299,0.7084674941140919,0.7315357090247201
Low-VAF CH only,4.257445395867129,0.7201905676807299,0.7084674941140919,0.7315357090247201
Low-VAF CH only,4.262921209881107,0.7201905676807299,0.7084674941140919,0.7315357090247201
Low-VAF CH only,4.265659116888095,0.7201905676807299,0.7084674941140919,0.7315357090247201
Low-VAF CH only,4.2683970238950835,0.7198018008425756,0.7080725331860901,0.731153441147634
Low-VAF CH only,4.271134930902072,0.7198018008425756,0.7080725331860901,0.731153441147634
Low-VAF CH only,4.276610744916049,0.7196073649158218,0.707875002858734,0.7309622521724398
Low-VAF CH only,4.279348651923037,0.719412928989068,0.707677476020128,0.7307710598319587
Low-VAF CH only,4.284824465937015,0.719412928989068,0.707677476020128,0.7307710598319587
Low-VAF CH only,4.287562372944003,0.719412928989068,0.707677476020128,0.7307710598319587
Low-VAF CH only,4.2903002799509915,0.719218229955512,0.7074796765884753,0.7305796136448092
Low-VAF CH only,4.29303818695798,0.719218229955512,0.7074796765884753,0.7305796136448092
Low-VAF CH only,4.298514000971957,0.7190234254511904,0.7072817699845543,0.7303880636729028
Low-VAF CH only,4.301251907978945,0.71882851533315,0.7070837560623268,0.7301964097766627
Low-VAF CH only,4.303989814985934,0.71882851533315,0.7070837560623268,0.7301964097766627
Low-VAF CH only,4.306727721992923,0.71882851533315,0.7070837560623268,0.7301964097766627
Low-VAF CH only,4.309465628999911,0.71882851533315,0.7070837560623268,0.7301964097766627
Low-VAF CH only,4.3122035360068995,0.7186332345628883,0.7068853566894162,0.7300043996588216
Low-VAF CH only,4.314941443013888,0.7184379537926266,0.706686960853015,0.7298123861321998
Low-VAF CH only,4.317679350020876,0.7178521114818417,0.7060917945328812,0.729236325127181
Low-VAF CH only,4.325893071041842,0.7178521114818417,0.7060917945328812,0.729236325127181
Low-VAF CH only,4.328630978048831,0.7174609114210886,0.7056943645881151,0.7288516596047135
Low-VAF CH only,4.331368885055819,0.7172652580500983,0.7054955989557508,0.7286592709442269
Low-VAF CH only,4.334106792062808,0.7172652580500983,0.7054955989557508,0.7286592709442269
Low-VAF CH only,4.336844699069796,0.7168736308275758,0.7050977420191576,0.7282741782959237
Low-VAF CH only,4.339582606076784,0.7166778172163146,0.7048988188761183,0.7280816268400957
Low-VAF CH only,4.342320513083773,0.7164819500894448,0.7046998431228124,0.7278890210215148
Low-VAF CH only,4.34779632709775,0.7164819500894448,0.7046998431228124,0.7278890210215148
Low-VAF CH only,4.353272141111727,0.7164819500894448,0.7046998431228124,0.7278890210215148
Low-VAF CH only,4.356010048118716,0.7164819500894448,0.7046998431228124,0.7278890210215148
Low-VAF CH only,4.358747955125704,0.7164819500894448,0.7046998431228124,0.7278890210215148
Low-VAF CH only,4.364223769139681,0.716285814871791,0.7045005895892368,0.7276961565769438
Low-VAF CH only,4.366961676146669,0.7158934369945673,0.7041019804658589,0.7273103151094807
Low-VAF CH only,4.3696995831536585,0.7158934369945673,0.7041019804658589,0.7273103151094807
Low-VAF CH only,4.372437490160647,0.7158934369945673,0.7041019804658589,0.7273103151094807
Low-VAF CH only,4.375175397167635,0.7156968709767214,0.7039022855351769,0.7271170302844076
Low-VAF CH only,4.377913304174624,0.7156968709767214,0.7039022855351769,0.7271170302844076
Low-VAF CH only,4.380651211181612,0.7156968709767214,0.7039022855351769,0.7271170302844076
Low-VAF CH only,4.386127025195589,0.7155000346535705,0.7037023105063567,0.72692348472165
Low-VAF CH only,4.394340746216555,0.7153031441652233,0.7035022822342135,0.7267298841340045
Low-VAF CH only,4.399816560230532,0.7151062536768762,0.7033022575675855,0.7265362800748171
Low-VAF CH only,4.40255446723752,0.7147124727001819,0.7029022190386169,0.7261490615530463
Low-VAF CH only,4.408030281251497,0.7145155279570846,0.702702148233481,0.7259553954519539
Low-VAF CH only,4.410768188258486,0.7143185832139873,0.7025020810257038,0.7257617258868047
Low-VAF CH only,4.416244002272463,0.7143185832139873,0.7025020810257038,0.7257617258868047
Low-VAF CH only,4.418981909279451,0.7139244764094554,0.7021017293435695,0.725374169501233
Low-VAF CH only,4.42171981628644,0.7139244764094554,0.7021017293435695,0.725374169501233
Low-VAF CH only,4.424457723293428,0.7139244764094554,0.7021017293435695,0.725374169501233
Low-VAF CH only,4.4271956303004165,0.7139244764094554,0.7021017293435695,0.725374169501233
Low-VAF CH only,4.429933537307405,0.7137270415431918,0.7019011585786504,0.725180023004499
Low-VAF CH only,4.432671444314394,0.7137270415431918,0.7019011585786504,0.725180023004499
Low-VAF CH only,4.435409351321383,0.7135293879731162,0.7017003619051477,0.7249856648568543
Low-VAF CH only,4.440885165335359,0.7133316248389773,0.7014994538760928,0.724791198929246
Low-VAF CH only,4.443623072342348,0.7129360985706995,0.7010976487366017,0.7244022565664514
Low-VAF CH only,4.446360979349336,0.7129360985706995,0.7010976487366017,0.7244022565664514
Low-VAF CH only,4.4490988863563246,0.7129360985706995,0.7010976487366017,0.7244022565664514
Low-VAF CH only,4.451836793363313,0.7125400229603824,0.7006952816145801,0.724012777330265
Low-VAF CH only,4.457312607377291,0.7125400229603824,0.7006952816145801,0.724012777330265
Low-VAF CH only,4.460050514384279,0.7123419300988422,0.7004940457462803,0.7238179800415551
Low-VAF CH only,4.462788421391267,0.7123419300988422,0.7004940457462803,0.7238179800415551
Low-VAF CH only,4.465526328398256,0.7121437270019866,0.7002926978348958,0.7236230743190947
Low-VAF CH only,4.468264235405244,0.7121437270019866,0.7002926978348958,0.7236230743190947
Low-VAF CH only,4.471002142412233,0.7119454135163275,0.7000912377235875,0.7234280600130469
Low-VAF CH only,4.47647795642621,0.7117470447747515,0.6998897232806511,0.7232329895934758
Low-VAF CH only,4.479215863433199,0.7117470447747515,0.6998897232806511,0.7232329895934758
Low-VAF CH only,4.481953770440187,0.7111516066447112,0.6992848535932191,0.7226474412843835
Low-VAF CH only,4.4846916774471755,0.7111516066447112,0.6992848535932191,0.7226474412843835
Low-VAF CH only,4.487429584454164,0.7109529054414018,0.6990830048847796,0.7224520403303206
Low-VAF CH only,4.490167491461152,0.7109529054414018,0.6990830048847796,0.7224520403303206
Low-VAF CH only,4.492905398468141,0.7109529054414018,0.6990830048847796,0.7224520403303206
Low-VAF CH only,4.498381212482118,0.7107540931076654,0.6988810432173669,0.7222565300698192
Low-VAF CH only,4.503857026496095,0.7107540931076654,0.6988810432173669,0.7222565300698192
Low-VAF CH only,4.5065949335030835,0.7105550580773916,0.6986788514995087,0.722060804317221
Low-VAF CH only,4.509332840510072,0.7105550580773916,0.6986788514995087,0.722060804317221
Low-VAF CH only,4.51207074751706,0.7103559114803969,0.6984765463776513,0.7218649688315397
Low-VAF CH only,4.514808654524049,0.7103559114803969,0.6984765463776513,0.7218649688315397
Low-VAF CH only,4.517546561531038,0.7099575065945414,0.6980718300026597,0.7214731808889758
Low-VAF CH only,4.520284468538026,0.7097581923029651,0.6978693599717853,0.7212771751317216
Low-VAF CH only,4.523022375545015,0.7097581923029651,0.6978693599717853,0.7212771751317216
Low-VAF CH only,4.525760282552003,0.7093592276080225,0.6974640782556831,0.7208848330398185
Low-VAF CH only,4.5284981895589915,0.7093592276080225,0.6974640782556831,0.7208848330398185
Low-VAF CH only,4.53123609656598,0.709159520618268,0.6972612071839688,0.7206884428462684
Low-VAF CH only,4.533974003572968,0.7089597010858312,0.6970582217100846,0.7204919419677016
Low-VAF CH only,4.536711910579957,0.7087598815533943,0.6968552399642639,0.7202954375057887
Low-VAF CH only,4.539449817586946,0.7081604229560838,0.6962463170634917,0.7197059026489099
Low-VAF CH only,4.542187724593934,0.707960603423647,0.6960433501982692,0.7195093838825166
Low-VAF CH only,4.544925631600923,0.707960603423647,0.6960433501982692,0.7195093838825166
Low-VAF CH only,4.547663538607911,0.7077606710307004,0.6958402686020404,0.7193127541245447
Low-VAF CH only,4.553139352621888,0.7075606256177466,0.6956370721118073,0.7191160132193036
Low-VAF CH only,4.555877259628876,0.7075606256177466,0.6956370721118073,0.7191160132193036
Low-VAF CH only,4.558615166635865,0.7071600818160949,0.6952302149151859,0.7187220895257611
Low-VAF CH only,4.561353073642854,0.7069597531810196,0.6950267323774598,0.7185250682951498
Low-VAF CH only,4.564090980649842,0.7069597531810196,0.6950267323774598,0.7185250682951498
Low-VAF CH only,4.566828887656831,0.7067593677634512,0.6948231939827262,0.7183279894291786
Low-VAF CH only,4.569566794663819,0.7063585969283146,0.6944161283997339,0.7179338209267284
Low-VAF CH only,4.572304701670808,0.7061582115107463,0.6942126012051654,0.7177367312960083
Low-VAF CH only,4.575042608677796,0.7059577692139792,0.694009018049244,0.7175395839405591
Low-VAF CH only,4.577780515684784,0.7055565428603481,0.6936015042893279,0.7171449531583213
Low-VAF CH only,4.580518422691773,0.7051552023922819,0.6931938857244626,0.7167501993889631
Low-VAF CH only,4.583256329698762,0.7051552023922819,0.6931938857244626,0.7167501993889631
Low-VAF CH only,4.5859942367057505,0.7049543606940785,0.6929899021153144,0.7165526539036685
Low-VAF CH only,4.588732143712739,0.7043516638909773,0.6923777935607257,0.7159598324165513
Low-VAF CH only,4.591470050719727,0.7043516638909773,0.6923777935607257,0.7159598324165513
Low-VAF CH only,4.596945864733704,0.7043516638909773,0.6923777935607257,0.7159598324165513
Low-VAF CH only,4.599683771740692,0.7043516638909773,0.6923777935607257,0.7159598324165513
Low-VAF CH only,4.602421678747681,0.7041505354889525,0.6921735240678183,0.7157619996294339
Low-VAF CH only,4.60515958575467,0.7041505354889525,0.6921735240678183,0.7157619996294339
Low-VAF CH only,4.610635399768647,0.7041505354889525,0.6921735240678183,0.7157619996294339
Low-VAF CH only,4.613373306775635,0.703949177028704,0.6919690169082184,0.7155639442492802
Low-VAF CH only,4.616111213782624,0.7037478185684555,0.6917645135154573,0.7153658852502218
Low-VAF CH only,4.618849120789612,0.703546460108207,0.6915600138863661,0.7151678226351484
Low-VAF CH only,4.6215870277966005,0.7033451016479585,0.6913555180177833,0.7149697564069435
Low-VAF CH only,4.62432493480359,0.7031436855249207,0.691150965400053,0.7147716316771783
Low-VAF CH only,4.6298007488175665,0.7029422694018829,0.6909464165409369,0.714573503335998
Low-VAF CH only,4.632538655824555,0.7029422694018829,0.6909464165409369,0.714573503335998
Low-VAF CH only,4.638014469838532,0.7029422694018829,0.6909464165409369,0.714573503335998
Low-VAF CH only,4.64075237684552,0.7029422694018829,0.6909464165409369,0.714573503335998
Low-VAF CH only,4.648966097866486,0.7027403905192288,0.6907413858422343,0.7143749308825221
Low-VAF CH only,4.651704004873475,0.7027403905192288,0.6907413858422343,0.7143749308825221
Low-VAF CH only,4.654441911880463,0.7027403905192288,0.6907413858422343,0.7143749308825221
Low-VAF CH only,4.65991772589444,0.7027403905192288,0.6907413858422343,0.7143749308825221
Low-VAF CH only,4.662655632901428,0.7027403905192288,0.6907413858422343,0.7143749308825221
Low-VAF CH only,4.676345167936371,0.7027403905192288,0.6907413858422343,0.7143749308825221
Low-VAF CH only,4.679083074943359,0.7027403905192288,0.6907413858422343,0.7143749308825221
Low-VAF CH only,4.681820981950348,0.7023357027043603,0.6903303597791784,0.7139768898229761
Low-VAF CH only,4.684558888957336,0.7021332421385763,0.6901247300407114,0.7137777527649247
Low-VAF CH only,4.687296795964325,0.7019307815727924,0.6899191041252425,0.7135786120365277
Low-VAF CH only,4.690034702971314,0.7017282625936889,0.6897134207257158,0.7133794120445658
Low-VAF CH only,4.692772609978302,0.7017282625936889,0.6897134207257158,0.7133794120445658
Low-VAF CH only,4.695510516985291,0.7017282625936889,0.6897134207257158,0.7133794120445658
Low-VAF CH only,4.698248423992279,0.7015254509571012,0.6895074339992746,0.7131799298493029
Low-VAF CH only,4.700986330999267,0.7015254509571012,0.6895074339992746,0.7131799298493029
Low-VAF CH only,4.706462145013244,0.7015254509571012,0.6895074339992746,0.7131799298493029
Low-VAF CH only,4.709200052020233,0.7013221102466788,0.689300895785923,0.7129799404797552
Low-VAF CH only,4.711937959027222,0.7011187105627326,0.6890942995470085,0.712779891271455
Low-VAF CH only,4.71467586603421,0.7007113202602556,0.6886804984118282,0.712379219369019
Low-VAF CH only,4.717413773041199,0.7003035743654286,0.6882663395954081,0.7119781941497227
Low-VAF CH only,4.720151680048187,0.6998958284706015,0.6878521963928221,0.7115771539541481
Low-VAF CH only,4.7228895870551755,0.6998958284706015,0.6878521963928221,0.7115771539541481
Low-VAF CH only,4.725627494062164,0.6996918366814815,0.6876450058934249,0.711376515160017
Low-VAF CH only,4.7311033080761415,0.6996918366814815,0.6876450058934249,0.711376515160017
Low-VAF CH only,4.73384121508313,0.6994876067233141,0.6874375692899111,0.7111756459916634
Low-VAF CH only,4.736579122090118,0.6994876067233141,0.6874375692899111,0.7111756459916634
Low-VAF CH only,4.739317029097107,0.6992830781833366,0.6872298231642084,0.7109744889661942
Low-VAF CH only,4.742054936104095,0.699078549643359,0.6870220809768054,0.7107733281646929
Low-VAF CH only,4.7447928431110835,0.699078549643359,0.6870220809768054,0.7107733281646929
Low-VAF CH only,4.747530750118072,0.6988738414297007,0.6868141541056996,0.7105719926352292
Low-VAF CH only,4.75026865712506,0.6988738414297007,0.6868141541056996,0.7105719926352292
Low-VAF CH only,4.75300656413205,0.6986688930891055,0.6866059790891045,0.7103704248575236
Low-VAF CH only,4.758482378146026,0.6984637039868767,0.686397555264146,0.7101686242250965
Low-VAF CH only,4.761220285153015,0.6982584545881148,0.6861890721111092,0.7099667624170212
Low-VAF CH only,4.7666960991669916,0.6982584545881148,0.6861890721111092,0.7099667624170212
Low-VAF CH only,4.772171913180968,0.6980530240336611,0.6859804027399464,0.7097647244525818
Low-VAF CH only,4.774909820187958,0.6980530240336611,0.6859804027399464,0.7097647244525818
Low-VAF CH only,4.777647727194946,0.6978473513689488,0.6857714831551992,0.7095624523417416
Low-VAF CH only,4.780385634201934,0.6976414966930288,0.6855623764661007,0.7093600032503943
Low-VAF CH only,4.783123541208923,0.6976414966930288,0.6855623764661007,0.7093600032503943
Low-VAF CH only,4.7885993552229,0.6970237503854494,0.6849348891033473,0.7087524594939613
Low-VAF CH only,4.791337262229888,0.6970237503854494,0.6849348891033473,0.7087524594939613
Low-VAF CH only,4.796813076243866,0.6970237503854494,0.6849348891033473,0.7087524594939613
Low-VAF CH only,4.799550983250854,0.6968177132141856,0.6847256068603347,0.7085498214100773
Low-VAF CH only,4.8022888902578424,0.6966116151032083,0.684516264651256,0.7083471215049177
Low-VAF CH only,4.805026797264831,0.6966116151032083,0.684516264651256,0.7083471215049177
Low-VAF CH only,4.807764704271819,0.6961992968936178,0.6840974642111072,0.7079415940946089
Low-VAF CH only,4.810502611278808,0.6959931377888225,0.6838880700172438,0.7077388246162324
Low-VAF CH only,4.813240518285796,0.6957868564794601,0.6836785515372059,0.7075359350305278
Low-VAF CH only,4.815978425292784,0.6957868564794601,0.6836785515372059,0.7075359350305278
Low-VAF CH only,4.8241921463137505,0.6955803302531379,0.6834687799374682,0.7073328085933192
Low-VAF CH only,4.829667960327727,0.6955803302531379,0.6834687799374682,0.7073328085933192
Low-VAF CH only,4.832405867334716,0.6955803302531379,0.6834687799374682,0.7073328085933192
Low-VAF CH only,4.835143774341704,0.6955803302531379,0.6834687799374682,0.7073328085933192
Low-VAF CH only,4.837881681348693,0.6955803302531379,0.6834687799374682,0.7073328085933192
Low-VAF CH only,4.840619588355682,0.6953733738918606,0.6832585607380718,0.7071292691168786
Low-VAF CH only,4.84335749536267,0.695166232582986,0.683048151399592,0.7069255498246488
Low-VAF CH only,4.8460954023696585,0.6947519499652369,0.6826273449520192,0.7065180995313306
Low-VAF CH only,4.848833309376647,0.694544685063696,0.6824168180614737,0.7063142509711042
Low-VAF CH only,4.851571216383635,0.694544685063696,0.6824168180614737,0.7063142509711042
Low-VAF CH only,4.854309123390624,0.694544685063696,0.6824168180614737,0.7063142509711042
Low-VAF CH only,4.857047030397612,0.694544685063696,0.6824168180614737,0.7063142509711042
Low-VAF CH only,4.859784937404601,0.694544685063696,0.6824168180614737,0.7063142509711042
Low-VAF CH only,4.86252284441159,0.6943371104417404,0.6822059700233085,0.7061101039032992
Low-VAF CH only,4.870736565432555,0.6943371104417404,0.6822059700233085,0.7061101039032992
Low-VAF CH only,4.873474472439543,0.6941293494870899,0.6819949304136569,0.7059057756831583
Low-VAF CH only,4.876212379446532,0.6937135786877565,0.6815726021634493,0.7054968707106652
Low-VAF CH only,4.87895028645352,0.6935056932880899,0.6813614442095263,0.705292412317995
Low-VAF CH only,4.884426100467498,0.6932977455539705,0.6811502249093024,0.7050878907010081
Low-VAF CH only,4.887164007474486,0.6930896730012833,0.6809388786513341,0.7048832464251829
Low-VAF CH only,4.889901914481475,0.692881537964346,0.6807274708977066,0.7046785387753614
Low-VAF CH only,4.892639821488463,0.6926734029274088,0.680516067263,0.7044738271833879
Low-VAF CH only,4.89811563550244,0.6926734029274088,0.680516067263,0.7044738271833879
Low-VAF CH only,4.9035914495164175,0.6926734029274088,0.680516067263,0.7044738271833879
Low-VAF CH only,4.909067263530394,0.6924649547170785,0.68030433888794,0.7042688137719801
Low-VAF CH only,4.920018891558348,0.6922562552129443,0.6800923507567904,0.7040635573941716
Low-VAF CH only,4.9254947055723255,0.6922562552129443,0.6800923507567904,0.7040635573941716
Low-VAF CH only,4.933708426593291,0.6920472406431337,0.6798800358972404,0.7038579973996503
Low-VAF CH only,4.936446333600279,0.6920472406431337,0.6798800358972404,0.7038579973996503
Low-VAF CH only,4.9391842406072675,0.6918380997423652,0.679667592535484,0.7036523132689754
Low-VAF CH only,4.944660054621245,0.6918380997423652,0.679667592535484,0.7036523132689754
Low-VAF CH only,4.9473979616282335,0.6916288955997155,0.6794550869370672,0.7034465649942079
Low-VAF CH only,4.955611682649199,0.6916288955997155,0.6794550869370672,0.7034465649942079
Low-VAF CH only,4.958349589656187,0.6914196281577791,0.6792425190438436,0.7032407525188085
Low-VAF CH only,4.963825403670164,0.6912102339639095,0.6790298222170665,0.7030348154973154
Low-VAF CH only,4.966563310677153,0.6910007128259998,0.6788169962602775,0.702828753742322
Low-VAF CH only,4.97203912469113,0.6905816705501806,0.678391356941043,0.702416618187365
Low-VAF CH only,4.974777031698118,0.6905816705501806,0.678391356941043,0.702416618187365
Low-VAF CH only,4.977514938705107,0.6905816705501806,0.678391356941043,0.702416618187365
Low-VAF CH only,4.9829907527190835,0.6905816705501806,0.678391356941043,0.702416618187365
Low-VAF CH only,4.988466566733061,0.6903717034870762,0.6781780752384845,0.702210120322327
Low-VAF CH only,4.99120447374005,0.6899517693608676,0.6777515245045748,0.7017971124765524
Low-VAF CH only,4.993942380747038,0.6899517693608676,0.6777515245045748,0.7017971124765524
Low-VAF CH only,4.996680287754026,0.6899517693608676,0.6777515245045748,0.7017971124765524
Low-VAF CH only,4.999418194761015,0.6899517693608676,0.6777515245045748,0.7017971124765524
Low-VAF CH only,5.002156101768003,0.6895309387604645,0.6773240491067366,0.7013832359739602
Low-VAF CH only,5.004894008774992,0.6895309387604645,0.6773240491067366,0.7013832359739602
Low-VAF CH only,5.00763191578198,0.6893202663074365,0.6771100476774838,0.7011760471082871
Low-VAF CH only,5.010369822788969,0.6891095938544085,0.6768960505128838,0.7009688541663883
Low-VAF CH only,5.013107729795958,0.6888989214013805,0.6766820576092168,0.7007616571516277
Low-VAF CH only,5.018583543809934,0.6886881845028179,0.6764680012743433,0.7005543947849556
Low-VAF CH only,5.0267972648309,0.6886881845028179,0.6764680012743433,0.7005543947849556
Low-VAF CH only,5.029535171837888,0.6882663234403352,0.6760394946363811,0.7001394895743855
Low-VAF CH only,5.032273078844877,0.6880553282461476,0.6758251798040785,0.6999319693595862
Low-VAF CH only,5.035010985851866,0.6878443330519599,0.6756108692408173,0.6997244450642844
Low-VAF CH only,5.037748892858854,0.6878443330519599,0.6756108692408173,0.6997244450642844
Low-VAF CH only,5.0404867998658425,0.6874219539711789,0.6751818526815792,0.6993090146088082
Low-VAF CH only,5.045962613879819,0.6874219539711789,0.6751818526815792,0.6993090146088082
Low-VAF CH only,5.048700520886808,0.6869990551991265,0.6747523074047261,0.6988930736067596
Low-VAF CH only,5.059652148914762,0.6867875407116883,0.6745374728243391,0.6986850350500862
Low-VAF CH only,5.0623900559217505,0.6867875407116883,0.6745374728243391,0.6986850350500862
Low-VAF CH only,5.070603776942716,0.6867875407116883,0.6745374728243391,0.6986850350500862
Low-VAF CH only,5.073341683949705,0.6865756346516108,0.6743222312485443,0.6984766200528153
Low-VAF CH only,5.076079590956693,0.6861516916848608,0.6738916236146718,0.6980596532637826
Low-VAF CH only,5.078817497963682,0.6859396546973191,0.673676257472215,0.6978511013945928
Low-VAF CH only,5.08155540497067,0.6857274865393551,0.6734607578734543,0.6976424206725915
Low-VAF CH only,5.0842933119776585,0.6855152527149851,0.6732451936273746,0.6974336733775891
Low-VAF CH only,5.095244940005613,0.6853029531631998,0.67302956467222,0.6972248594494538
Low-VAF CH only,5.097982847012601,0.6853029531631998,0.67302956467222,0.6972248594494538
Low-VAF CH only,5.10072075401959,0.684878090823979,0.6725980432682557,0.6968069688738989
Low-VAF CH only,5.103458661026578,0.6844530966627479,0.6721664007441606,0.6963889363872358
Low-VAF CH only,5.106196568033567,0.6840279705157524,0.6717346369251439,0.6959707618360846
Low-VAF CH only,5.108934475040555,0.6840279705157524,0.6717346369251439,0.6959707618360846
Low-VAF CH only,5.122624010075498,0.6836027122188821,0.6713027516361286,0.6955524450666479
Low-VAF CH only,5.125361917082486,0.6836027122188821,0.6713027516361286,0.6955524450666479
Low-VAF CH only,5.128099824089475,0.6836027122188821,0.6713027516361286,0.6955524450666479
Low-VAF CH only,5.130837731096463,0.683389884475352,0.6710866069158095,0.6953430916172942
Low-VAF CH only,5.133575638103451,0.6829642289882917,0.6706543304879644,0.6949243722855463
Low-VAF CH only,5.13631354511044,0.6825385735012314,0.6702220713855958,0.6945056363989203
Low-VAF CH only,5.139051452117429,0.6821126523945223,0.6697895506597448,0.6940866313485106
Low-VAF CH only,5.144527266131406,0.6818996253325628,0.6695732269504377,0.6938770593618397
Low-VAF CH only,5.147265173138394,0.6818996253325628,0.6695732269504377,0.6938770593618397
Low-VAF CH only,5.150003080145383,0.6816865316996463,0.6693568376660698,0.6936674199215701
Low-VAF CH only,5.152740987152371,0.6814733714333238,0.6691403827434805,0.6934577129661015
Low-VAF CH only,5.1554788941593594,0.6812602111670012,0.6689239321538452,0.6932480018701195
Low-VAF CH only,5.158216801166349,0.6810467837825503,0.6687072054041782,0.6930380325742368
Low-VAF CH only,5.160954708173337,0.6808332894929634,0.668490412746448,0.6928279954906177
Low-VAF CH only,5.1636926151803255,0.6806197952033765,0.6682736244382732,0.6926179542511168
Low-VAF CH only,5.166430522187314,0.6806197952033765,0.6682736244382732,0.6926179542511168
Low-VAF CH only,5.174644243208279,0.6804062339246807,0.668056770134633,0.6924078451432812
Low-VAF CH only,5.1773821502152675,0.6804062339246807,0.668056770134633,0.6924078451432812
Low-VAF CH only,5.180120057222257,0.6804062339246807,0.668056770134633,0.6924078451432812
Low-VAF CH only,5.182857964229245,0.6799787088012595,0.6676226518675159,0.6919872315627303
Low-VAF CH only,5.185595871236234,0.6799787088012595,0.6676226518675159,0.6919872315627303
Low-VAF CH only,5.188333778243222,0.6799787088012595,0.6676226518675159,0.6919872315627303
Low-VAF CH only,5.19107168525021,0.6797647444498433,0.6674053873805058,0.6917767266006627
Low-VAF CH only,5.193809592257199,0.6797647444498433,0.6674053873805058,0.6917767266006627
Low-VAF CH only,5.196547499264187,0.6793364112775371,0.666970446799584,0.6913553194552474
Low-VAF CH only,5.1992854062711755,0.6793364112775371,0.666970446799584,0.6913553194552474
Low-VAF CH only,5.204761220285153,0.6793364112775371,0.666970446799584,0.6913553194552474
Low-VAF CH only,5.21023703429913,0.6791217710212093,0.6667524856602467,0.6911441591277703
Low-VAF CH only,5.212974941306118,0.6789071307648814,0.666534528936213,0.6909329945837153
Low-VAF CH only,5.22940238334805,0.6786924226273846,0.6663165053372314,0.6907217612708405
Low-VAF CH only,5.232140290355038,0.6784777144898878,0.6660984861516631,0.6905105237430131
Low-VAF CH only,5.234878197362026,0.6784777144898878,0.6660984861516631,0.6905105237430131
Low-VAF CH only,5.237616104369015,0.6784777144898878,0.6660984861516631,0.6905105237430131
Low-VAF CH only,5.262257267431911,0.6782628023218518,0.6658802571135614,0.6902990879655959
Low-VAF CH only,5.2649951744389005,0.6780477538746984,0.6656618893819723,0.6900875183628263
Low-VAF CH only,5.270470988452877,0.6780477538746984,0.6656618893819723,0.6900875183628263
Low-VAF CH only,5.273208895459866,0.6780477538746984,0.6656618893819723,0.6900875183628263
Low-VAF CH only,5.281422616480831,0.6780477538746984,0.6656618893819723,0.6900875183628263
Low-VAF CH only,5.289636337501797,0.6778325006195001,0.6654433109924897,0.6898757497614725
Low-VAF CH only,5.297850058522762,0.6776171105652835,0.6652245933780201,0.6896638468274497
Low-VAF CH only,5.3005879655297505,0.6776171105652835,0.6652245933780201,0.6896638468274497
Low-VAF CH only,5.303325872536739,0.677401583494493,0.665005736315992,0.6894518093486081
Low-VAF CH only,5.308801686550717,0.677401583494493,0.665005736315992,0.6894518093486081
Low-VAF CH only,5.311539593557705,0.6771857817794581,0.6647865952633587,0.6892395064517198
Low-VAF CH only,5.314277500564693,0.6771857817794581,0.6647865952633587,0.6892395064517198
Low-VAF CH only,5.317015407571682,0.6769698424357784,0.6645673141377344,0.6890270684125089
Low-VAF CH only,5.322491221585659,0.6769698424357784,0.6645673141377344,0.6890270684125089
Low-VAF CH only,5.330704942606625,0.6761058094524526,0.6636899450245289,0.6881770113659279
Low-VAF CH only,5.333442849613613,0.6761058094524526,0.6636899450245289,0.6881770113659279
Low-VAF CH only,5.33891866362759,0.6758897321723464,0.6634705414483847,0.6879644207619197
Low-VAF CH only,5.341656570634578,0.6758897321723464,0.6634705414483847,0.6879644207619197
Low-VAF CH only,5.347132384648555,0.6758897321723464,0.6634705414483847,0.6879644207619197
Low-VAF CH only,5.349870291655543,0.6756734474580512,0.6632509245005067,0.6877516286234497
Low-VAF CH only,5.355346105669521,0.6754571627437561,0.6630313120453275,0.6875388321965131
Low-VAF CH only,5.3580840126765095,0.6752408087518459,0.6628116313237573,0.6873259656043437
Low-VAF CH only,5.360821919683498,0.6752408087518459,0.6628116313237573,0.6873259656043437
Low-VAF CH only,5.366297733697475,0.6752408087518459,0.6628116313237573,0.6873259656043437
Low-VAF CH only,5.369035640704463,0.6750242465938113,0.6625917364745355,0.6871128967705045
Low-VAF CH only,5.371773547711452,0.6750242465938113,0.6625917364745355,0.6871128967705045
Low-VAF CH only,5.374511454718441,0.6750242465938113,0.6625917364745355,0.6871128967705045
Low-VAF CH only,5.377249361725429,0.6748074061676649,0.6623715538764422,0.6868995590317682
Low-VAF CH only,5.3799872687324175,0.6745904262942991,0.6621512293420951,0.6866860843796982
Low-VAF CH only,5.382725175739406,0.6745904262942991,0.6621512293420951,0.6866860843796982
Low-VAF CH only,5.388200989753383,0.6745904262942991,0.6621512293420951,0.6866860843796982
Low-VAF CH only,5.390938896760371,0.6745904262942991,0.6621512293420951,0.6866860843796982
Low-VAF CH only,5.39367680376736,0.6745904262942991,0.6621512293420951,0.6866860843796982
Low-VAF CH only,5.396414710774349,0.6745904262942991,0.6621512293420951,0.6866860843796982
Low-VAF CH only,5.4018905247883255,0.6741554872702538,0.6617095653105427,0.686258190969967
Low-VAF CH only,5.404628431795314,0.6741554872702538,0.6617095653105427,0.686258190969967
Low-VAF CH only,5.407366338802302,0.6739378071000018,0.6614885188679425,0.6860440374455209
Low-VAF CH only,5.410104245809291,0.6739378071000018,0.6614885188679425,0.6860440374455209
Low-VAF CH only,5.421055873837245,0.6737200565969,0.6612674031262193,0.6858298126837287
Low-VAF CH only,5.423793780844234,0.6737200565969,0.6612674031262193,0.6858298126837287
Low-VAF CH only,5.42926959485821,0.6737200565969,0.6612674031262193,0.6858298126837287
Low-VAF CH only,5.432007501865199,0.6737200565969,0.6612674031262193,0.6858298126837287
Low-VAF CH only,5.434745408872187,0.6735020947539376,0.6610460699669686,0.6856153826252721
Low-VAF CH only,5.445697036900142,0.6735020947539376,0.6610460699669686,0.6856153826252721
Low-VAF CH only,5.44843494390713,0.6732839917439785,0.6608245931132881,0.6854008139754028
Low-VAF CH only,5.453910757921107,0.6732839917439785,0.6608245931132881,0.6854008139754028
Low-VAF CH only,5.456648664928095,0.6730657473382268,0.6606029723310619,0.6851861065110539
Low-VAF CH only,5.4593865719350845,0.6730657473382268,0.6606029723310619,0.6851861065110539
Low-VAF CH only,5.462124478942073,0.6726291169474786,0.6601595958812746,0.6847565437852441
Low-VAF CH only,5.464862385949061,0.6724107308705477,0.659937840118119,0.6845416884354415
Low-VAF CH only,5.470338199963038,0.6724107308705477,0.659937840118119,0.6845416884354415
Low-VAF CH only,5.4730761069700264,0.6721922738429744,0.6597160144393341,0.6843267612313263
Low-VAF CH only,5.475814013977015,0.6715366897007349,0.6590503412946036,0.6836817506427404
Low-VAF CH only,5.478551920984004,0.6713180905178896,0.6588283847534405,0.6834666706796669
Low-VAF CH only,5.4812898279909925,0.6713180905178896,0.6588283847534405,0.6834666706796669
Low-VAF CH only,5.484027734997981,0.6713180905178896,0.6588283847534405,0.6834666706796669
Low-VAF CH only,5.486765642004969,0.6710992775809542,0.6586062083041018,0.6832513830847293
Low-VAF CH only,5.489503549011958,0.6710992775809542,0.6586062083041018,0.6832513830847293
Low-VAF CH only,5.492241456018946,0.670880250401587,0.658383811440191,0.6830358873880389
Low-VAF CH only,5.497717270032923,0.6706611516914625,0.6581613440797711,0.6828203192594708
Low-VAF CH only,5.500455177039912,0.6706611516914625,0.6581613440797711,0.6828203192594708
Low-VAF CH only,5.5031930840469006,0.6706611516914625,0.6581613440797711,0.6828203192594708
Low-VAF CH only,5.511406805067866,0.6706611516914625,0.6581613440797711,0.6828203192594708
Low-VAF CH only,5.5168826190818425,0.6704416226729055,0.6579384293384823,0.682604337616855
Low-VAF CH only,5.519620526088831,0.6704416226729055,0.6579384293384823,0.682604337616855
Low-VAF CH only,5.525096340102809,0.6704416226729055,0.6579384293384823,0.682604337616855
Low-VAF CH only,5.527834247109797,0.6704416226729055,0.6579384293384823,0.682604337616855
Low-VAF CH only,5.530572154116785,0.6704416226729055,0.6579384293384823,0.682604337616855
Low-VAF CH only,5.538785875137751,0.6704416226729055,0.6579384293384823,0.682604337616855
Low-VAF CH only,5.541523782144739,0.6697806549213384,0.6572672121362594,0.6819541028512328
Low-VAF CH only,5.544261689151728,0.6693398647568624,0.6568196053347979,0.681520452625933
Low-VAF CH only,5.546999596158717,0.6691193970807238,0.6565957327631835,0.681303551746173
Low-VAF CH only,5.549737503165705,0.6691193970807238,0.6565957327631835,0.681303551746173
Low-VAF CH only,5.552475410172693,0.6691193970807238,0.6565957327631835,0.681303551746173
Low-VAF CH only,5.560689131193659,0.6691193970807238,0.6565957327631835,0.681303551746173
Low-VAF CH only,5.563427038200647,0.6688983467348101,0.6563712527131509,0.6810860925572279
Low-VAF CH only,5.568902852214625,0.6686772963888964,0.6561467774431741,0.6808686288140495
Low-VAF CH only,5.5743786662286015,0.6686772963888964,0.6561467774431741,0.6808686288140495
Low-VAF CH only,5.57711657323559,0.6686772963888964,0.6561467774431741,0.6808686288140495
Low-VAF CH only,5.579854480242578,0.6686772963888964,0.6561467774431741,0.6808686288140495
Low-VAF CH only,5.585330294256555,0.6682346103270699,0.6556972261600258,0.680433131334733
Low-VAF CH only,5.593544015277521,0.6680130471273593,0.6554722263587877,0.6802151665042033
Low-VAF CH only,5.601757736298486,0.6677914104163017,0.6552471541198451,0.6799971272320416
Low-VAF CH only,5.607233550312464,0.6677914104163017,0.6552471541198451,0.6799971272320416
Low-VAF CH only,5.609971457319452,0.6675696264872363,0.6550219319936433,0.6797789434700399
Low-VAF CH only,5.615447271333429,0.6675696264872363,0.6550219319936433,0.6797789434700399
Low-VAF CH only,5.6181851783404175,0.6675696264872363,0.6550219319936433,0.6797789434700399
Low-VAF CH only,5.620923085347406,0.6675696264872363,0.6550219319936433,0.6797789434700399
Low-VAF CH only,5.623660992354394,0.6675696264872363,0.6550219319936433,0.6797789434700399
Low-VAF CH only,5.626398899361383,0.6673471774280936,0.6547960156978584,0.6795601230797597
Low-VAF CH only,5.63187471337536,0.6671246541945397,0.6545700263198725,0.6793412275701766
Low-VAF CH only,5.637350527389337,0.6669021309609858,0.6543440418186158,0.6791223274169884
Low-VAF CH only,5.648302155417291,0.6669021309609858,0.6543440418186158,0.6791223274169884
Low-VAF CH only,5.65104006242428,0.6669021309609858,0.6543440418186158,0.6791223274169884
Low-VAF CH only,5.653777969431268,0.6669021309609858,0.6543440418186158,0.6791223274169884
Low-VAF CH only,5.656515876438257,0.6666791613418079,0.6541175930349297,0.6789029984926832
Low-VAF CH only,5.659253783445245,0.6666791613418079,0.6541175930349297,0.6789029984926832
Low-VAF CH only,5.661991690452234,0.6664558930359332,0.6538908352116144,0.6786833811245768
Low-VAF CH only,5.664729597459222,0.6662326247300585,0.6536640823187484,0.6784637590632969
Low-VAF CH only,5.66746750446621,0.6662326247300585,0.6536640823187484,0.6784637590632969
Low-VAF CH only,5.672943318480188,0.6660092815772828,0.6534372556813675,0.6782440612031919
Low-VAF CH only,5.681157039501153,0.6657858635022821,0.6532103552233427,0.678024287469899
Low-VAF CH only,5.683894946508142,0.6657858635022821,0.6532103552233427,0.678024287469899
Low-VAF CH only,5.68663285351513,0.665562220283101,0.6529832230488201,0.6778042951425034
Low-VAF CH only,5.692108667529107,0.665562220283101,0.6529832230488201,0.6778042951425034
Low-VAF CH only,5.694846574536096,0.665562220283101,0.6529832230488201,0.6778042951425034
Low-VAF CH only,5.6975844815430845,0.6653380497811532,0.6527555415526625,0.6775837972005035
Low-VAF CH only,5.700322388550073,0.6653380497811532,0.6527555415526625,0.6775837972005035
Low-VAF CH only,5.703060295557061,0.664889557668055,0.6523000346801487,0.6771426435287201
Low-VAF CH only,5.708536109571038,0.6646652359549416,0.6520722091977651,0.6769219877009465
Low-VAF CH only,5.7112740165780265,0.6646652359549416,0.6520722091977651,0.6769219877009465
Low-VAF CH only,5.716749830592004,0.6644406868887407,0.651844149709063,0.6767011111529975
Low-VAF CH only,5.722225644605981,0.6642160619100764,0.6516160154254312,0.6764801577303899
Low-VAF CH only,5.724963551612969,0.6642160619100764,0.6516160154254312,0.6764801577303899
Low-VAF CH only,5.727701458619958,0.6639912088085497,0.6513876463381197,0.6762589828461198
Low-VAF CH only,5.7331772726339345,0.6637663557070229,0.6511592822758385,0.6760378031808779
Low-VAF CH only,5.738653086647912,0.6637663557070229,0.6511592822758385,0.6760378031808779
Low-VAF CH only,5.741390993654901,0.6637663557070229,0.6511592822758385,0.6760378031808779
Low-VAF CH only,5.749604714675866,0.6635411975130924,0.6509306025026033,0.6758163289349244
Low-VAF CH only,5.757818435696832,0.6633160393191619,0.650701927773195,0.6755948498905573
Low-VAF CH only,5.76055634270382,0.6633160393191619,0.650701927773195,0.6755948498905573
Low-VAF CH only,5.763294249710809,0.6633160393191619,0.650701927773195,0.6755948498905573
Low-VAF CH only,5.774245877738762,0.6633160393191619,0.650701927773195,0.6755948498905573
Low-VAF CH only,5.77972169175274,0.6633160393191619,0.650701927773195,0.6755948498905573
Low-VAF CH only,5.787935412773705,0.6633160393191619,0.650701927773195,0.6755948498905573
Low-VAF CH only,5.793411226787682,0.6633160393191619,0.650701927773195,0.6755948498905573
Low-VAF CH only,5.79614913379467,0.6630902680328041,0.6504726135154004,0.675372783729521
Low-VAF CH only,5.798887040801659,0.6626387254600885,0.6500140002677544,0.6749286368862364
Low-VAF CH only,5.801624947808648,0.6626387254600885,0.6500140002677544,0.6749286368862364
Low-VAF CH only,5.807100761822625,0.6624127231662754,0.649784458394221,0.6747063368066666
Low-VAF CH only,5.809838668829613,0.6624127231662754,0.649784458394221,0.6747063368066666
Low-VAF CH only,5.8125765758366015,0.6624127231662754,0.649784458394221,0.6747063368066666
Low-VAF CH only,5.818052389850578,0.6619604099377563,0.6493250654472408,0.6742614289602373
Low-VAF CH only,5.8207902968575675,0.6619604099377563,0.6493250654472408,0.6742614289602373
Low-VAF CH only,5.826266110871544,0.6619604099377563,0.6493250654472408,0.6742614289602373
Low-VAF CH only,5.829004017878533,0.6619604099377563,0.6493250654472408,0.6742614289602373
Low-VAF CH only,5.837217738899498,0.6619604099377563,0.6493250654472408,0.6742614289602373
Low-VAF CH only,5.839955645906486,0.6617335557876748,0.6490946431963104,0.6740383053161804
Low-VAF CH only,5.842693552913476,0.6615067016375933,0.6488642261084218,0.6738151767634677
Low-VAF CH only,5.845431459920464,0.6612797696644758,0.6486337323464536,0.6735919694032632
Low-VAF CH only,5.848169366927452,0.6610528376913583,0.6484032437454178,0.6733687571361492
Low-VAF CH only,5.850907273934441,0.6610528376913583,0.6484032437454178,0.6733687571361492
Low-VAF CH only,5.853645180941429,0.6608257498048274,0.6481725963594595,0.6731453919022251
Low-VAF CH only,5.8563830879484176,0.6608257498048274,0.6481725963594595,0.6731453919022251
Low-VAF CH only,5.859120994955406,0.6605985838543961,0.6479418720560159,0.6729219476229772
Low-VAF CH only,5.864596808969384,0.6605985838543961,0.6479418720560159,0.6729219476229772
Low-VAF CH only,5.875548436997337,0.6603711833091794,0.6477109062431312,0.6726982756498618
Low-VAF CH only,5.878286344004326,0.6603711833091794,0.6477109062431312,0.6726982756498618
Low-VAF CH only,5.881024251011314,0.6603711833091794,0.6477109062431312,0.6726982756498618
Low-VAF CH only,5.883762158018302,0.6601435476031093,0.6474796983332524,0.6724743754387712
Low-VAF CH only,5.886500065025292,0.6601435476031093,0.6474796983332524,0.6724743754387712
Low-VAF CH only,5.88923797203228,0.6596879619939974,0.6470169677304007,0.6720262618179736
Low-VAF CH only,5.8919758790392684,0.6596879619939974,0.6470169677304007,0.6720262618179736
Low-VAF CH only,5.894713786046257,0.6594600905045348,0.6467855275028267,0.6718021228602693
Low-VAF CH only,5.902927507067222,0.6592321402485706,0.646554009660271,0.6715779041522425
Low-VAF CH only,5.90566541407421,0.6590041899926063,0.6463224970310472,0.6713536804882887
Low-VAF CH only,5.9084033210812,0.6587762397366421,0.646090989610467,0.6711294518726174
Low-VAF CH only,5.9138791350951765,0.6585481316203898,0.645859321408589,0.6709050683957398
Low-VAF CH only,5.916617042102165,0.6585481316203898,0.645859321408589,0.6709050683957398
Low-VAF CH only,5.92483076312313,0.6585481316203898,0.645859321408589,0.6709050683957398
Low-VAF CH only,5.927568670130119,0.6583196277579261,0.6456272422846752,0.6706803041579169
Low-VAF CH only,5.94399611217205,0.6580911238954624,0.6453951684068847,0.670455534933638
Low-VAF CH only,5.946734019179038,0.6580911238954624,0.6453951684068847,0.670455534933638
Low-VAF CH only,5.949471926186027,0.6578623022251232,0.6451627655745058,0.6702304589479935
Low-VAF CH only,5.952209833193016,0.6576334009369447,0.6449302842828284,0.6700053023570344
Low-VAF CH only,5.957685647206993,0.6576334009369447,0.6449302842828284,0.6700053023570344
Low-VAF CH only,5.960423554213981,0.6576334009369447,0.6449302842828284,0.6700053023570344
Low-VAF CH only,5.963161461220969,0.6576334009369447,0.6449302842828284,0.6700053023570344
Low-VAF CH only,5.965899368227958,0.6576334009369447,0.6449302842828284,0.6700053023570344
Low-VAF CH only,5.968637275234946,0.6576334009369447,0.6449302842828284,0.6700053023570344
Low-VAF CH only,5.971375182241935,0.6574039405737426,0.6446972203032674,0.6697796099317536
Low-VAF CH only,5.974113089248924,0.6571744802105407,0.6444641616404821,0.6695539124546792
Low-VAF CH only,5.979588903262901,0.6569450198473387,0.6442311082896558,0.6693282099301348
Low-VAF CH only,5.982326810269889,0.6569450198473387,0.6442311082896558,0.6693282099301348
Low-VAF CH only,5.985064717276877,0.6569450198473387,0.6442311082896558,0.6693282099301348
Low-VAF CH only,5.990540531290854,0.6569450198473387,0.6442311082896558,0.6693282099301348
Low-VAF CH only,5.996016345304832,0.6567150775932794,0.6439975534316988,0.6691020448495935
Low-VAF CH only,6.001492159318809,0.6567150775932794,0.6439975534316988,0.6691020448495935
Low-VAF CH only,6.006967973332785,0.6564849742023918,0.6437638344400077,0.6688757217136087
Low-VAF CH only,6.009705880339774,0.6564849742023918,0.6437638344400077,0.6688757217136087
Low-VAF CH only,6.01791960136074,0.6562547901300909,0.6435300359466003,0.6686493168930472
Low-VAF CH only,6.023395415374717,0.6562547901300909,0.6435300359466003,0.6686493168930472
Low-VAF CH only,6.031609136395682,0.6562547901300909,0.6435300359466003,0.6686493168930472
Low-VAF CH only,6.0370849504096595,0.6562547901300909,0.6435300359466003,0.6686493168930472
Low-VAF CH only,6.042560764423636,0.6562547901300909,0.6435300359466003,0.6686493168930472
Low-VAF CH only,6.0507744854446015,0.6562547901300909,0.6435300359466003,0.6686493168930472
Low-VAF CH only,6.05351239245159,0.6560239583361654,0.6432955614958724,0.668422292119271
Low-VAF CH only,6.056250299458579,0.6560239583361654,0.6432955614958724,0.668422292119271
Low-VAF CH only,6.058988206465568,0.6557929639846386,0.6430609214584664,0.6681951079043941
Low-VAF CH only,6.061726113472556,0.6555619696331118,0.6428262868491674,0.6679679185346533
Low-VAF CH only,6.069939834493521,0.6555619696331118,0.6428262868491674,0.6679679185346533
Low-VAF CH only,6.0726777415005095,0.6553307308431177,0.6425914005248379,0.6677404919982134
Low-VAF CH only,6.075415648507498,0.6550994104298302,0.6423564337767288,0.6675129828204512
Low-VAF CH only,6.080891462521476,0.654867926539219,0.6421213004990907,0.667285313306493
Low-VAF CH only,6.083629369528464,0.6546363607943324,0.6418860865676308,0.6670575609201023
Low-VAF CH only,6.086367276535452,0.6546363607943324,0.6418860865676308,0.6670575609201023
Low-VAF CH only,6.097318904563406,0.6544044669364527,0.641650532917118,0.6668294919303478
Low-VAF CH only,6.105532625584372,0.6544044669364527,0.641650532917118,0.6668294919303478
Low-VAF CH only,6.10827053259136,0.6544044669364527,0.641650532917118,0.6668294919303478
Low-VAF CH only,6.111008439598349,0.6544044669364527,0.641650532917118,0.6668294919303478
Low-VAF CH only,6.113746346605337,0.6544044669364527,0.641650532917118,0.6668294919303478
Low-VAF CH only,6.116484253612326,0.6541717484204724,0.6414141170859683,0.666600635143481
Low-VAF CH only,6.124697974633292,0.6541717484204724,0.6414141170859683,0.666600635143481
Low-VAF CH only,6.1301737886472685,0.653938947086515,0.6411776196678721,0.6663716944960295
Low-VAF CH only,6.132911695654257,0.6537061457525576,0.6409411278115438,0.6661427485699462
Low-VAF CH only,6.135649602661245,0.6534731784874996,0.6407044669149734,0.6659136399157342
Low-VAF CH only,6.138387509668234,0.6534731784874996,0.6407044669149734,0.6659136399157342
Low-VAF CH only,6.149339137696188,0.6532401281385384,0.6404677241627464,0.6656844471383294
Low-VAF CH only,6.1520770447031765,0.6532401281385384,0.6404677241627464,0.6656844471383294
Low-VAF CH only,6.154814951710165,0.6532401281385384,0.6404677241627464,0.6656844471383294
Low-VAF CH only,6.157552858717153,0.6532401281385384,0.6404677241627464,0.6656844471383294
Low-VAF CH only,6.160290765724142,0.6532401281385384,0.6404677241627464,0.6656844471383294
Low-VAF CH only,6.163028672731131,0.6530064943301913,0.6402303730085759,0.6654546954633744
Low-VAF CH only,6.165766579738119,0.6530064943301913,0.6402303730085759,0.6654546954633744
Low-VAF CH only,6.171242393752096,0.6530064943301913,0.6402303730085759,0.6654546954633744
Low-VAF CH only,6.1739803007590845,0.6530064943301913,0.6402303730085759,0.6654546954633744
Low-VAF CH only,6.176718207766073,0.6530064943301913,0.6402303730085759,0.6654546954633744
Low-VAF CH only,6.179456114773061,0.6530064943301913,0.6402303730085759,0.6654546954633744
Low-VAF CH only,6.18219402178005,0.6530064943301913,0.6402303730085759,0.6654546954633744
Low-VAF CH only,6.190407742801016,0.6530064943301913,0.6402303730085759,0.6654546954633744
Low-VAF CH only,6.193145649808004,0.6527717687750763,0.6399918783888305,0.6652239027942772
Low-VAF CH only,6.201359370828969,0.6527717687750763,0.6399918783888305,0.6652239027942772
Low-VAF CH only,6.204097277835958,0.652536620443385,0.6397529444271501,0.6649927037204539
Low-VAF CH only,6.206835184842947,0.6523014721116936,0.6395140162262897,0.664761499184267
Low-VAF CH only,6.2095730918499354,0.6523014721116936,0.6395140162262897,0.664761499184267
Low-VAF CH only,6.215048905863912,0.6523014721116936,0.6395140162262897,0.664761499184267
Low-VAF CH only,6.220524719877889,0.6523014721116936,0.6395140162262897,0.664761499184267
Low-VAF CH only,6.223262626884877,0.6523014721116936,0.6395140162262897,0.664761499184267
Low-VAF CH only,6.226000533891866,0.6520658991712416,0.6392746467607352,0.6645298865018766
Low-VAF CH only,6.228738440898855,0.6515947532903376,0.638795925200791,0.6640666446675615
Low-VAF CH only,6.2314763479058435,0.6513590951517154,0.6385564834030178,0.6638349347234856
Low-VAF CH only,6.234214254912832,0.6513590951517154,0.6385564834030178,0.6638349347234856
Low-VAF CH only,6.23695216191982,0.6513590951517154,0.6385564834030178,0.6638349347234856
Low-VAF CH only,6.239690068926809,0.6506513525637201,0.6378373840637552,0.6631390434114988
Low-VAF CH only,6.247903789947775,0.6506513525637201,0.6378373840637552,0.6631390434114988
Low-VAF CH only,6.250641696954763,0.6504151814738602,0.6375974254364012,0.6629068250076443
Low-VAF CH only,6.25611751096874,0.6504151814738602,0.6375974254364012,0.6629068250076443
Low-VAF CH only,6.258855417975728,0.6504151814738602,0.6375974254364012,0.6629068250076443
Low-VAF CH only,6.264331231989705,0.6504151814738602,0.6375974254364012,0.6629068250076443
Low-VAF CH only,6.269807046003683,0.6501787528364652,0.6373572014815941,0.662674356842849
Low-VAF CH only,6.272544953010671,0.6499423241990702,0.6371169833606611,0.6624418831472434
Low-VAF CH only,6.27528286001766,0.6497058955616751,0.6368767710680959,0.6622094039257636
Low-VAF CH only,6.278020767024648,0.6494693808563378,0.6366364739926155,0.661976837555326
Low-VAF CH only,6.280758674031636,0.6494693808563378,0.6366364739926155,0.661976837555326
Low-VAF CH only,6.283496581038625,0.6492326937641889,0.636396001266791,0.661744102167774
Low-VAF CH only,6.286234488045613,0.6492326937641889,0.636396001266791,0.661744102167774
Low-VAF CH only,6.2889723950526015,0.6489958339707689,0.6361553525684257,0.6615111974569573
Low-VAF CH only,6.291710302059591,0.6487589741773488,0.6359147097196169,0.6612782872002627
Low-VAF CH only,6.294448209066579,0.648522027875604,0.6356739816465715,0.6610452893564269
Low-VAF CH only,6.297186116073568,0.6482850815738591,0.6354332594207467,0.660812285968604
Low-VAF CH only,6.302661930087544,0.6482850815738591,0.6354332594207467,0.660812285968604
Low-VAF CH only,6.305399837094533,0.6482850815738591,0.6354332594207467,0.660812285968604
Low-VAF CH only,6.31087565110851,0.6482850815738591,0.6354332594207467,0.660812285968604
Low-VAF CH only,6.316351465122487,0.6482850815738591,0.6354332594207467,0.660812285968604
Low-VAF CH only,6.319089372129476,0.6480472660633771,0.6351916279457941,0.6605784527314558
Low-VAF CH only,6.321827279136464,0.6478094505528952,0.6349500023944604,0.6603446138797787
Low-VAF CH only,6.330041000157429,0.6473338195319313,0.634466769040242,0.6598769193529235
Low-VAF CH only,6.332778907164418,0.6473338195319313,0.634466769040242,0.6598769193529235
Low-VAF CH only,6.335516814171407,0.6473338195319313,0.634466769040242,0.6598769193529235
Low-VAF CH only,6.340992628185384,0.6470958291571033,0.6342249771289997,0.6596428978593128
Low-VAF CH only,6.3464684421993605,0.6470958291571033,0.6342249771289997,0.6596428978593128
Low-VAF CH only,6.351944256213337,0.6468576635961327,0.6339830066976707,0.659408704624503
Low-VAF CH only,6.357420070227315,0.6468576635961327,0.6339830066976707,0.659408704624503
Low-VAF CH only,6.362895884241292,0.6466194103130402,0.6337409498416678,0.6591744225805226
Low-VAF CH only,6.36563379124828,0.6466194103130402,0.6337409498416678,0.6591744225805226
Low-VAF CH only,6.3683716982552685,0.6459041233547292,0.6330142599568492,0.658471042812267
Low-VAF CH only,6.376585419276235,0.6459041233547292,0.6330142599568492,0.658471042812267
Low-VAF CH only,6.3847991402972,0.6459041233547292,0.6330142599568492,0.658471042812267
Low-VAF CH only,6.3902749543111765,0.6459041233547292,0.6330142599568492,0.658471042812267
Low-VAF CH only,6.398488675332143,0.645426560232101,0.6325290873757511,0.65800142608422
Low-VAF CH only,6.409440303360096,0.645426560232101,0.6325290873757511,0.65800142608422
Low-VAF CH only,6.414916117374073,0.645426560232101,0.6325290873757511,0.65800142608422
Low-VAF CH only,6.417654024381061,0.645426560232101,0.6325290873757511,0.65800142608422
Low-VAF CH only,6.420391931388051,0.645426560232101,0.6325290873757511,0.65800142608422
Low-VAF CH only,6.423129838395039,0.6451873361549209,0.6322860441273336,0.6577661896184761
Low-VAF CH only,6.431343559416004,0.6451873361549209,0.6322860441273336,0.6577661896184761
Low-VAF CH only,6.434081466422993,0.6451873361549209,0.6322860441273336,0.6577661896184761
Low-VAF CH only,6.436819373429981,0.6449478456812182,0.6320427263846603,0.6575306948695779
Low-VAF CH only,6.455984722478901,0.6449478456812182,0.6320427263846603,0.6575306948695779
Low-VAF CH only,6.458722629485889,0.6449478456812182,0.6320427263846603,0.6575306948695779
Low-VAF CH only,6.461460536492878,0.6447081772138525,0.631799227244442,0.6572950256469591
Low-VAF CH only,6.477887978534809,0.6444684196172688,0.6315556402884047,0.6570592661981248
Low-VAF CH only,6.480625885541797,0.644228662020685,0.6313120593686865,0.6568235010290439
Low-VAF CH only,6.4915775135697515,0.6439889044241012,0.6310684844795801,0.6565877301448312
Low-VAF CH only,6.49431542057674,0.6437491468275174,0.6308249156153934,0.6563519535505881
Low-VAF CH only,6.497053327583728,0.6435092999024699,0.6305812587227517,0.6561160865435006
Low-VAF CH only,6.502529141597705,0.6432692740539423,0.6303374194760158,0.6558800441605876
Low-VAF CH only,6.505267048604694,0.6427892223568871,0.629849759082595,0.6554079422400181
Low-VAF CH only,6.508004955611683,0.6425491965083595,0.6296059379245738,0.6551718827125212
Low-VAF CH only,6.51348076962566,0.6425491965083595,0.6296059379245738,0.6551718827125212
Low-VAF CH only,6.521694490646625,0.6423089912012536,0.6293619338614362,0.6549356472904722
Low-VAF CH only,6.529908211667591,0.6423089912012536,0.6293619338614362,0.6549356472904722
Low-VAF CH only,6.535384025681568,0.6423089912012536,0.6293619338614362,0.6549356472904722
Low-VAF CH only,6.546335653709521,0.6418278608707658,0.628873186151207,0.6544624767565788
Low-VAF CH only,6.554549374730487,0.64158720550486,0.628628726421736,0.6542257973388768
Low-VAF CH only,6.560025188744464,0.6413465501389543,0.628384272752043,0.653989112177679
Low-VAF CH only,6.56823890976543,0.6411058947730485,0.6281398251364532,0.6537524212780711
Low-VAF CH only,6.5709768167724185,0.6411058947730485,0.6281398251364532,0.6537524212780711
Low-VAF CH only,6.581928444800372,0.6406244033011949,0.6276507577895634,0.6532788508645699
Low-VAF CH only,6.5846663518073605,0.6406244033011949,0.6276507577895634,0.6532788508645699
Low-VAF CH only,6.587404258814349,0.6406244033011949,0.6276507577895634,0.6532788508645699
Low-VAF CH only,6.595617979835315,0.6406244033011949,0.6276507577895634,0.6532788508645699
Low-VAF CH only,6.598355886842303,0.6403832951328466,0.6274058516584673,0.6530417133323616
Low-VAF CH only,6.601093793849292,0.6403832951328466,0.6274058516584673,0.6530417133323616
Low-VAF CH only,6.609307514870257,0.6399008971704113,0.6269158664310136,0.6525672487371857
Low-VAF CH only,6.612045421877246,0.6399008971704113,0.6269158664310136,0.6525672487371857
Low-VAF CH only,6.617521235891223,0.6396596072393516,0.6266707871926208,0.6523299215422083
Low-VAF CH only,6.631210770926165,0.6394183173082918,0.6264257140334921,0.6520925885846806
Low-VAF CH only,6.633948677933154,0.6394183173082918,0.6264257140334921,0.6520925885846806
Low-VAF CH only,6.636686584940143,0.6391768451340817,0.6261804551104043,0.6518550770263976
Low-VAF CH only,6.653114026982073,0.6389353729598716,0.6259352022738862,0.6516175596985577
Low-VAF CH only,6.666803562017016,0.6386939007856615,0.6256899555182784,0.6513800366062323
Low-VAF CH only,6.67775519004497,0.6386939007856615,0.6256899555182784,0.6513800366062323
Low-VAF CH only,6.683231004058947,0.6384522458856291,0.6254445225024235,0.6511423344446456
Low-VAF CH only,6.6859689110659355,0.6384522458856291,0.6254445225024235,0.6511423344446456
Low-VAF CH only,6.691444725079912,0.6382104079137028,0.6251989028716238,0.6509044528769978
Low-VAF CH only,6.694182632086901,0.6382104079137028,0.6251989028716238,0.6509044528769978
Low-VAF CH only,6.69692053909389,0.6382104079137028,0.6251989028716238,0.6509044528769978
Low-VAF CH only,6.705134260114855,0.6374843437408771,0.6244615014047705,0.6501902515596653
Low-VAF CH only,6.7078721671218435,0.6372423223499353,0.6242157131296275,0.6499521728755416
Low-VAF CH only,6.71334798113582,0.6372423223499353,0.6242157131296275,0.6499521728755416
Low-VAF CH only,6.716085888142809,0.6372423223499353,0.6242157131296275,0.6499521728755416
Low-VAF CH only,6.721561702156786,0.6370000248889658,0.6239696403744224,0.6497138265586806
Low-VAF CH only,6.724299609163775,0.6367576352295712,0.6237234766940797,0.6494753869918815
Low-VAF CH only,6.727037516170763,0.6367576352295712,0.6237234766940797,0.6494753869918815
Low-VAF CH only,6.740727051205706,0.6367576352295712,0.6237234766940797,0.6494753869918815
Low-VAF CH only,6.748940772226671,0.6365150608923409,0.6234771247504627,0.6492367664579505
Low-VAF CH only,6.754416586240648,0.6365150608923409,0.6234771247504627,0.6492367664579505
Low-VAF CH only,6.759892400254625,0.6365150608923409,0.6234771247504627,0.6492367664579505
Low-VAF CH only,6.7653682142686025,0.6360295421578692,0.622984049765181,0.6487591569403283
Low-VAF CH only,6.768106121275591,0.6357867827906334,0.6227375214925085,0.6485203434415027
Low-VAF CH only,6.770844028282579,0.6355440234233976,0.6224909993589081,0.648281524122787
Low-VAF CH only,6.776319842296556,0.6355440234233976,0.6224909993589081,0.648281524122787
Low-VAF CH only,6.779057749303544,0.6353010784603152,0.6222442880188569,0.6480425229452993
Low-VAF CH only,6.7872714703245105,0.635058133497233,0.6219975828255909,0.647803515940531
Low-VAF CH only,6.790009377331499,0.6348151885341506,0.6217508837734492,0.6475645031135542
Low-VAF CH only,6.792747284338487,0.6345721505599798,0.6215040929689051,0.6473253962395996
Low-VAF CH only,6.795485191345476,0.634329112585809,0.6212573083037314,0.6470862835447674
Low-VAF CH only,6.803698912366442,0.6340859814579494,0.6210104317386004,0.6468470766652427
Low-VAF CH only,6.828340075429338,0.6338427570692045,0.6207634631654239,0.6466077754949645
Low-VAF CH only,6.831077982436327,0.6335995326804595,0.6205165007338309,0.6463684685013418
Low-VAF CH only,6.833815889443315,0.6333563082917146,0.6202695444382063,0.6461291556894062
Low-VAF CH only,6.839291703457292,0.6331130839029697,0.6200225942729496,0.6458898370641752
Low-VAF CH only,6.84202961046428,0.6328698595142248,0.6197756502324765,0.6456505126306528
Low-VAF CH only,6.852981238492235,0.6323832237129835,0.6192815837226896,0.6451716689050142
Low-VAF CH only,6.8611949595132,0.6321399058123629,0.6190345596470372,0.6449322383365017
Low-VAF CH only,6.863932866520188,0.6318965879117423,0.618787541683488,0.6446928019708156
Low-VAF CH only,6.866670773527177,0.6316532700111217,0.6185405298265179,0.6444533598129054
Low-VAF CH only,6.869408680534166,0.6311666342098805,0.6180465244102935,0.6439744581401433
Low-VAF CH only,6.874884494548143,0.6311666342098805,0.6180465244102935,0.6439744581401433
Low-VAF CH only,6.883098215569108,0.6311666342098805,0.6180465244102935,0.6439744581401433
Low-VAF CH only,6.891311936590074,0.6309231285639663,0.6177993333305796,0.643734820469446
Low-VAF CH only,6.894049843597062,0.630679622918052,0.6175521483545608,0.6434951770086188
Low-VAF CH only,6.896787750604051,0.630679622918052,0.6175521483545608,0.6434951770086188
Low-VAF CH only,6.899525657611039,0.6304359290915768,0.6173047715124212,0.6432553491815245
Low-VAF CH only,6.905001471625016,0.6301922352651015,0.6170574007821484,0.6430155155564863
Low-VAF CH only,6.9104772856389935,0.6301922352651015,0.6170574007821484,0.6430155155564863
Low-VAF CH only,6.913215192645982,0.6297046590676043,0.6165624793033586,0.6425356519920515
Low-VAF CH only,6.921428913666947,0.6297046590676043,0.6165624793033586,0.6425356519920515
Low-VAF CH only,6.929642634687912,0.6294605874943222,0.6163147295246095,0.6422954424947089
Low-VAF CH only,6.943332169722855,0.6292165159210402,0.6160669858742509,0.6420552271836252
Low-VAF CH only,6.948807983736832,0.6289724443477582,0.6158192483467995,0.6418150060637126
Low-VAF CH only,6.95154589074382,0.6289724443477582,0.6158192483467995,0.6418150060637126
Low-VAF CH only,6.95428379775081,0.6289724443477582,0.6158192483467995,0.6418150060637126
Low-VAF CH only,6.957021704757798,0.6284839220608862,0.6153233928377494,0.6413341865733847
Low-VAF CH only,6.962497518771775,0.6284839220608862,0.6153233928377494,0.6413341865733847
Low-VAF CH only,6.967973332785752,0.6282393757877107,0.6150751743451282,0.6410934975040021
Low-VAF CH only,6.97071123979274,0.6279947342862358,0.6148268618287226,0.6408527122259515
Low-VAF CH only,6.973449146799728,0.6279947342862358,0.6148268618287226,0.6408527122259515
Low-VAF CH only,6.976187053806718,0.6277499974451266,0.6145784551763878,0.6406118306289758
Low-VAF CH only,6.984400774827683,0.6277499974451266,0.6145784551763878,0.6406118306289758
Low-VAF CH only,6.987138681834671,0.6275050696271612,0.6143298537885639,0.6403707619469953
Low-VAF CH only,7.0035661238766025,0.6272601418091959,0.6140812585725526,0.6401296874100993
Low-VAF CH only,7.006304030883591,0.6272601418091959,0.6140812585725526,0.6401296874100993
Low-VAF CH only,7.009041937890579,0.6270151183163016,0.6138325688828937,0.6398885162222159
Low-VAF CH only,7.014517751904556,0.6270151183163016,0.6138325688828937,0.6398885162222159
Low-VAF CH only,7.017255658911545,0.6270151183163016,0.6138325688828937,0.6398885162222159
Low-VAF CH only,7.022731472925522,0.6270151183163016,0.6138325688828937,0.6398885162222159
Low-VAF CH only,7.030945193946487,0.6270151183163016,0.6138325688828937,0.6398885162222159
Low-VAF CH only,7.04463472898143,0.6270151183163016,0.6138325688828937,0.6398885162222159
Low-VAF CH only,7.047372635988419,0.6267693264235865,0.6135830770162299,0.6396466099944599
Low-VAF CH only,7.052848450002395,0.6267693264235865,0.6135830770162299,0.6396466099944599
Low-VAF CH only,7.058324264016372,0.6262775497845723,0.6130839091211019,0.6391625967753327
Low-VAF CH only,7.061062171023361,0.6257857731455582,0.6125847661963009,0.6386785598726201
Low-VAF CH only,7.069275892044327,0.6257857731455582,0.6125847661963009,0.6386785598726201
Low-VAF CH only,7.08022752007228,0.6257857731455582,0.6125847661963009,0.6386785598726201
Low-VAF CH only,7.093917055107223,0.6257857731455582,0.6125847661963009,0.6386785598726201
Low-VAF CH only,7.107606590142166,0.6257857731455582,0.6125847661963009,0.6386785598726201
Low-VAF CH only,7.110344497149154,0.6255394977527422,0.6123347968801272,0.6384361652426997
Low-VAF CH only,7.113082404156143,0.6255394977527422,0.6123347968801272,0.6384361652426997
Low-VAF CH only,7.121296125177108,0.6252931253629223,0.6120847317846794,0.6381936726291714
Low-VAF CH only,7.124034032184097,0.6250466558613996,0.6118345707944437,0.6379510819184305
Low-VAF CH only,7.129509846198074,0.6250466558613996,0.6118345707944437,0.6379510819184305
Low-VAF CH only,7.132247753205062,0.6250466558613996,0.6118345707944437,0.6379510819184305
Low-VAF CH only,7.134985660212051,0.624799796992576,0.61158400643677,0.637708115795755
Low-VAF CH only,7.151413102253982,0.6245529381237525,0.6113334483882246,0.6374651436899257
Low-VAF CH only,7.156888916267959,0.6240592203861052,0.610832351195908,0.6369791815490579
Low-VAF CH only,7.159626823274947,0.6238123615172816,0.6105818120408708,0.6367361915241108
Low-VAF CH only,7.1623647302819355,0.6235655026484579,0.6103312791724297,0.6364931955361922
Low-VAF CH only,7.170578451302902,0.6233185460137456,0.610080649742927,0.6362501008097806
Low-VAF CH only,7.176054265316878,0.6233185460137456,0.610080649742927,0.6362501008097806
Low-VAF CH only,7.178792172323867,0.6233185460137456,0.610080649742927,0.6362501008097806
Low-VAF CH only,7.181530079330855,0.6233185460137456,0.610080649742927,0.6362501008097806
Low-VAF CH only,7.19248170735881,0.6233185460137456,0.610080649742927,0.6362501008097806
Low-VAF CH only,7.195219614365798,0.6220808205450924,0.6088245021161696,0.635031745213684
Low-VAF CH only,7.197957521372786,0.6220808205450924,0.6088245021161696,0.635031745213684
Low-VAF CH only,7.200695428379775,0.6220808205450924,0.6088245021161696,0.635031745213684
Low-VAF CH only,7.203433335386763,0.6220808205450924,0.6088245021161696,0.635031745213684
Low-VAF CH only,7.208909149400741,0.6218329795807318,0.6085729803314345,0.634787775317936
Low-VAF CH only,7.211647056407729,0.6218329795807318,0.6085729803314345,0.634787775317936
Low-VAF CH only,7.230812405456649,0.6218329795807318,0.6085729803314345,0.634787775317936
Low-VAF CH only,7.236288219470626,0.6218329795807318,0.6085729803314345,0.634787775317936
Low-VAF CH only,7.239026126477614,0.6215847428623363,0.6083210485562415,0.6345434238669131
Low-VAF CH only,7.247239847498579,0.6213364069682643,0.6080690188232252,0.6342989722604357
Low-VAF CH only,7.252715661512557,0.621087872405477,0.6078167864651124,0.6340543260885402
Low-VAF CH only,7.255453568519545,0.6208393378426897,0.6075645605054205,0.6338096738488534
Low-VAF CH only,7.258191475526534,0.6208393378426897,0.6075645605054205,0.6338096738488534
Low-VAF CH only,7.260929382533522,0.6208393378426897,0.6075645605054205,0.6338096738488534
Low-VAF CH only,7.274618917568465,0.6205906041336181,0.6073121314305224,0.6335648265794965
Low-VAF CH only,7.280094731582442,0.6203418704245465,0.6070597087634209,0.6333199732333903
Low-VAF CH only,7.28283263858943,0.6200931367154748,0.6068072924984107,0.633075113815644
Low-VAF CH only,7.285570545596419,0.6200931367154748,0.6068072924984107,0.633075113815644
Low-VAF CH only,7.288308452603407,0.6200931367154748,0.6068072924984107,0.633075113815644
Low-VAF CH only,7.296522173624373,0.6200931367154748,0.6068072924984107,0.633075113815644
Low-VAF CH only,7.30199798763835,0.6200931367154748,0.6068072924984107,0.633075113815644
Low-VAF CH only,7.304735894645338,0.6200931367154748,0.6068072924984107,0.633075113815644
Low-VAF CH only,7.310211708659315,0.6198438029250786,0.6065542513215139,0.6328296789303587
Low-VAF CH only,7.3211633366872695,0.6198438029250786,0.6065542513215139,0.6328296789303587
Low-VAF CH only,7.329377057708235,0.6198438029250786,0.6065542513215139,0.6328296789303587
Low-VAF CH only,7.340328685736189,0.6198438029250786,0.6065542513215139,0.6328296789303587
Low-VAF CH only,7.348542406757154,0.6195940673074617,0.6063007938155569,0.6325838566864113
Low-VAF CH only,7.359494034785109,0.6193443316898448,0.6060473427994875,0.6323380282893475
Low-VAF CH only,7.367707755806074,0.6190945960722279,0.6057938982674942,0.6320921937443721
Low-VAF CH only,7.370445662813062,0.6190945960722279,0.6057938982674942,0.6320921937443721
Low-VAF CH only,7.384135197848005,0.6190945960722279,0.6057938982674942,0.6320921937443721
Low-VAF CH only,7.386873104854994,0.6190945960722279,0.6057938982674942,0.6320921937443721
Low-VAF CH only,7.395086825875959,0.6190945960722279,0.6057938982674942,0.6320921937443721
Low-VAF CH only,7.400562639889936,0.6188442545453083,0.6055398226835473,0.6318457782163709
Low-VAF CH only,7.406038453903913,0.6188442545453083,0.6055398226835473,0.6318457782163709
Low-VAF CH only,7.414252174924878,0.6188442545453083,0.6055398226835473,0.6318457782163709
Low-VAF CH only,7.416990081931867,0.6188442545453083,0.6055398226835473,0.6318457782163709
Low-VAF CH only,7.419727988938855,0.6188442545453083,0.6055398226835473,0.6318457782163709
Low-VAF CH only,7.4361554309807865,0.6185932021093873,0.6052850055136693,0.6315986821447496
Low-VAF CH only,7.449844966015729,0.6185932021093873,0.6052850055136693,0.6315986821447496
Low-VAF CH only,7.455320780029706,0.6185932021093873,0.6052850055136693,0.6315986821447496
Low-VAF CH only,7.463534501050671,0.6185932021093873,0.6052850055136693,0.6315986821447496
Low-VAF CH only,7.469010315064649,0.6185932021093873,0.6052850055136693,0.6315986821447496
Low-VAF CH only,7.474486129078626,0.6183417414581234,0.6050297653134027,0.6313511926422044
Low-VAF CH only,7.477224036085614,0.6183417414581234,0.6050297653134027,0.6313511926422044
Low-VAF CH only,7.4799619430926025,0.6183417414581234,0.6050297653134027,0.6313511926422044
Low-VAF CH only,7.482699850099591,0.6183417414581234,0.6050297653134027,0.6313511926422044
Low-VAF CH only,7.493651478127545,0.6183417414581234,0.6050297653134027,0.6313511926422044
Low-VAF CH only,7.52103054819743,0.6183417414581234,0.6050297653134027,0.6313511926422044
Low-VAF CH only,7.531982176225385,0.6183417414581234,0.6050297653134027,0.6313511926422044
Low-VAF CH only,7.54019589724635,0.6180891508774624,0.6047733423188831,0.6311026253752361
Low-VAF CH only,7.542933804253338,0.6180891508774624,0.6047733423188831,0.6311026253752361
Low-VAF CH only,7.545671711260327,0.6180891508774624,0.6047733423188831,0.6311026253752361
Low-VAF CH only,7.548409618267315,0.6180891508774624,0.6047733423188831,0.6311026253752361
Low-VAF CH only,7.551147525274304,0.6178361467223754,0.6045164906489195,0.6308536596051407
Low-VAF CH only,7.556623339288281,0.6175831425672884,0.6042596457767802,0.6306046873966185
Low-VAF CH only,7.5593612462952695,0.6175831425672884,0.6042596457767802,0.6306046873966185
Low-VAF CH only,7.564837060309246,0.6175831425672884,0.6042596457767802,0.6306046873966185
Low-VAF CH only,7.567574967316235,0.6175831425672884,0.6042596457767802,0.6306046873966185
Low-VAF CH only,7.570312874323223,0.6175831425672884,0.6042596457767802,0.6306046873966185
Low-VAF CH only,7.573050781330212,0.6175831425672884,0.6042596457767802,0.6306046873966185
Low-VAF CH only,7.5812645023511775,0.6173292021303776,0.6040018218104426,0.6303548212009792
Low-VAF CH only,7.584002409358166,0.6173292021303776,0.6040018218104426,0.6303548212009792
Low-VAF CH only,7.586740316365154,0.6173292021303776,0.6040018218104426,0.6303548212009792
Low-VAF CH only,7.589478223372143,0.6170749479285117,0.6037436742975143,0.6301046510927873
Low-VAF CH only,7.603167758407086,0.6170749479285117,0.6037436742975143,0.6301046510927873
Low-VAF CH only,7.605905665414074,0.6168205889227704,0.6034854233261026,0.6298543751047622
Low-VAF CH only,7.608643572421062,0.6168205889227704,0.6034854233261026,0.6298543751047622
Low-VAF CH only,7.611381479428051,0.6165661249834458,0.6032270687655661,0.6296039931084495
Low-VAF CH only,7.614119386435039,0.6165661249834458,0.6032270687655661,0.6296039931084495
Low-VAF CH only,7.616857293442028,0.6163115559805624,0.6029686104849986,0.6293535049751262
Low-VAF CH only,7.625071014462994,0.6163115559805624,0.6029686104849986,0.6293535049751262
Low-VAF CH only,7.633284735483959,0.6160568817838763,0.6027100483532275,0.6291029105758003
Low-VAF CH only,7.636022642490948,0.6160568817838763,0.6027100483532275,0.6291029105758003
Low-VAF CH only,7.6387605494979365,0.6155473227418714,0.602192723065652,0.6286015024144125
Low-VAF CH only,7.641498456504925,0.6152924377221025,0.601933959729864,0.6283506884834201
Low-VAF CH only,7.644236363511913,0.6152924377221025,0.601933959729864,0.6283506884834201
Low-VAF CH only,7.646974270518902,0.6150373413548877,0.6016749807691222,0.6280996676557367
Low-VAF CH only,7.64971217752589,0.6150373413548877,0.6016749807691222,0.6280996676557367
Low-VAF CH only,7.6524500845328784,0.6150373413548877,0.6016749807691222,0.6280996676557367
Low-VAF CH only,7.6606638055538445,0.6150373413548877,0.6016749807691222,0.6280996676557367
Low-VAF CH only,7.663401712560833,0.6150373413548877,0.6016749807691222,0.6280996676557367
Low-VAF CH only,7.679829154602764,0.6145260883695554,0.6011559271707918,0.6275966013069779
Low-VAF CH only,7.682567061609753,0.6142703554988231,0.6008962988453943,0.6273449573641898
Low-VAF CH only,7.685304968616741,0.6140146226280909,0.600636677527806,0.6270933067866901
Low-VAF CH only,7.690780782630718,0.6137588897573587,0.6003770632115113,0.6268416495803145
Low-VAF CH only,7.6962565966446945,0.6135030502868472,0.6001173436325238,0.626589884711441
Low-VAF CH only,7.698994503651683,0.6129911578794321,0.5995977006859717,0.6260861327510974
Low-VAF CH only,7.701732410658672,0.6129911578794321,0.5995977006859717,0.6260861327510974
Low-VAF CH only,7.704470317665661,0.6129911578794321,0.5995977006859717,0.6260861327510974
Low-VAF CH only,7.707208224672649,0.6129911578794321,0.5995977006859717,0.6260861327510974
Low-VAF CH only,7.712684038686626,0.6129911578794321,0.5995977006859717,0.6260861327510974
Low-VAF CH only,7.715421945693614,0.6129911578794321,0.5995977006859717,0.6260861327510974
Low-VAF CH only,7.718159852700603,0.6127344614146586,0.5993370996039474,0.6258335357326018
Low-VAF CH only,7.72363566671458,0.6127344614146586,0.5993370996039474,0.6258335357326018
Low-VAF CH only,7.729111480728557,0.6124776573654487,0.5990763922897325,0.6255808300565678
Low-VAF CH only,7.731849387735545,0.6124776573654487,0.5990763922897325,0.6255808300565678
Low-VAF CH only,7.734587294742534,0.6122207455964196,0.598815578607023,0.6253280155888777
Low-VAF CH only,7.756490550798442,0.6119638338273904,0.5985547720110157,0.6250751944121886
Low-VAF CH only,7.761966364812419,0.6119638338273904,0.5985547720110157,0.6250751944121886
Low-VAF CH only,7.772917992840373,0.6119638338273904,0.5985547720110157,0.6250751944121886
Low-VAF CH only,7.7756558998473615,0.6117067061661183,0.5982937451258007,0.6248221619219524
Low-VAF CH only,7.77839380685435,0.6117067061661183,0.5982937451258007,0.6248221619219524
Low-VAF CH only,7.786607527875316,0.6117067061661183,0.5982937451258007,0.6248221619219524
Low-VAF CH only,7.792083341889293,0.6114492538487083,0.5980323834100152,0.6245688150345428
Low-VAF CH only,7.794821248896281,0.6114492538487083,0.5980323834100152,0.6245688150345428
Low-VAF CH only,7.800297062910258,0.6111916930846608,0.5977709146028672,0.6243153586274853
Low-VAF CH only,7.803034969917246,0.6111916930846608,0.5977709146028672,0.6243153586274853
Low-VAF CH only,7.805772876924235,0.6111916930846608,0.5977709146028672,0.6243153586274853
Low-VAF CH only,7.808510783931224,0.6111916930846608,0.5977709146028672,0.6243153586274853
Low-VAF CH only,7.824938225973154,0.6104177061368964,0.5969851769500616,0.6235537124389854
Low-VAF CH only,7.827676132980143,0.6104177061368964,0.5969851769500616,0.6235537124389854
Low-VAF CH only,7.830414039987132,0.6104177061368964,0.5969851769500616,0.6235537124389854
Low-VAF CH only,7.83315194699412,0.6101594922172107,0.5967230488399905,0.6232996099638647
Low-VAF CH only,7.846841482029062,0.6099011689774912,0.5964608127682207,0.6230453970958074
Low-VAF CH only,7.8550552030500285,0.6099011689774912,0.5964608127682207,0.6230453970958074
Low-VAF CH only,7.857793110057017,0.609642736278772,0.5961984685948705,0.622791073697122
Low-VAF CH only,7.86874473808497,0.6093843035800527,0.5959361316123447,0.6225367434914322
Low-VAF CH only,7.874220552098948,0.6093843035800527,0.5959361316123447,0.6225367434914322
Low-VAF CH only,7.879696366112925,0.6093843035800527,0.5959361316123447,0.6225367434914322
Low-VAF CH only,7.882434273119913,0.6091255416677045,0.5956734550776355,0.6222820945011311
Low-VAF CH only,7.8906479941408785,0.6091255416677045,0.5956734550776355,0.6222820945011311
Low-VAF CH only,7.893385901147868,0.6091255416677045,0.5956734550776355,0.6222820945011311
Low-VAF CH only,7.896123808154856,0.6086073574553117,0.5951474281074677,0.6217721502163378
Low-VAF CH only,7.904337529175821,0.6086073574553117,0.5951474281074677,0.6217721502163378
Low-VAF CH only,7.90707543618281,0.6086073574553117,0.5951474281074677,0.6217721502163378
Low-VAF CH only,7.909813343189798,0.6086073574553117,0.5951474281074677,0.6217721502163378
Low-VAF CH only,7.9125512501967865,0.6083478234009597,0.5948839599723674,0.6215167490159147
Low-VAF CH only,7.915289157203776,0.6080882893466077,0.5946204991189766,0.621261340923597
Low-VAF CH only,7.918027064210764,0.6080882893466077,0.5946204991189766,0.621261340923597
Low-VAF CH only,7.920764971217753,0.6078286444749823,0.5943569288148671,0.6210058209386433
Low-VAF CH only,7.923502878224741,0.6078286444749823,0.5943569288148671,0.6210058209386433
Low-VAF CH only,7.926240785231729,0.6078286444749823,0.5943569288148671,0.6210058209386433
Low-VAF CH only,7.931716599245706,0.6078286444749823,0.5943569288148671,0.6210058209386433
Low-VAF CH only,7.953619855301614,0.6078286444749823,0.5943569288148671,0.6210058209386433
Low-VAF CH only,7.96183357632258,0.607568332421674,0.5940926629888212,0.6207496619112394
Low-VAF CH only,7.964571483329569,0.607568332421674,0.5940926629888212,0.6207496619112394
Low-VAF CH only,7.972785204350534,0.607568332421674,0.5940926629888212,0.6207496619112394
Low-VAF CH only,7.975523111357522,0.607568332421674,0.5940926629888212,0.6207496619112394
Low-VAF CH only,7.9809989253715,0.607568332421674,0.5940926629888212,0.6207496619112394
Low-VAF CH only,7.983736832378488,0.6070461421918315,0.5935625034603242,0.6202358392812729
Low-VAF CH only,7.9919505533994535,0.6070461421918315,0.5935625034603242,0.6202358392812729
Low-VAF CH only,7.994688460406442,0.6070461421918315,0.5935625034603242,0.6202358392812729
Low-VAF CH only,7.99742636741343,0.6067847097447204,0.593297079409761,0.6199785978880342
Low-VAF CH only,8.011115902448374,0.6067847097447204,0.593297079409761,0.6199785978880342
Low-VAF CH only,8.013853809455362,0.6065230518276249,0.5930314252420766,0.6197211358733145
Low-VAF CH only,8.01932962346934,0.6065230518276249,0.5930314252420766,0.6197211358733145
Low-VAF CH only,8.022067530476328,0.6062611679537788,0.5927655404576986,0.6194634527641574
Low-VAF CH only,8.024805437483316,0.6062611679537788,0.5927655404576986,0.6194634527641574
Low-VAF CH only,8.027543344490304,0.6062611679537788,0.5927655404576986,0.6194634527641574
Low-VAF CH only,8.030281251497293,0.6059988307975894,0.592499185513615,0.6192053332512272
Low-VAF CH only,8.038494972518258,0.6057364936414,0.5922328381106177,0.618947206605019
Low-VAF CH only,8.043970786532235,0.6057364936414,0.5922328381106177,0.618947206605019
Low-VAF CH only,8.046708693539223,0.6057364936414,0.5922328381106177,0.618947206605019
Low-VAF CH only,8.049446600546212,0.6057364936414,0.5922328381106177,0.618947206605019
Low-VAF CH only,8.060398228574167,0.6057364936414,0.5922328381106177,0.618947206605019
Low-VAF CH only,8.065874042588144,0.6057364936414,0.5922328381106177,0.618947206605019
Low-VAF CH only,8.068611949595132,0.6057364936414,0.5922328381106177,0.618947206605019
Low-VAF CH only,8.074087763609109,0.6052104523963793,0.5916987254317699,0.6184296373306921
Low-VAF CH only,8.076825670616097,0.6052104523963793,0.5916987254317699,0.6184296373306921
Low-VAF CH only,8.085039391637062,0.6052104523963793,0.5916987254317699,0.6184296373306921
Low-VAF CH only,8.08777729864405,0.6052104523963793,0.5916987254317699,0.6184296373306921
Low-VAF CH only,8.093253112658028,0.6052104523963793,0.5916987254317699,0.6184296373306921
Low-VAF CH only,8.095991019665018,0.6052104523963793,0.5916987254317699,0.6184296373306921
Low-VAF CH only,8.106942647692971,0.6052104523963793,0.5916987254317699,0.6184296373306921
Low-VAF CH only,8.112418461706948,0.6049463989703774,0.5914305918972463,0.6181698639772754
Low-VAF CH only,8.120632182727913,0.6049463989703774,0.5914305918972463,0.6181698639772754
Low-VAF CH only,8.123370089734902,0.6049463989703774,0.5914305918972463,0.6181698639772754
Low-VAF CH only,8.12610799674189,0.6049463989703774,0.5914305918972463,0.6181698639772754
Low-VAF CH only,8.134321717762855,0.6046819993204777,0.5911621010930216,0.617909755555012
Low-VAF CH only,8.142535438783822,0.6046819993204777,0.5911621010930216,0.617909755555012
Low-VAF CH only,8.156224973818764,0.6044174840101888,0.5908934961055045,0.6176495303139387
Low-VAF CH only,8.161700787832741,0.6044174840101888,0.5908934961055045,0.6176495303139387
Low-VAF CH only,8.175390322867683,0.6044174840101888,0.5908934961055045,0.6176495303139387
Low-VAF CH only,8.178128229874671,0.6038879899374685,0.5903558208307921,0.6171286190815977
Low-VAF CH only,8.18360404388865,0.6038879899374685,0.5903558208307921,0.6171286190815977
Low-VAF CH only,8.186341950895638,0.6038879899374685,0.5903558208307921,0.6171286190815977
Low-VAF CH only,8.189079857902627,0.6038879899374685,0.5903558208307921,0.6171286190815977
Low-VAF CH only,8.191817764909615,0.6036228942439051,0.5900866272853981,0.6168678223834827
Low-VAF CH only,8.194555671916604,0.6033577985503417,0.5898174415393498,0.6166070183115872
Low-VAF CH only,8.197293578923592,0.6033577985503417,0.5898174415393498,0.6166070183115872
Low-VAF CH only,8.202769392937569,0.6028273741120557,0.5892788477467626,0.6160851674339557
Low-VAF CH only,8.208245206951545,0.6025621618929127,0.5890095625402146,0.6158242309421991
Low-VAF CH only,8.210983113958534,0.6025621618929127,0.5890095625402146,0.6158242309421991
Low-VAF CH only,8.213721020965522,0.6025621618929127,0.5890095625402146,0.6158242309421991
Low-VAF CH only,8.224672648993478,0.602031036144219,0.5884702762313206,0.6153016718906348
Low-VAF CH only,8.230148463007454,0.6017653560753116,0.5882005212578505,0.6150402703304166
Low-VAF CH only,8.232886370014443,0.6017653560753116,0.5882005212578505,0.6150402703304166
Low-VAF CH only,8.23836218402842,0.6017653560753116,0.5882005212578505,0.6150402703304166
Low-VAF CH only,8.241100091035408,0.6017653560753116,0.5882005212578505,0.6150402703304166
Low-VAF CH only,8.243837998042396,0.6014992059841682,0.5879302786187044,0.6147784164062582
Low-VAF CH only,8.25478962607035,0.601232938075366,0.5876599196397932,0.6145164435124993
Low-VAF CH only,8.257527533077338,0.601232938075366,0.5876599196397932,0.6145164435124993
Low-VAF CH only,8.260265440084327,0.601232938075366,0.5876599196397932,0.6145164435124993
Low-VAF CH only,8.263003347091315,0.6009661976414373,0.5873890703708031,0.6142540158751338
Low-VAF CH only,8.265741254098304,0.60069933876149,0.5871181041448441,0.6139914686319144
Low-VAF CH only,8.268479161105294,0.60069933876149,0.5871181041448441,0.6139914686319144
Low-VAF CH only,8.271217068112282,0.6004321237531441,0.5868467703712327,0.6137285768018976
Low-VAF CH only,8.27395497511927,0.6001647897710635,0.5865753191197528,0.6134655648339719
Low-VAF CH only,8.282168696140236,0.6001647897710635,0.5865753191197528,0.6134655648339719
Low-VAF CH only,8.287644510154212,0.6001647897710635,0.5865753191197528,0.6134655648339719
Low-VAF CH only,8.2903824171612,0.6001647897710635,0.5865753191197528,0.6134655648339719
Low-VAF CH only,8.295858231175178,0.59989709807179,0.586303498668426,0.6132022067558452
Low-VAF CH only,8.301334045189154,0.59989709807179,0.586303498668426,0.6132022067558452
Low-VAF CH only,8.304071952196143,0.59989709807179,0.586303498668426,0.6132022067558452
Low-VAF CH only,8.31228567321711,0.59989709807179,0.586303498668426,0.6132022067558452
Low-VAF CH only,8.320499394238075,0.59989709807179,0.586303498668426,0.6132022067558452
Low-VAF CH only,8.323237301245063,0.59989709807179,0.586303498668426,0.6132022067558452
Low-VAF CH only,8.32871311525904,0.59989709807179,0.586303498668426,0.6132022067558452
Low-VAF CH only,8.334188929273017,0.59989709807179,0.586303498668426,0.6132022067558452
Low-VAF CH only,8.339664743286994,0.59989709807179,0.586303498668426,0.6132022067558452
Low-VAF CH only,8.34514055730097,0.59989709807179,0.586303498668426,0.6132022067558452
Low-VAF CH only,8.353354278321937,0.5993588323938431,0.5857568423082347,0.6126727402963181
Low-VAF CH only,8.356092185328926,0.5993588323938431,0.5857568423082347,0.6126727402963181
Low-VAF CH only,8.358830092335914,0.5993588323938431,0.5857568423082347,0.6126727402963181
Low-VAF CH only,8.361567999342903,0.5993588323938431,0.5857568423082347,0.6126727402963181
Low-VAF CH only,8.364305906349891,0.5993588323938431,0.5857568423082347,0.6126727402963181
Low-VAF CH only,8.36704381335688,0.5993588323938431,0.5857568423082347,0.6126727402963181
Low-VAF CH only,8.380733348391821,0.5993588323938431,0.5857568423082347,0.6126727402963181
Low-VAF CH only,8.38347125539881,0.5993588323938431,0.5857568423082347,0.6126727402963181
Low-VAF CH only,8.386209162405798,0.5993588323938431,0.5857568423082347,0.6126727402963181
Low-VAF CH only,8.388947069412787,0.5990877519630906,0.5854814716676141,0.6124061532847569
Low-VAF CH only,8.397160790433754,0.5990877519630906,0.5854814716676141,0.6124061532847569
Low-VAF CH only,8.399898697440742,0.5990877519630906,0.5854814716676141,0.6124061532847569
Low-VAF CH only,8.405374511454719,0.5990877519630906,0.5854814716676141,0.6124061532847569
Low-VAF CH only,8.408112418461707,0.5990877519630906,0.5854814716676141,0.6124061532847569
Low-VAF CH only,8.413588232475684,0.5990877519630906,0.5854814716676141,0.6124061532847569
Low-VAF CH only,8.416326139482672,0.5990877519630906,0.5854814716676141,0.6124061532847569
Low-VAF CH only,8.421801953496649,0.5988151915663831,0.585204547387884,0.6121381591050273
Low-VAF CH only,8.424539860503637,0.5988151915663831,0.585204547387884,0.6121381591050273
Low-VAF CH only,8.427277767510626,0.5988151915663831,0.585204547387884,0.6121381591050273
Low-VAF CH only,8.432753581524603,0.5985418847696846,0.5849268436847116,0.6118694513448596
Low-VAF CH only,8.435491488531591,0.5985418847696846,0.5849268436847116,0.6118694513448596
Low-VAF CH only,8.438229395538581,0.5985418847696846,0.5849268436847116,0.6118694513448596
Low-VAF CH only,8.44096730254557,0.5985418847696846,0.5849268436847116,0.6118694513448596
Low-VAF CH only,8.443705209552558,0.5985418847696846,0.5849268436847116,0.6118694513448596
Low-VAF CH only,8.446443116559546,0.5982675759315683,0.5846480905471051,0.6115997884978028
Low-VAF CH only,8.451918930573523,0.5982675759315683,0.5846480905471051,0.6115997884978028
Low-VAF CH only,8.4573947445875,0.5982675759315683,0.5846480905471051,0.6115997884978028
Low-VAF CH only,8.460132651594488,0.5982675759315683,0.5846480905471051,0.6115997884978028
Low-VAF CH only,8.462870558601477,0.5982675759315683,0.5846480905471051,0.6115997884978028
Low-VAF CH only,8.465608465608465,0.5982675759315683,0.5846480905471051,0.6115997884978028
Low-VAF CH only,8.468346372615454,0.5982675759315683,0.5846480905471051,0.6115997884978028
Low-VAF CH only,8.47382218662943,0.5982675759315683,0.5846480905471051,0.6115997884978028
Low-VAF CH only,8.476560093636419,0.5979921304546201,0.5843681456678895,0.6113290435506866
Low-VAF CH only,8.479298000643407,0.5979921304546201,0.5843681456678895,0.6113290435506866
Low-VAF CH only,8.484773814657386,0.5979921304546201,0.5843681456678895,0.6113290435506866
Low-VAF CH only,8.487511721664374,0.5979921304546201,0.5843681456678895,0.6113290435506866
Low-VAF CH only,8.49298753567835,0.597439457505956,0.5838064001850289,0.6107858452402943
Low-VAF CH only,8.498463349692328,0.597163121031624,0.5835255409751042,0.6105142333224794
Low-VAF CH only,8.501201256699316,0.597163121031624,0.5835255409751042,0.6105142333224794
Low-VAF CH only,8.503939163706304,0.597163121031624,0.5835255409751042,0.6105142333224794
Low-VAF CH only,8.514890791734258,0.597163121031624,0.5835255409751042,0.6105142333224794
Low-VAF CH only,8.517628698741246,0.597163121031624,0.5835255409751042,0.6105142333224794
Low-VAF CH only,8.523104512755225,0.597163121031624,0.5835255409751042,0.6105142333224794
Low-VAF CH only,8.525842419762213,0.597163121031624,0.5835255409751042,0.6105142333224794
Low-VAF CH only,8.528580326769202,0.597163121031624,0.5835255409751042,0.6105142333224794
Low-VAF CH only,8.534056140783179,0.5968849826426944,0.5832427866898573,0.6102409114616032
Low-VAF CH only,8.536794047790167,0.5968849826426944,0.5832427866898573,0.6102409114616032
Low-VAF CH only,8.542269861804144,0.5963279271292621,0.5826764827758404,0.6096935064581308
Low-VAF CH only,8.545007768811132,0.5963279271292621,0.5826764827758404,0.6096935064581308
Low-VAF CH only,8.550483582825109,0.5960490085478172,0.5823929316331027,0.6094194219176327
Low-VAF CH only,8.555959396839086,0.5960490085478172,0.5823929316331027,0.6094194219176327
Low-VAF CH only,8.558697303846074,0.5960490085478172,0.5823929316331027,0.6094194219176327
Low-VAF CH only,8.561435210853062,0.5960490085478172,0.5823929316331027,0.6094194219176327
Low-VAF CH only,8.56417311786005,0.5960490085478172,0.5823929316331027,0.6094194219176327
Low-VAF CH only,8.572386838881018,0.5960490085478172,0.5823929316331027,0.6094194219176327
Low-VAF CH only,8.583338466908971,0.5960490085478172,0.5823929316331027,0.6094194219176327
Low-VAF CH only,8.58607637391596,0.5960490085478172,0.5823929316331027,0.6094194219176327
Low-VAF CH only,8.588814280922948,0.5960490085478172,0.5823929316331027,0.6094194219176327
Low-VAF CH only,8.594290094936925,0.5957682506540123,0.582107445171288,0.60914359284276
Low-VAF CH only,8.597028001943913,0.5957682506540123,0.582107445171288,0.60914359284276
Low-VAF CH only,8.605241722964879,0.5957682506540123,0.582107445171288,0.60914359284276
Low-VAF CH only,8.607979629971869,0.5954870952738075,0.5818215479067965,0.608867379764254
Low-VAF CH only,8.610717536978857,0.5954870952738075,0.5818215479067965,0.608867379764254
Low-VAF CH only,8.618931257999822,0.5952055410916449,0.5815352384663837,0.608590781425847
Low-VAF CH only,8.62166916500681,0.5952055410916449,0.5815352384663837,0.608590781425847
Low-VAF CH only,8.624407072013799,0.5952055410916449,0.5815352384663837,0.608590781425847
Low-VAF CH only,8.627144979020787,0.5952055410916449,0.5815352384663837,0.608590781425847
Low-VAF CH only,8.629882886027776,0.5952055410916449,0.5815352384663837,0.608590781425847
Low-VAF CH only,8.632620793034764,0.5952055410916449,0.5815352384663837,0.608590781425847
Low-VAF CH only,8.635358700041753,0.5952055410916449,0.5815352384663837,0.608590781425847
Low-VAF CH only,8.638096607048741,0.5952055410916449,0.5815352384663837,0.608590781425847
Low-VAF CH only,8.643572421062718,0.5949227831148793,0.5812476653151359,0.6083130385953083
Low-VAF CH only,8.646310328069706,0.5949227831148793,0.5812476653151359,0.6083130385953083
Low-VAF CH only,8.649048235076695,0.5949227831148793,0.5812476653151359,0.6083130385953083
Low-VAF CH only,8.651786142083685,0.5949227831148793,0.5812476653151359,0.6083130385953083
Low-VAF CH only,8.654524049090673,0.5949227831148793,0.5812476653151359,0.6083130385953083
Low-VAF CH only,8.657261956097662,0.5949227831148793,0.5812476653151359,0.6083130385953083
Low-VAF CH only,8.65999986310465,0.5949227831148793,0.5812476653151359,0.6083130385953083
Low-VAF CH only,8.662737770111638,0.5946384031994325,0.5809583857236809,0.6080337572985471
Low-VAF CH only,8.668213584125615,0.5946384031994325,0.5809583857236809,0.6080337572985471
Low-VAF CH only,8.670951491132604,0.5946384031994325,0.5809583857236809,0.6080337572985471
Low-VAF CH only,8.673689398139592,0.5943532049245167,0.5806682499622741,0.6077536952229246
Low-VAF CH only,8.67642730514658,0.5940678697325222,0.5803779793911155,0.6074734945783902
Low-VAF CH only,8.679165212153569,0.5940678697325222,0.5803779793911155,0.6074734945783902
Low-VAF CH only,8.684641026167546,0.5937822601797662,0.5800874285282451,0.6071930258235251
Low-VAF CH only,8.687378933174534,0.5937822601797662,0.5800874285282451,0.6071930258235251
Low-VAF CH only,8.690116840181522,0.5937822601797662,0.5800874285282451,0.6071930258235251
Low-VAF CH only,8.69285474718851,0.5937822601797662,0.5800874285282451,0.6071930258235251
Low-VAF CH only,8.6955926541955,0.593495547354957,0.5797957198075742,0.6069115078757371
Low-VAF CH only,8.69833056120249,0.593495547354957,0.5797957198075742,0.6069115078757371
Low-VAF CH only,8.701068468209478,0.5932085572450175,0.5795037277932871,0.6066297189783553
Low-VAF CH only,8.706544282223454,0.5932085572450175,0.5795037277932871,0.6066297189783553
Low-VAF CH only,8.709282189230443,0.5932085572450175,0.5795037277932871,0.6066297189783553
Low-VAF CH only,8.717495910251408,0.5932085572450175,0.5795037277932871,0.6066297189783553
Low-VAF CH only,8.720233817258396,0.5932085572450175,0.5795037277932871,0.6066297189783553
Low-VAF CH only,8.725709631272373,0.5932085572450175,0.5795037277932871,0.6066297189783553
Low-VAF CH only,8.728447538279362,0.5929205919259666,0.5792107134068234,0.6063470016623433
Low-VAF CH only,8.733923352293338,0.5923443814381862,0.5786244196504169,0.6057812738808613
Low-VAF CH only,8.739399166307317,0.5923443814381862,0.5786244196504169,0.6057812738808613
Low-VAF CH only,8.742137073314305,0.5923443814381862,0.5786244196504169,0.6057812738808613
Low-VAF CH only,8.744874980321294,0.5923443814381862,0.5786244196504169,0.6057812738808613
Low-VAF CH only,8.747612887328282,0.5920552919401686,0.5783302460224267,0.6054974681672837
Low-VAF CH only,8.75035079433527,0.5920552919401686,0.5783302460224267,0.6054974681672837
Low-VAF CH only,8.753088701342259,0.5920552919401686,0.5783302460224267,0.6054974681672837
Low-VAF CH only,8.758564515356236,0.5920552919401686,0.5783302460224267,0.6054974681672837
Low-VAF CH only,8.764040329370212,0.5920552919401686,0.5783302460224267,0.6054974681672837
Low-VAF CH only,8.7667782363772,0.5920552919401686,0.5783302460224267,0.6054974681672837
Low-VAF CH only,8.772254050391178,0.5914734194173773,0.5777380176047747,0.6049263489915032
Low-VAF CH only,8.774991957398166,0.5914734194173773,0.5777380176047747,0.6049263489915032
Low-VAF CH only,8.780467771412145,0.5914734194173773,0.5777380176047747,0.6049263489915032
Low-VAF CH only,8.783205678419133,0.5914734194173773,0.5777380176047747,0.6049263489915032
Low-VAF CH only,8.78868149243311,0.5914734194173773,0.5777380176047747,0.6049263489915032
Low-VAF CH only,8.791419399440098,0.5914734194173773,0.5777380176047747,0.6049263489915032
Low-VAF CH only,8.794157306447087,0.5914734194173773,0.5777380176047747,0.6049263489915032
Low-VAF CH only,8.796895213454075,0.5914734194173773,0.5777380176047747,0.6049263489915032
Low-VAF CH only,8.799633120461063,0.5914734194173773,0.5777380176047747,0.6049263489915032
Low-VAF CH only,8.802371027468052,0.5914734194173773,0.5777380176047747,0.6049263489915032
Low-VAF CH only,8.80510893447504,0.5914734194173773,0.5777380176047747,0.6049263489915032
Low-VAF CH only,8.807846841482029,0.5911791540345825,0.5774383904288155,0.604637641643412
Low-VAF CH only,8.813322655496005,0.5911791540345825,0.5774383904288155,0.604637641643412
Low-VAF CH only,8.818798469509982,0.5911791540345825,0.5774383904288155,0.604637641643412
Low-VAF CH only,8.821536376516972,0.5911791540345825,0.5774383904288155,0.604637641643412
Low-VAF CH only,8.82427428352396,0.5911791540345825,0.5774383904288155,0.604637641643412
Low-VAF CH only,8.827012190530949,0.5911791540345825,0.5774383904288155,0.604637641643412
Low-VAF CH only,8.829750097537937,0.5911791540345825,0.5774383904288155,0.604637641643412
Low-VAF CH only,8.832488004544926,0.5911791540345825,0.5774383904288155,0.604637641643412
Low-VAF CH only,8.835225911551914,0.5911791540345825,0.5774383904288155,0.604637641643412
Low-VAF CH only,8.837963818558903,0.5911791540345825,0.5774383904288155,0.604637641643412
Low-VAF CH only,8.840701725565891,0.5911791540345825,0.5774383904288155,0.604637641643412
Low-VAF CH only,8.84343963257288,0.5911791540345825,0.5774383904288155,0.604637641643412
Low-VAF CH only,8.846177539579868,0.5911791540345825,0.5774383904288155,0.604637641643412
Low-VAF CH only,8.848915446586856,0.5908816305549476,0.577135317746544,0.6043458608021719
Low-VAF CH only,8.854391260600833,0.5905838071524502,0.5768319385450279,0.6040537870244395
Low-VAF CH only,8.85986707461481,0.5902859837499527,0.5765285712113749,0.6037617020964285
Low-VAF CH only,8.865342888628788,0.5899880100075245,0.5762250561596304,0.6034694647607566
Low-VAF CH only,8.868080795635777,0.5899880100075245,0.5762250561596304,0.6034694647607566
Low-VAF CH only,8.870818702642765,0.5899880100075245,0.5762250561596304,0.6034694647607566
Low-VAF CH only,8.873556609649754,0.5899880100075245,0.5762250561596304,0.6034694647607566
Low-VAF CH only,8.876294516656742,0.5899880100075245,0.5762250561596304,0.6034694647607566
Low-VAF CH only,8.87903242366373,0.5896892819011916,0.5759207522336175,0.6031765074748391
Low-VAF CH only,8.881770330670719,0.5890915228724017,0.5753118588427089,0.6025902746554501
Low-VAF CH only,8.884508237677707,0.5890915228724017,0.5753118588427089,0.6025902746554501
Low-VAF CH only,8.889984051691684,0.5887918832371666,0.5750066231871594,0.6022964272333851
Low-VAF CH only,8.892721958698672,0.5887918832371666,0.5750066231871594,0.6022964272333851
Low-VAF CH only,8.898197772712649,0.5887918832371666,0.5750066231871594,0.6022964272333851
Low-VAF CH only,8.900935679719638,0.5887918832371666,0.5750066231871594,0.6022964272333851
Low-VAF CH only,8.903673586726626,0.5887918832371666,0.5750066231871594,0.6022964272333851
Low-VAF CH only,8.906411493733614,0.5887918832371666,0.5750066231871594,0.6022964272333851
Low-VAF CH only,8.909149400740604,0.5887918832371666,0.5750066231871594,0.6022964272333851
Low-VAF CH only,8.911887307747593,0.5887918832371666,0.5750066231871594,0.6022964272333851
Low-VAF CH only,8.914625214754581,0.5884907109183752,0.5746997721593289,0.6020011288895285
Low-VAF CH only,8.91736312176157,0.5884907109183752,0.5746997721593289,0.6020011288895285
Low-VAF CH only,8.920101028768558,0.5884907109183752,0.5746997721593289,0.6020011288895285
Low-VAF CH only,8.922838935775546,0.5881889208102119,0.5743922772984821,0.6017052388748343
Low-VAF CH only,8.925576842782535,0.5881889208102119,0.5743922772984821,0.6017052388748343
Low-VAF CH only,8.928314749789523,0.5881889208102119,0.5743922772984821,0.6017052388748343
Low-VAF CH only,8.931052656796512,0.5881889208102119,0.5743922772984821,0.6017052388748343
Low-VAF CH only,8.936528470810488,0.5881889208102119,0.5743922772984821,0.6017052388748343
Low-VAF CH only,8.939266377817477,0.5881889208102119,0.5743922772984821,0.6017052388748343
Low-VAF CH only,8.942004284824465,0.5878844751990265,0.5740819734066227,0.6014068447115517
Low-VAF CH only,8.944742191831454,0.5878844751990265,0.5740819734066227,0.6014068447115517
Low-VAF CH only,8.947480098838442,0.5878844751990265,0.5740819734066227,0.6014068447115517
Low-VAF CH only,8.955693819859409,0.5878844751990265,0.5740819734066227,0.6014068447115517
Low-VAF CH only,8.958431726866397,0.5878844751990265,0.5740819734066227,0.6014068447115517
Low-VAF CH only,8.966645447887363,0.5878844751990265,0.5740819734066227,0.6014068447115517
Low-VAF CH only,8.969383354894351,0.5878844751990265,0.5740819734066227,0.6014068447115517
Low-VAF CH only,8.97212126190134,0.5878844751990265,0.5740819734066227,0.6014068447115517
Low-VAF CH only,8.974859168908328,0.5878844751990265,0.5740819734066227,0.6014068447115517
Low-VAF CH only,8.977597075915316,0.5878844751990265,0.5740819734066227,0.6014068447115517
Low-VAF CH only,8.980334982922304,0.5878844751990265,0.5740819734066227,0.6014068447115517
Low-VAF CH only,8.983072889929293,0.5878844751990265,0.5740819734066227,0.6014068447115517
Low-VAF CH only,8.985810796936281,0.5878844751990265,0.5740819734066227,0.6014068447115517
Low-VAF CH only,8.98854870394327,0.5878844751990265,0.5740819734066227,0.6014068447115517
Low-VAF CH only,8.991286610950258,0.5875753876726337,0.5737667458301662,0.6011040859008758
Low-VAF CH only,8.994024517957248,0.5875753876726337,0.5737667458301662,0.6011040859008758
Low-VAF CH only,8.999500331971225,0.5872658115990443,0.5734510119797858,0.600800856543514
Low-VAF CH only,9.010451959999179,0.5872658115990443,0.5734510119797858,0.600800856543514
Low-VAF CH only,9.015927774013155,0.5872658115990443,0.5734510119797858,0.600800856543514
Low-VAF CH only,9.018665681020144,0.5872658115990443,0.5734510119797858,0.600800856543514
Low-VAF CH only,9.021403588027132,0.5872658115990443,0.5734510119797858,0.600800856543514
Low-VAF CH only,9.026879402041109,0.5872658115990443,0.5734510119797858,0.600800856543514
Low-VAF CH only,9.035093123062076,0.5872658115990443,0.5734510119797858,0.600800856543514
Low-VAF CH only,9.037831030069064,0.5872658115990443,0.5734510119797858,0.600800856543514
Low-VAF CH only,9.043306844083041,0.5872658115990443,0.5734510119797858,0.600800856543514
Low-VAF CH only,9.04604475109003,0.5872658115990443,0.5734510119797858,0.600800856543514
Low-VAF CH only,9.048782658097018,0.5869527701216462,0.5731316024274917,0.6004943688387464
Low-VAF CH only,9.051520565104006,0.5869527701216462,0.5731316024274917,0.6004943688387464
Low-VAF CH only,9.054258472110995,0.5866393943767867,0.5728118511227721,0.6001875548420538
Low-VAF CH only,9.056996379117983,0.5863258511408824,0.5724919357402041,0.5998805706341764
Low-VAF CH only,9.059734286124971,0.5860119722055822,0.5721716771284094,0.5995732587504806
Low-VAF CH only,9.06247219313196,0.5860119722055822,0.5721716771284094,0.5995732587504806
Low-VAF CH only,9.065210100138948,0.5860119722055822,0.5721716771284094,0.5995732587504806
Low-VAF CH only,9.067948007145937,0.5860119722055822,0.5721716771284094,0.5995732587504806
Low-VAF CH only,9.076161728166902,0.5860119722055822,0.5721716771284094,0.5995732587504806
Low-VAF CH only,9.078899635173892,0.5860119722055822,0.5721716771284094,0.5995732587504806
Low-VAF CH only,9.08163754218088,0.5860119722055822,0.5721716771284094,0.5995732587504806
Low-VAF CH only,9.084375449187869,0.585696403022919,0.571849632208721,0.5992643515547953
Low-VAF CH only,9.087113356194857,0.585696403022919,0.571849632208721,0.5992643515547953
Low-VAF CH only,9.089851263201846,0.585696403022919,0.571849632208721,0.5992643515547953
Low-VAF CH only,9.092589170208834,0.585696403022919,0.571849632208721,0.5992643515547953
Low-VAF CH only,9.1008028912298,0.585696403022919,0.571849632208721,0.5992643515547953
Low-VAF CH only,9.103540798236788,0.585696403022919,0.571849632208721,0.5992643515547953
Low-VAF CH only,9.106278705243776,0.585696403022919,0.571849632208721,0.5992643515547953
Low-VAF CH only,9.111754519257753,0.585696403022919,0.571849632208721,0.5992643515547953
Low-VAF CH only,9.114492426264741,0.585696403022919,0.571849632208721,0.5992643515547953
Low-VAF CH only,9.11723033327173,0.5853791243647268,0.5715257800789317,0.5989538314679115
Low-VAF CH only,9.119968240278718,0.5853791243647268,0.5715257800789317,0.5989538314679115
Low-VAF CH only,9.122706147285708,0.5853791243647268,0.5715257800789317,0.5989538314679115
Low-VAF CH only,9.125444054292696,0.5853791243647268,0.5715257800789317,0.5989538314679115
Low-VAF CH only,9.128181961299685,0.5853791243647268,0.5715257800789317,0.5989538314679115
Low-VAF CH only,9.133657775313662,0.5853791243647268,0.5715257800789317,0.5989538314679115
Low-VAF CH only,9.141871496334627,0.5853791243647268,0.5715257800789317,0.5989538314679115
Low-VAF CH only,9.144609403341615,0.5853791243647268,0.5715257800789317,0.5989538314679115
Low-VAF CH only,9.147347310348604,0.5853791243647268,0.5715257800789317,0.5989538314679115
Low-VAF CH only,9.15282312436258,0.5853791243647268,0.5715257800789317,0.5989538314679115
Low-VAF CH only,9.155561031369569,0.5853791243647268,0.5715257800789317,0.5989538314679115
Low-VAF CH only,9.161036845383546,0.5853791243647268,0.5715257800789317,0.5989538314679115
Low-VAF CH only,9.163774752390536,0.5853791243647268,0.5715257800789317,0.5989538314679115
Low-VAF CH only,9.166512659397524,0.5853791243647268,0.5715257800789317,0.5989538314679115
Low-VAF CH only,9.171988473411501,0.5853791243647268,0.5715257800789317,0.5989538314679115
Low-VAF CH only,9.17472638041849,0.5853791243647268,0.5715257800789317,0.5989538314679115
Low-VAF CH only,9.177464287425478,0.5853791243647268,0.5715257800789317,0.5989538314679115
Low-VAF CH only,9.182940101439454,0.5850571336472545,0.5711969170592492,0.5986388932495994
Low-VAF CH only,9.196629636474396,0.5850571336472545,0.5711969170592492,0.5986388932495994
Low-VAF CH only,9.207581264502352,0.5850571336472545,0.5711969170592492,0.5986388932495994
Low-VAF CH only,9.21031917150934,0.5850571336472545,0.5711969170592492,0.5986388932495994
Low-VAF CH only,9.213057078516329,0.5850571336472545,0.5711969170592492,0.5986388932495994
Low-VAF CH only,9.215794985523317,0.5850571336472545,0.5711969170592492,0.5986388932495994
Low-VAF CH only,9.221270799537294,0.5850571336472545,0.5711969170592492,0.5986388932495994
Low-VAF CH only,9.224008706544282,0.5850571336472545,0.5711969170592492,0.5986388932495994
Low-VAF CH only,9.22674661355127,0.5850571336472545,0.5711969170592492,0.5986388932495994
Low-VAF CH only,9.229484520558259,0.5850571336472545,0.5711969170592492,0.5986388932495994
Low-VAF CH only,9.232222427565247,0.5850571336472545,0.5711969170592492,0.5986388932495994
Low-VAF CH only,9.234960334572236,0.5850571336472545,0.5711969170592492,0.5986388932495994
Low-VAF CH only,9.237698241579224,0.5850571336472545,0.5711969170592492,0.5986388932495994
Low-VAF CH only,9.240436148586213,0.5850571336472545,0.5711969170592492,0.5986388932495994
Low-VAF CH only,9.243174055593201,0.5850571336472545,0.5711969170592492,0.5986388932495994
Low-VAF CH only,9.251387776614168,0.5847317403582405,0.5708644370497165,0.5983207635273975
Low-VAF CH only,9.259601497635133,0.5847317403582405,0.5708644370497165,0.5983207635273975
Low-VAF CH only,9.262339404642121,0.5847317403582405,0.5708644370497165,0.5983207635273975
Low-VAF CH only,9.26507731164911,0.5844054391638441,0.5705310037132624,0.5980017711928979
Low-VAF CH only,9.267815218656098,0.5844054391638441,0.5705310037132624,0.5980017711928979
Low-VAF CH only,9.270553125663087,0.5844054391638441,0.5705310037132624,0.5980017711928979
Low-VAF CH only,9.273291032670075,0.5844054391638441,0.5705310037132624,0.5980017711928979
Low-VAF CH only,9.276028939677063,0.5844054391638441,0.5705310037132624,0.5980017711928979
Low-VAF CH only,9.28150475369104,0.5840773058459532,0.5701956293744332,0.5976810542807943
Low-VAF CH only,9.289718474712005,0.5840773058459532,0.5701956293744332,0.5976810542807943
Low-VAF CH only,9.297932195732972,0.5840773058459532,0.5701956293744332,0.5976810542807943
Low-VAF CH only,9.30340800974695,0.5837486185607276,0.5698596799824316,0.5973598048450287
Low-VAF CH only,9.308883823760926,0.5837486185607276,0.5698596799824316,0.5973598048450287
Low-VAF CH only,9.311621730767914,0.583419375121043,0.5695231532433589,0.5970380208084323
Low-VAF CH only,9.314359637774903,0.5830901316813585,0.5691866437004792,0.5967162206729165
Low-VAF CH only,9.317097544781891,0.5830901316813585,0.5691866437004792,0.5967162206729165
Low-VAF CH only,9.31983545178888,0.5830901316813585,0.5691866437004792,0.5967162206729165
Low-VAF CH only,9.322573358795868,0.5827601429254551,0.5688493546616428,0.5963937095213332
Low-VAF CH only,9.325311265802856,0.5827601429254551,0.5688493546616428,0.5963937095213332
Low-VAF CH only,9.328049172809845,0.5824295926458604,0.5685114826501805,0.596070658664086
Low-VAF CH only,9.330787079816833,0.5824295926458604,0.5685114826501805,0.596070658664086
Low-VAF CH only,9.333524986823821,0.5824295926458604,0.5685114826501805,0.596070658664086
Low-VAF CH only,9.336262893830812,0.5824295926458604,0.5685114826501805,0.596070658664086
Low-VAF CH only,9.3390008008378,0.5824295926458604,0.5685114826501805,0.596070658664086
Low-VAF CH only,9.341738707844788,0.5824295926458604,0.5685114826501805,0.596070658664086
Low-VAF CH only,9.344476614851777,0.5824295926458604,0.5685114826501805,0.596070658664086
Low-VAF CH only,9.347214521858765,0.5824295926458604,0.5685114826501805,0.596070658664086
Low-VAF CH only,9.352690335872742,0.5824295926458604,0.5685114826501805,0.596070658664086
Low-VAF CH only,9.358166149886719,0.5824295926458604,0.5685114826501805,0.596070658664086
Low-VAF CH only,9.360904056893707,0.5817597483759973,0.5678264392433793,0.5954163606844664
Low-VAF CH only,9.366379870907684,0.5817597483759973,0.5678264392433793,0.5954163606844664
Low-VAF CH only,9.369117777914672,0.5814240531951687,0.5674831176538759,0.5950884662091562
Low-VAF CH only,9.37185568492166,0.5814240531951687,0.5674831176538759,0.5950884662091562
Low-VAF CH only,9.37459359192865,0.5814240531951687,0.5674831176538759,0.5950884662091562
Low-VAF CH only,9.37733149893564,0.5814240531951687,0.5674831176538759,0.5950884662091562
Low-VAF CH only,9.382807312949616,0.5814240531951687,0.5674831176538759,0.5950884662091562
Low-VAF CH only,9.385545219956605,0.5814240531951687,0.5674831176538759,0.5950884662091562
Low-VAF CH only,9.388283126963593,0.5814240531951687,0.5674831176538759,0.5950884662091562
Low-VAF CH only,9.391021033970581,0.5814240531951687,0.5674831176538759,0.5950884662091562
Low-VAF CH only,9.39375894097757,0.5814240531951687,0.5674831176538759,0.5950884662091562
Low-VAF CH only,9.396496847984558,0.5814240531951687,0.5674831176538759,0.5950884662091562
Low-VAF CH only,9.399234754991546,0.5814240531951687,0.5674831176538759,0.5950884662091562
Low-VAF CH only,9.404710569005523,0.5810832419095912,0.5671343354520705,0.5947557943084235
Low-VAF CH only,9.407448476012512,0.5810832419095912,0.5671343354520705,0.5947557943084235
Low-VAF CH only,9.4101863830195,0.5810832419095912,0.5671343354520705,0.5947557943084235
Low-VAF CH only,9.412924290026488,0.5810832419095912,0.5671343354520705,0.5947557943084235
Low-VAF CH only,9.415662197033477,0.5810832419095912,0.5671343354520705,0.5947557943084235
Low-VAF CH only,9.418400104040465,0.5810832419095912,0.5671343354520705,0.5947557943084235
Low-VAF CH only,9.421138011047455,0.5803963822855845,0.5664312163740655,0.5940855275358475
Low-VAF CH only,9.423875918054444,0.5803963822855845,0.5664312163740655,0.5940855275358475
Low-VAF CH only,9.426613825061432,0.5803963822855845,0.5664312163740655,0.5940855275358475
Low-VAF CH only,9.42935173206842,0.5803963822855845,0.5664312163740655,0.5940855275358475
Low-VAF CH only,9.434827546082397,0.5803963822855845,0.5664312163740655,0.5940855275358475
Low-VAF CH only,9.437565453089386,0.5803963822855845,0.5664312163740655,0.5940855275358475
Low-VAF CH only,9.440303360096374,0.5803963822855845,0.5664312163740655,0.5940855275358475
Low-VAF CH only,9.445779174110351,0.5803963822855845,0.5664312163740655,0.5940855275358475
Low-VAF CH only,9.44851708111734,0.5803963822855845,0.5664312163740655,0.5940855275358475
Low-VAF CH only,9.451254988124328,0.5803963822855845,0.5664312163740655,0.5940855275358475
Low-VAF CH only,9.453992895131316,0.580048005105341,0.5660743792413883,0.5937457718647364
Low-VAF CH only,9.456730802138305,0.580048005105341,0.5660743792413883,0.5937457718647364
Low-VAF CH only,9.462206616152283,0.580048005105341,0.5660743792413883,0.5937457718647364
Low-VAF CH only,9.464944523159271,0.580048005105341,0.5660743792413883,0.5937457718647364
Low-VAF CH only,9.46768243016626,0.580048005105341,0.5660743792413883,0.5937457718647364
Low-VAF CH only,9.473158244180237,0.580048005105341,0.5660743792413883,0.5937457718647364
Low-VAF CH only,9.475896151187225,0.580048005105341,0.5660743792413883,0.5937457718647364
Low-VAF CH only,9.478634058194213,0.580048005105341,0.5660743792413883,0.5937457718647364
Low-VAF CH only,9.481371965201202,0.580048005105341,0.5660743792413883,0.5937457718647364
Low-VAF CH only,9.48410987220819,0.580048005105341,0.5660743792413883,0.5937457718647364
Low-VAF CH only,9.486847779215179,0.580048005105341,0.5660743792413883,0.5937457718647364
Low-VAF CH only,9.489585686222167,0.580048005105341,0.5660743792413883,0.5937457718647364
Low-VAF CH only,9.492323593229155,0.580048005105341,0.5660743792413883,0.5937457718647364
Low-VAF CH only,9.495061500236144,0.580048005105341,0.5660743792413883,0.5937457718647364
Low-VAF CH only,9.497799407243132,0.580048005105341,0.5660743792413883,0.5937457718647364
Low-VAF CH only,9.503275221257109,0.580048005105341,0.5660743792413883,0.5937457718647364
Low-VAF CH only,9.5060131282641,0.580048005105341,0.5660743792413883,0.5937457718647364
Low-VAF CH only,9.508751035271088,0.5796925835335853,0.5657099945912777,0.5933994657981949
Low-VAF CH only,9.511488942278076,0.5796925835335853,0.5657099945912777,0.5933994657981949
Low-VAF CH only,9.514226849285064,0.5796925835335853,0.5657099945912777,0.5933994657981949
Low-VAF CH only,9.516964756292053,0.5796925835335853,0.5657099945912777,0.5933994657981949
Low-VAF CH only,9.519702663299041,0.5796925835335853,0.5657099945912777,0.5933994657981949
Low-VAF CH only,9.52244057030603,0.5796925835335853,0.5657099945912777,0.5933994657981949
Low-VAF CH only,9.525178477313018,0.5796925835335853,0.5657099945912777,0.5933994657981949
Low-VAF CH only,9.527916384320006,0.5796925835335853,0.5657099945912777,0.5933994657981949
Low-VAF CH only,9.530654291326995,0.5796925835335853,0.5657099945912777,0.5933994657981949
Low-VAF CH only,9.533392198333983,0.5796925835335853,0.5657099945912777,0.5933994657981949
Low-VAF CH only,9.536130105340971,0.5796925835335853,0.5657099945912777,0.5933994657981949
Low-VAF CH only,9.53886801234796,0.5796925835335853,0.5657099945912777,0.5933994657981949
Low-VAF CH only,9.541605919354948,0.5796925835335853,0.5657099945912777,0.5933994657981949
Low-VAF CH only,9.544343826361937,0.5796925835335853,0.5657099945912777,0.5933994657981949
Low-VAF CH only,9.547081733368925,0.5796925835335853,0.5657099945912777,0.5933994657981949
Low-VAF CH only,9.552557547382904,0.5796925835335853,0.5657099945912777,0.5933994657981949
Low-VAF CH only,9.55803336139688,0.5793302756688768,0.5653382211748037,0.5930467666665034
Low-VAF CH only,9.560771268403869,0.5793302756688768,0.5653382211748037,0.5930467666665034
Low-VAF CH only,9.563509175410857,0.5793302756688768,0.5653382211748037,0.5930467666665034
Low-VAF CH only,9.566247082417846,0.5793302756688768,0.5653382211748037,0.5930467666665034
Low-VAF CH only,9.571722896431822,0.5793302756688768,0.5653382211748037,0.5930467666665034
Low-VAF CH only,9.5771987104458,0.5793302756688768,0.5653382211748037,0.5930467666665034
Low-VAF CH only,9.579936617452788,0.5793302756688768,0.5653382211748037,0.5930467666665034
Low-VAF CH only,9.582674524459776,0.5793302756688768,0.5653382211748037,0.5930467666665034
Low-VAF CH only,9.585412431466764,0.5793302756688768,0.5653382211748037,0.5930467666665034
Low-VAF CH only,9.593626152487731,0.5793302756688768,0.5653382211748037,0.5930467666665034
Low-VAF CH only,9.601839873508696,0.5793302756688768,0.5653382211748037,0.5930467666665034
Low-VAF CH only,9.604577780515685,0.5793302756688768,0.5653382211748037,0.5930467666665034
Low-VAF CH only,9.607315687522673,0.5793302756688768,0.5653382211748037,0.5930467666665034
Low-VAF CH only,9.61279150153665,0.5793302756688768,0.5653382211748037,0.5930467666665034
Low-VAF CH only,9.615529408543638,0.5793302756688768,0.5653382211748037,0.5930467666665034
Low-VAF CH only,9.618267315550627,0.5793302756688768,0.5653382211748037,0.5930467666665034
Low-VAF CH only,9.621005222557615,0.5793302756688768,0.5653382211748037,0.5930467666665034
Low-VAF CH only,9.626481036571592,0.5793302756688768,0.5653382211748037,0.5930467666665034
Low-VAF CH only,9.62921894357858,0.5793302756688768,0.5653382211748037,0.5930467666665034
Low-VAF CH only,9.631956850585569,0.5793302756688768,0.5653382211748037,0.5930467666665034
Low-VAF CH only,9.634694757592559,0.5793302756688768,0.5653382211748037,0.5930467666665034
Low-VAF CH only,9.637432664599547,0.5793302756688768,0.5653382211748037,0.5930467666665034
Low-VAF CH only,9.640170571606536,0.5793302756688768,0.5653382211748037,0.5930467666665034
Low-VAF CH only,9.642908478613524,0.5793302756688768,0.5653382211748037,0.5930467666665034
Low-VAF CH only,9.645646385620513,0.5793302756688768,0.5653382211748037,0.5930467666665034
Low-VAF CH only,9.648384292627501,0.5793302756688768,0.5653382211748037,0.5930467666665034
Low-VAF CH only,9.65112219963449,0.5793302756688768,0.5653382211748037,0.5930467666665034
Low-VAF CH only,9.653860106641478,0.5793302756688768,0.5653382211748037,0.5930467666665034
Low-VAF CH only,9.656598013648466,0.5793302756688768,0.5653382211748037,0.5930467666665034
Low-VAF CH only,9.659335920655455,0.5793302756688768,0.5653382211748037,0.5930467666665034
Low-VAF CH only,9.662073827662443,0.5793302756688768,0.5653382211748037,0.5930467666665034
Low-VAF CH only,9.664811734669431,0.5789516284298776,0.5649488347241832,0.5926789760030972
Low-VAF CH only,9.66754964167642,0.5789516284298776,0.5649488347241832,0.5926789760030972
Low-VAF CH only,9.670287548683408,0.5789516284298776,0.5649488347241832,0.5926789760030972
Low-VAF CH only,9.673025455690397,0.5789516284298776,0.5649488347241832,0.5926789760030972
Low-VAF CH only,9.675763362697387,0.5789516284298776,0.5649488347241832,0.5926789760030972
Low-VAF CH only,9.678501269704375,0.5789516284298776,0.5649488347241832,0.5926789760030972
Low-VAF CH only,9.681239176711363,0.5789516284298776,0.5649488347241832,0.5926789760030972
Low-VAF CH only,9.683977083718352,0.5789516284298776,0.5649488347241832,0.5926789760030972
Low-VAF CH only,9.68671499072534,0.5789516284298776,0.5649488347241832,0.5926789760030972
Low-VAF CH only,9.689452897732329,0.5785689769900694,0.564555144332625,0.5923074756945822
Low-VAF CH only,9.692190804739317,0.5785689769900694,0.564555144332625,0.5923074756945822
Low-VAF CH only,9.694928711746305,0.5785689769900694,0.564555144332625,0.5923074756945822
Low-VAF CH only,9.697666618753294,0.5781848010425328,0.5641598337340578,0.5919345458606707
Low-VAF CH only,9.700404525760282,0.5781848010425328,0.5641598337340578,0.5919345458606707
Low-VAF CH only,9.70314243276727,0.5781848010425328,0.5641598337340578,0.5919345458606707
Low-VAF CH only,9.705880339774259,0.5781848010425328,0.5641598337340578,0.5919345458606707
Low-VAF CH only,9.708618246781247,0.5781848010425328,0.5641598337340578,0.5919345458606707
Low-VAF CH only,9.711356153788236,0.5781848010425328,0.5641598337340578,0.5919345458606707
Low-VAF CH only,9.716831967802213,0.5781848010425328,0.5641598337340578,0.5919345458606707
Low-VAF CH only,9.719569874809203,0.5781848010425328,0.5641598337340578,0.5919345458606707
Low-VAF CH only,9.72504568882318,0.5781848010425328,0.5641598337340578,0.5919345458606707
Low-VAF CH only,9.730521502837156,0.5781848010425328,0.5641598337340578,0.5919345458606707
Low-VAF CH only,9.735997316851133,0.5781848010425328,0.5641598337340578,0.5919345458606707
Low-VAF CH only,9.738735223858122,0.5781848010425328,0.5641598337340578,0.5919345458606707
Low-VAF CH only,9.744211037872098,0.5781848010425328,0.5641598337340578,0.5919345458606707
Low-VAF CH only,9.746948944879087,0.5777936069958193,0.5637569470293895,0.591555145085868
Low-VAF CH only,9.752424758893063,0.5777936069958193,0.5637569470293895,0.591555145085868
Low-VAF CH only,9.755162665900052,0.5770096265249973,0.5629495460915902,0.5907947899755345
Low-VAF CH only,9.75790057290704,0.5770096265249973,0.5629495460915902,0.5907947899755345
Low-VAF CH only,9.760638479914029,0.5770096265249973,0.5629495460915902,0.5907947899755345
Low-VAF CH only,9.763376386921019,0.5770096265249973,0.5629495460915902,0.5907947899755345
Low-VAF CH only,9.766114293928007,0.5770096265249973,0.5629495460915902,0.5907947899755345
Low-VAF CH only,9.771590107941984,0.5766136007003405,0.5625415158921885,0.5904108667247157
Low-VAF CH only,9.774328014948972,0.5766136007003405,0.5625415158921885,0.5904108667247157
Low-VAF CH only,9.77706592195596,0.5762162102105401,0.562132038460213,0.5900256610940677
Low-VAF CH only,9.77980382896295,0.5762162102105401,0.562132038460213,0.5900256610940677
Low-VAF CH only,9.785279642976926,0.5762162102105401,0.562132038460213,0.5900256610940677
Low-VAF CH only,9.788017549983914,0.5762162102105401,0.562132038460213,0.5900256610940677
Low-VAF CH only,9.790755456990903,0.5762162102105401,0.562132038460213,0.5900256610940677
Low-VAF CH only,9.793493363997891,0.5762162102105401,0.562132038460213,0.5900256610940677
Low-VAF CH only,9.79623127100488,0.5762162102105401,0.562132038460213,0.5900256610940677
Low-VAF CH only,9.798969178011868,0.5762162102105401,0.562132038460213,0.5900256610940677
Low-VAF CH only,9.801707085018856,0.5762162102105401,0.562132038460213,0.5900256610940677
Low-VAF CH only,9.804444992025847,0.5762162102105401,0.562132038460213,0.5900256610940677
Low-VAF CH only,9.807182899032835,0.5762162102105401,0.562132038460213,0.5900256610940677
Low-VAF CH only,9.812658713046812,0.5762162102105401,0.562132038460213,0.5900256610940677
Low-VAF CH only,9.8153966200538,0.5762162102105401,0.562132038460213,0.5900256610940677
Low-VAF CH only,9.818134527060788,0.5762162102105401,0.562132038460213,0.5900256610940677
Low-VAF CH only,9.820872434067777,0.5762162102105401,0.562132038460213,0.5900256610940677
Low-VAF CH only,9.823610341074765,0.5762162102105401,0.562132038460213,0.5900256610940677
Low-VAF CH only,9.826348248081754,0.5762162102105401,0.562132038460213,0.5900256610940677
Low-VAF CH only,9.829086155088742,0.5758078358588672,0.5617106510241263,0.5896303786285082
Low-VAF CH only,9.83182406209573,0.5758078358588672,0.5617106510241263,0.5896303786285082
Low-VAF CH only,9.834561969102719,0.5758078358588672,0.5617106510241263,0.5896303786285082
Low-VAF CH only,9.837299876109707,0.5758078358588672,0.5617106510241263,0.5896303786285082
Low-VAF CH only,9.840037783116696,0.5758078358588672,0.5617106510241263,0.5896303786285082
Low-VAF CH only,9.842775690123684,0.5758078358588672,0.5617106510241263,0.5896303786285082
Low-VAF CH only,9.848251504137663,0.5758078358588672,0.5617106510241263,0.5896303786285082
Low-VAF CH only,9.850989411144651,0.5758078358588672,0.5617106510241263,0.5896303786285082
Low-VAF CH only,9.856465225158628,0.5758078358588672,0.5617106510241263,0.5896303786285082
Low-VAF CH only,9.861941039172605,0.5758078358588672,0.5617106510241263,0.5896303786285082
Low-VAF CH only,9.864678946179593,0.5758078358588672,0.5617106510241263,0.5896303786285082
Low-VAF CH only,9.867416853186581,0.5758078358588672,0.5617106510241263,0.5896303786285082
Low-VAF CH only,9.87015476019357,0.5758078358588672,0.5617106510241263,0.5896303786285082
Low-VAF CH only,9.872892667200558,0.5753926896181615,0.5612819223183596,0.589228882455358
Low-VAF CH only,9.875630574207547,0.5753926896181615,0.5612819223183596,0.589228882455358
Low-VAF CH only,9.878368481214535,0.5753926896181615,0.5612819223183596,0.589228882455358
Low-VAF CH only,9.881106388221523,0.5753926896181615,0.5612819223183596,0.589228882455358
Low-VAF CH only,9.883844295228512,0.5753926896181615,0.5612819223183596,0.589228882455358
Low-VAF CH only,9.8865822022355,0.5753926896181615,0.5612819223183596,0.589228882455358
Low-VAF CH only,9.88932010924249,0.5753926896181615,0.5612819223183596,0.589228882455358
Low-VAF CH only,9.892058016249479,0.5753926896181615,0.5612819223183596,0.589228882455358
Low-VAF CH only,9.894795923256467,0.5753926896181615,0.5612819223183596,0.589228882455358
Low-VAF CH only,9.897533830263455,0.5753926896181615,0.5612819223183596,0.589228882455358
Low-VAF CH only,9.900271737270444,0.5753926896181615,0.5612819223183596,0.589228882455358
Low-VAF CH only,9.90574755128442,0.5753926896181615,0.5612819223183596,0.589228882455358
Low-VAF CH only,9.908485458291409,0.5753926896181615,0.5612819223183596,0.589228882455358
Low-VAF CH only,9.911223365298397,0.5753926896181615,0.5612819223183596,0.589228882455358
Low-VAF CH only,9.916699179312374,0.5753926896181615,0.5612819223183596,0.589228882455358
Low-VAF CH only,9.919437086319363,0.5753926896181615,0.5612819223183596,0.589228882455358
Low-VAF CH only,9.922174993326351,0.5753926896181615,0.5612819223183596,0.589228882455358
Low-VAF CH only,9.92491290033334,0.5753926896181615,0.5612819223183596,0.589228882455358
Low-VAF CH only,9.927650807340328,0.5753926896181615,0.5612819223183596,0.589228882455358
Low-VAF CH only,9.930388714347316,0.5753926896181615,0.5612819223183596,0.589228882455358
Low-VAF CH only,9.933126621354306,0.5749632920885956,0.5608376639952704,0.5888143856130567
Low-VAF CH only,9.935864528361295,0.5749632920885956,0.5608376639952704,0.5888143856130567
Low-VAF CH only,9.938602435368283,0.5749632920885956,0.5608376639952704,0.5888143856130567
Low-VAF CH only,9.941340342375272,0.5749632920885956,0.5608376639952704,0.5888143856130567
Low-VAF CH only,9.94407824938226,0.5749632920885956,0.5608376639952704,0.5888143856130567
Low-VAF CH only,9.946816156389248,0.5749632920885956,0.5608376639952704,0.5888143856130567
Low-VAF CH only,9.949554063396237,0.5749632920885956,0.5608376639952704,0.5888143856130567
Low-VAF CH only,9.955029877410214,0.5749632920885956,0.5608376639952704,0.5888143856130567
Low-VAF CH only,9.957767784417202,0.5749632920885956,0.5608376639952704,0.5888143856130567
Low-VAF CH only,9.96050569142419,0.5749632920885956,0.5608376639952704,0.5888143856130567
Low-VAF CH only,9.968719412445155,0.5749632920885956,0.5608376639952704,0.5888143856130567
Low-VAF CH only,9.971457319452144,0.5745253916376524,0.5603841371989139,0.5883921354384891
Low-VAF CH only,9.974195226459132,0.5740871571665329,0.5599302951892431,0.5879695350613419
Low-VAF CH only,9.976933133466122,0.5740871571665329,0.5599302951892431,0.5879695350613419
Low-VAF CH only,9.97967104047311,0.5736472436361371,0.5594746627546616,0.5875453665506774
Low-VAF CH only,9.985146854487088,0.5736472436361371,0.5594746627546616,0.5875453665506774
Low-VAF CH only,9.987884761494076,0.5732056368281031,0.5590172244391397,0.5871196169261298
Low-VAF CH only,9.990622668501064,0.5732056368281031,0.5590172244391397,0.5871196169261298
Low-VAF CH only,9.996098482515041,0.5732056368281031,0.5590172244391397,0.5871196169261298
Low-VAF CH only,9.99883638952203,0.5727612913731976,0.558556832903745,0.5866913404145225
Low-VAF CH only,10.001574296529018,0.5727612913731976,0.558556832903745,0.5866913404145225
Low-VAF CH only,10.004312203536006,0.5727612913731976,0.558556832903745,0.5866913404145225
Low-VAF CH only,10.007050110542995,0.5723134717552357,0.558092679760322,0.5862598726911425
Low-VAF CH only,10.009788017549983,0.5723134717552357,0.558092679760322,0.5862598726911425
Low-VAF CH only,10.012525924556972,0.5723134717552357,0.558092679760322,0.5862598726911425
Low-VAF CH only,10.020739645577939,0.5723134717552357,0.558092679760322,0.5862598726911425
Low-VAF CH only,10.023477552584927,0.5723134717552357,0.558092679760322,0.5862598726911425
Low-VAF CH only,10.026215459591915,0.5723134717552357,0.558092679760322,0.5862598726911425
Low-VAF CH only,10.031691273605892,0.5723134717552357,0.558092679760322,0.5862598726911425
Low-VAF CH only,10.037167087619869,0.5723134717552357,0.558092679760322,0.5862598726911425
Low-VAF CH only,10.039904994626857,0.5723134717552357,0.558092679760322,0.5862598726911425
Low-VAF CH only,10.042642901633846,0.5723134717552357,0.558092679760322,0.5862598726911425
Low-VAF CH only,10.048118715647822,0.5723134717552357,0.558092679760322,0.5862598726911425
Low-VAF CH only,10.05085662265481,0.5723134717552357,0.558092679760322,0.5862598726911425
Low-VAF CH only,10.056332436668788,0.5723134717552357,0.558092679760322,0.5862598726911425
Low-VAF CH only,10.059070343675776,0.5723134717552357,0.558092679760322,0.5862598726911425
Low-VAF CH only,10.061808250682766,0.5723134717552357,0.558092679760322,0.5862598726911425
Low-VAF CH only,10.064546157689755,0.5723134717552357,0.558092679760322,0.5862598726911425
Low-VAF CH only,10.067284064696743,0.5723134717552357,0.558092679760322,0.5862598726911425
Low-VAF CH only,10.070021971703731,0.5723134717552357,0.558092679760322,0.5862598726911425
Low-VAF CH only,10.07275987871072,0.5723134717552357,0.558092679760322,0.5862598726911425
Low-VAF CH only,10.075497785717708,0.5718511830058373,0.5576126596796889,0.5858153026459887
Low-VAF CH only,10.080973599731685,0.5718511830058373,0.5576126596796889,0.5858153026459887
Low-VAF CH only,10.083711506738673,0.5718511830058373,0.5576126596796889,0.5858153026459887
Low-VAF CH only,10.086449413745662,0.5713851266219695,0.5571285471535091,0.5853672845518361
Low-VAF CH only,10.08918732075265,0.5713851266219695,0.5571285471535091,0.5853672845518361
Low-VAF CH only,10.091925227759639,0.5713851266219695,0.5571285471535091,0.5853672845518361
Low-VAF CH only,10.094663134766627,0.5713851266219695,0.5571285471535091,0.5853672845518361
Low-VAF CH only,10.097401041773615,0.5713851266219695,0.5571285471535091,0.5853672845518361
Low-VAF CH only,10.100138948780604,0.5713851266219695,0.5571285471535091,0.5853672845518361
Low-VAF CH only,10.102876855787594,0.5713851266219695,0.5571285471535091,0.5853672845518361
Low-VAF CH only,10.105614762794582,0.5713851266219695,0.5571285471535091,0.5853672845518361
Low-VAF CH only,10.10835266980157,0.5709121256893355,0.5566368320676217,0.5849129666627642
Low-VAF CH only,10.113828483815547,0.5709121256893355,0.5566368320676217,0.5849129666627642
Low-VAF CH only,10.116566390822536,0.5704375520187708,0.5561434468304053,0.5844571738906403
Low-VAF CH only,10.119304297829524,0.5704375520187708,0.5561434468304053,0.5844571738906403
Low-VAF CH only,10.122042204836513,0.5704375520187708,0.5561434468304053,0.5844571738906403
Low-VAF CH only,10.124780111843501,0.5704375520187708,0.5561434468304053,0.5844571738906403
Low-VAF CH only,10.12751801885049,0.5704375520187708,0.5561434468304053,0.5844571738906403
Low-VAF CH only,10.135731739871455,0.5704375520187708,0.5561434468304053,0.5844571738906403
Low-VAF CH only,10.138469646878443,0.5704375520187708,0.5561434468304053,0.5844571738906403
Low-VAF CH only,10.141207553885431,0.5704375520187708,0.5561434468304053,0.5844571738906403
Low-VAF CH only,10.149421274906398,0.5699545396969936,0.555640796257482,0.5839937518561306
Low-VAF CH only,10.152159181913387,0.5699545396969936,0.555640796257482,0.5839937518561306
Low-VAF CH only,10.154897088920375,0.5699545396969936,0.555640796257482,0.5839937518561306
Low-VAF CH only,10.157634995927364,0.5699545396969936,0.555640796257482,0.5839937518561306
Low-VAF CH only,10.16311080994134,0.5699545396969936,0.555640796257482,0.5839937518561306
Low-VAF CH only,10.165848716948329,0.569467399064774,0.5551336463429953,0.583526566463338
Low-VAF CH only,10.168586623955317,0.569467399064774,0.5551336463429953,0.583526566463338
Low-VAF CH only,10.174062437969294,0.569467399064774,0.5551336463429953,0.583526566463338
Low-VAF CH only,10.176800344976282,0.569467399064774,0.5551336463429953,0.583526566463338
Low-VAF CH only,10.17953825198327,0.569467399064774,0.5551336463429953,0.583526566463338
Low-VAF CH only,10.182276158990259,0.569467399064774,0.5551336463429953,0.583526566463338
Low-VAF CH only,10.187751973004236,0.569467399064774,0.5551336463429953,0.583526566463338
Low-VAF CH only,10.193227787018214,0.569467399064774,0.5551336463429953,0.583526566463338
Low-VAF CH only,10.198703601032191,0.569467399064774,0.5551336463429953,0.583526566463338
Low-VAF CH only,10.20144150803918,0.569467399064774,0.5551336463429953,0.583526566463338
Low-VAF CH only,10.206917322053156,0.569467399064774,0.5551336463429953,0.583526566463338
Low-VAF CH only,10.209655229060145,0.569467399064774,0.5551336463429953,0.583526566463338
Low-VAF CH only,10.215131043074122,0.569467399064774,0.5551336463429953,0.583526566463338
Low-VAF CH only,10.21786895008111,0.569467399064774,0.5551336463429953,0.583526566463338
Low-VAF CH only,10.220606857088098,0.569467399064774,0.5551336463429953,0.583526566463338
Low-VAF CH only,10.223344764095087,0.569467399064774,0.5551336463429953,0.583526566463338
Low-VAF CH only,10.228820578109064,0.569467399064774,0.5551336463429953,0.583526566463338
Low-VAF CH only,10.231558485116054,0.569467399064774,0.5551336463429953,0.583526566463338
Low-VAF CH only,10.234296392123042,0.569467399064774,0.5551336463429953,0.583526566463338
Low-VAF CH only,10.23703429913003,0.5689647800011687,0.5546093910286701,0.5830454925014128
Low-VAF CH only,10.239772206137019,0.5689647800011687,0.5546093910286701,0.5830454925014128
Low-VAF CH only,10.242510113144007,0.5689647800011687,0.5546093910286701,0.5830454925014128
Low-VAF CH only,10.245248020150996,0.5689647800011687,0.5546093910286701,0.5830454925014128
Low-VAF CH only,10.247985927157984,0.5689647800011687,0.5546093910286701,0.5830454925014128
Low-VAF CH only,10.250723834164972,0.5689647800011687,0.5546093910286701,0.5830454925014128
Low-VAF CH only,10.25346174117196,0.5689647800011687,0.5546093910286701,0.5830454925014128
Low-VAF CH only,10.258937555185938,0.5689647800011687,0.5546093910286701,0.5830454925014128
Low-VAF CH only,10.261675462192926,0.5684563217527315,0.5540787236887442,0.5825591413126819
Low-VAF CH only,10.264413369199914,0.5684563217527315,0.5540787236887442,0.5825591413126819
Low-VAF CH only,10.269889183213891,0.5684563217527315,0.5540787236887442,0.5825591413126819
Low-VAF CH only,10.27262709022088,0.5684563217527315,0.5540787236887442,0.5825591413126819
Low-VAF CH only,10.27536499722787,0.5684563217527315,0.5540787236887442,0.5825591413126819
Low-VAF CH only,10.278102904234858,0.5684563217527315,0.5540787236887442,0.5825591413126819
Low-VAF CH only,10.280840811241847,0.5684563217527315,0.5540787236887442,0.5825591413126819
Low-VAF CH only,10.283578718248835,0.5679423467782715,0.5535419996865757,0.5820678033578056
Low-VAF CH only,10.286316625255823,0.5679423467782715,0.5535419996865757,0.5820678033578056
Low-VAF CH only,10.289054532262812,0.5679423467782715,0.5535419996865757,0.5820678033578056
Low-VAF CH only,10.2917924392698,0.5679423467782715,0.5535419996865757,0.5820678033578056
Low-VAF CH only,10.294530346276789,0.5679423467782715,0.5535419996865757,0.5820678033578056
Low-VAF CH only,10.297268253283777,0.5674227288946683,0.552999074981606,0.5815713699483795
Low-VAF CH only,10.305481974304742,0.5674227288946683,0.552999074981606,0.5815713699483795
Low-VAF CH only,10.30821988131173,0.5674227288946683,0.552999074981606,0.5815713699483795
Low-VAF CH only,10.313695695325707,0.5674227288946683,0.552999074981606,0.5815713699483795
Low-VAF CH only,10.316433602332697,0.5674227288946683,0.552999074981606,0.5815713699483795
Low-VAF CH only,10.321909416346674,0.5674227288946683,0.552999074981606,0.5815713699483795
Low-VAF CH only,10.324647323353663,0.5674227288946683,0.552999074981606,0.5815713699483795
Low-VAF CH only,10.327385230360651,0.5674227288946683,0.552999074981606,0.5815713699483795
Low-VAF CH only,10.33012313736764,0.5674227288946683,0.552999074981606,0.5815713699483795
Low-VAF CH only,10.332861044374628,0.5674227288946683,0.552999074981606,0.5815713699483795
Low-VAF CH only,10.335598951381616,0.5674227288946683,0.552999074981606,0.5815713699483795
Low-VAF CH only,10.338336858388605,0.5674227288946683,0.552999074981606,0.5815713699483795
Low-VAF CH only,10.341074765395593,0.5674227288946683,0.552999074981606,0.5815713699483795
Low-VAF CH only,10.343812672402581,0.5674227288946683,0.552999074981606,0.5815713699483795
Low-VAF CH only,10.34655057940957,0.5674227288946683,0.552999074981606,0.5815713699483795
Low-VAF CH only,10.349288486416558,0.5674227288946683,0.552999074981606,0.5815713699483795
Low-VAF CH only,10.357502207437523,0.5674227288946683,0.552999074981606,0.5815713699483795
Low-VAF CH only,10.360240114444514,0.5674227288946683,0.552999074981606,0.5815713699483795
Low-VAF CH only,10.362978021451502,0.5674227288946683,0.552999074981606,0.5815713699483795
Low-VAF CH only,10.36571592845849,0.5674227288946683,0.552999074981606,0.5815713699483795
Low-VAF CH only,10.368453835465479,0.5674227288946683,0.552999074981606,0.5815713699483795
Low-VAF CH only,10.371191742472467,0.5674227288946683,0.552999074981606,0.5815713699483795
Low-VAF CH only,10.373929649479456,0.5668807778642053,0.5524312636517072,0.5810550958192547
Low-VAF CH only,10.376667556486444,0.5668807778642053,0.5524312636517072,0.5810550958192547
Low-VAF CH only,10.379405463493432,0.5668807778642053,0.5524312636517072,0.5810550958192547
Low-VAF CH only,10.38214337050042,0.5668807778642053,0.5524312636517072,0.5810550958192547
Low-VAF CH only,10.384881277507409,0.5668807778642053,0.5524312636517072,0.5810550958192547
Low-VAF CH only,10.387619184514397,0.5663335956461897,0.551857695050925,0.5805341073881194
Low-VAF CH only,10.390357091521386,0.5663335956461897,0.551857695050925,0.5805341073881194
Low-VAF CH only,10.393094998528374,0.5657848227821914,0.5512824567262116,0.5800116097926624
Low-VAF CH only,10.395832905535363,0.5657848227821914,0.5512824567262116,0.5800116097926624
Low-VAF CH only,10.398570812542351,0.5657848227821914,0.5512824567262116,0.5800116097926624
Low-VAF CH only,10.40130871954934,0.5657848227821914,0.5512824567262116,0.5800116097926624
Low-VAF CH only,10.40404662655633,0.5657848227821914,0.5512824567262116,0.5800116097926624
Low-VAF CH only,10.406784533563318,0.5657848227821914,0.5512824567262116,0.5800116097926624
Low-VAF CH only,10.409522440570306,0.5657848227821914,0.5512824567262116,0.5800116097926624
Low-VAF CH only,10.412260347577295,0.5657848227821914,0.5512824567262116,0.5800116097926624
Low-VAF CH only,10.425949882612237,0.5652290420132502,0.5506994623815512,0.5794828376871761
Low-VAF CH only,10.428687789619225,0.5652290420132502,0.5506994623815512,0.5794828376871761
Low-VAF CH only,10.431425696626214,0.5652290420132502,0.5506994623815512,0.5794828376871761
Low-VAF CH only,10.439639417647179,0.5652290420132502,0.5506994623815512,0.5794828376871761
Low-VAF CH only,10.442377324654167,0.5652290420132502,0.5506994623815512,0.5794828376871761
Low-VAF CH only,10.445115231661157,0.5652290420132502,0.5506994623815512,0.5794828376871761
Low-VAF CH only,10.447853138668146,0.5652290420132502,0.5506994623815512,0.5794828376871761
Low-VAF CH only,10.45606685968911,0.5652290420132502,0.5506994623815512,0.5794828376871761
Low-VAF CH only,10.4588047666961,0.5652290420132502,0.5506994623815512,0.5794828376871761
Low-VAF CH only,10.461542673703088,0.5652290420132502,0.5506994623815512,0.5794828376871761
Low-VAF CH only,10.464280580710076,0.5652290420132502,0.5506994623815512,0.5794828376871761
Low-VAF CH only,10.467018487717064,0.5652290420132502,0.5506994623815512,0.5794828376871761
Low-VAF CH only,10.472494301731041,0.5652290420132502,0.5506994623815512,0.5794828376871761
Low-VAF CH only,10.477970115745018,0.5652290420132502,0.5506994623815512,0.5794828376871761
Low-VAF CH only,10.486183836765983,0.5652290420132502,0.5506994623815512,0.5794828376871761
Low-VAF CH only,10.491659650779962,0.5652290420132502,0.5506994623815512,0.5794828376871761
Low-VAF CH only,10.49439755778695,0.5652290420132502,0.5506994623815512,0.5794828376871761
Low-VAF CH only,10.499873371800927,0.5652290420132502,0.5506994623815512,0.5794828376871761
Low-VAF CH only,10.502611278807915,0.5652290420132502,0.5506994623815512,0.5794828376871761
Low-VAF CH only,10.505349185814904,0.5652290420132502,0.5506994623815512,0.5794828376871761
Low-VAF CH only,10.508087092821892,0.5652290420132502,0.5506994623815512,0.5794828376871761
Low-VAF CH only,10.513562906835869,0.5652290420132502,0.5506994623815512,0.5794828376871761
Low-VAF CH only,10.519038720849846,0.5652290420132502,0.5506994623815512,0.5794828376871761
Low-VAF CH only,10.521776627856834,0.5652290420132502,0.5506994623815512,0.5794828376871761
Low-VAF CH only,10.524514534863822,0.5652290420132502,0.5506994623815512,0.5794828376871761
Low-VAF CH only,10.52725244187081,0.5652290420132502,0.5506994623815512,0.5794828376871761
Low-VAF CH only,10.529990348877801,0.5652290420132502,0.5506994623815512,0.5794828376871761
Low-VAF CH only,10.535466162891778,0.5652290420132502,0.5506994623815512,0.5794828376871761
Low-VAF CH only,10.538204069898766,0.5652290420132502,0.5506994623815512,0.5794828376871761
Low-VAF CH only,10.543679883912743,0.5652290420132502,0.5506994623815512,0.5794828376871761
Low-VAF CH only,10.546417790919731,0.5652290420132502,0.5506994623815512,0.5794828376871761
Low-VAF CH only,10.54915569792672,0.5652290420132502,0.5506994623815512,0.5794828376871761
Low-VAF CH only,10.551893604933708,0.5652290420132502,0.5506994623815512,0.5794828376871761
Low-VAF CH only,10.557369418947685,0.5652290420132502,0.5506994623815512,0.5794828376871761
Low-VAF CH only,10.562845232961662,0.5652290420132502,0.5506994623815512,0.5794828376871761
Low-VAF CH only,10.56558313996865,0.5652290420132502,0.5506994623815512,0.5794828376871761
Low-VAF CH only,10.571058953982627,0.5652290420132502,0.5506994623815512,0.5794828376871761
Low-VAF CH only,10.573796860989617,0.5652290420132502,0.5506994623815512,0.5794828376871761
Low-VAF CH only,10.576534767996606,0.5652290420132502,0.5506994623815512,0.5794828376871761
Low-VAF CH only,10.579272675003594,0.5652290420132502,0.5506994623815512,0.5794828376871761
Low-VAF CH only,10.582010582010582,0.5652290420132502,0.5506994623815512,0.5794828376871761
Low-VAF CH only,10.587486396024559,0.5652290420132502,0.5506994623815512,0.5794828376871761
Low-VAF CH only,10.590224303031547,0.5652290420132502,0.5506994623815512,0.5794828376871761
Low-VAF CH only,10.592962210038536,0.5640251462901122,0.5494295283152912,0.578344281444996
Low-VAF CH only,10.595700117045524,0.5640251462901122,0.5494295283152912,0.578344281444996
Low-VAF CH only,10.598438024052513,0.5640251462901122,0.5494295283152912,0.578344281444996
Low-VAF CH only,10.60391383806649,0.5640251462901122,0.5494295283152912,0.578344281444996
Low-VAF CH only,10.609389652080466,0.5640251462901122,0.5494295283152912,0.578344281444996
Low-VAF CH only,10.612127559087455,0.5634180148086374,0.548788920442959,0.5777702736193939
Low-VAF CH only,10.614865466094443,0.5634180148086374,0.548788920442959,0.5777702736193939
Low-VAF CH only,10.620341280108422,0.5634180148086374,0.548788920442959,0.5777702736193939
Low-VAF CH only,10.62307918711541,0.5634180148086374,0.548788920442959,0.5777702736193939
Low-VAF CH only,10.625817094122398,0.5634180148086374,0.548788920442959,0.5777702736193939
Low-VAF CH only,10.628555001129387,0.5628069323630749,0.5481439905890073,0.5771926820454222
Low-VAF CH only,10.631292908136375,0.5628069323630749,0.5481439905890073,0.5771926820454222
Low-VAF CH only,10.634030815143364,0.5628069323630749,0.5481439905890073,0.5771926820454222
Low-VAF CH only,10.636768722150352,0.5628069323630749,0.5481439905890073,0.5771926820454222
Low-VAF CH only,10.63950662915734,0.5628069323630749,0.5481439905890073,0.5771926820454222
Low-VAF CH only,10.642244536164329,0.5628069323630749,0.5481439905890073,0.5771926820454222
Low-VAF CH only,10.644982443171317,0.5628069323630749,0.5481439905890073,0.5771926820454222
Low-VAF CH only,10.647720350178306,0.5628069323630749,0.5481439905890073,0.5771926820454222
Low-VAF CH only,10.650458257185294,0.5628069323630749,0.5481439905890073,0.5771926820454222
Low-VAF CH only,10.65593407119927,0.5628069323630749,0.5481439905890073,0.5771926820454222
Low-VAF CH only,10.658671978206261,0.5628069323630749,0.5481439905890073,0.5771926820454222
Low-VAF CH only,10.66140988521325,0.5628069323630749,0.5481439905890073,0.5771926820454222
Low-VAF CH only,10.664147792220238,0.5628069323630749,0.5481439905890073,0.5771926820454222
Low-VAF CH only,10.666885699227226,0.5628069323630749,0.5481439905890073,0.5771926820454222
Low-VAF CH only,10.669623606234214,0.5628069323630749,0.5481439905890073,0.5771926820454222
Low-VAF CH only,10.672361513241203,0.5628069323630749,0.5481439905890073,0.5771926820454222
Low-VAF CH only,10.67783732725518,0.5628069323630749,0.5481439905890073,0.5771926820454222
Low-VAF CH only,10.680575234262168,0.5621745650233411,0.5474749727982656,0.5765965399488681
Low-VAF CH only,10.683313141269156,0.5621745650233411,0.5474749727982656,0.5765965399488681
Low-VAF CH only,10.686051048276145,0.5621745650233411,0.5474749727982656,0.5765965399488681
Low-VAF CH only,10.691526862290122,0.5621745650233411,0.5474749727982656,0.5765965399488681
Low-VAF CH only,10.69426476929711,0.5621745650233411,0.5474749727982656,0.5765965399488681
Low-VAF CH only,10.697002676304098,0.5621745650233411,0.5474749727982656,0.5765965399488681
Low-VAF CH only,10.699740583311087,0.5621745650233411,0.5474749727982656,0.5765965399488681
Low-VAF CH only,10.702478490318077,0.5621745650233411,0.5474749727982656,0.5765965399488681
Low-VAF CH only,10.705216397325065,0.5621745650233411,0.5474749727982656,0.5765965399488681
Low-VAF CH only,10.707954304332054,0.5621745650233411,0.5474749727982656,0.5765965399488681
Low-VAF CH only,10.710692211339042,0.5621745650233411,0.5474749727982656,0.5765965399488681
Low-VAF CH only,10.71343011834603,0.5621745650233411,0.5474749727982656,0.5765965399488681
Low-VAF CH only,10.716168025353019,0.5621745650233411,0.5474749727982656,0.5765965399488681
Low-VAF CH only,10.718905932360007,0.5621745650233411,0.5474749727982656,0.5765965399488681
Low-VAF CH only,10.721643839366996,0.5621745650233411,0.5474749727982656,0.5765965399488681
Low-VAF CH only,10.727119653380973,0.5621745650233411,0.5474749727982656,0.5765965399488681
Low-VAF CH only,10.729857560387961,0.5621745650233411,0.5474749727982656,0.5765965399488681
Low-VAF CH only,10.735333374401938,0.5621745650233411,0.5474749727982656,0.5765965399488681
Low-VAF CH only,10.738071281408926,0.5621745650233411,0.5474749727982656,0.5765965399488681
Low-VAF CH only,10.740809188415914,0.5621745650233411,0.5474749727982656,0.5765965399488681
Low-VAF CH only,10.743547095422905,0.5621745650233411,0.5474749727982656,0.5765965399488681
Low-VAF CH only,10.746285002429893,0.5621745650233411,0.5474749727982656,0.5765965399488681
Low-VAF CH only,10.749022909436881,0.5621745650233411,0.5474749727982656,0.5765965399488681
Low-VAF CH only,10.754498723450858,0.5614980613349857,0.5467554832367264,0.5759624312976025
Low-VAF CH only,10.757236630457847,0.5614980613349857,0.5467554832367264,0.5759624312976025
Low-VAF CH only,10.759974537464835,0.5614980613349857,0.5467554832367264,0.5759624312976025
Low-VAF CH only,10.762712444471823,0.5614980613349857,0.5467554832367264,0.5759624312976025
Low-VAF CH only,10.765450351478812,0.5614980613349857,0.5467554832367264,0.5759624312976025
Low-VAF CH only,10.7681882584858,0.5614980613349857,0.5467554832367264,0.5759624312976025
Low-VAF CH only,10.770926165492789,0.5614980613349857,0.5467554832367264,0.5759624312976025
Low-VAF CH only,10.773664072499777,0.5614980613349857,0.5467554832367264,0.5759624312976025
Low-VAF CH only,10.776401979506765,0.5614980613349857,0.5467554832367264,0.5759624312976025
Low-VAF CH only,10.779139886513754,0.5614980613349857,0.5467554832367264,0.5759624312976025
Low-VAF CH only,10.781877793520742,0.5614980613349857,0.5467554832367264,0.5759624312976025
Low-VAF CH only,10.78735360753472,0.5614980613349857,0.5467554832367264,0.5759624312976025
Low-VAF CH only,10.792829421548698,0.5614980613349857,0.5467554832367264,0.5759624312976025
Low-VAF CH only,10.798305235562674,0.5614980613349857,0.5467554832367264,0.5759624312976025
Low-VAF CH only,10.811994770597616,0.5614980613349857,0.5467554832367264,0.5759624312976025
Low-VAF CH only,10.817470584611593,0.5614980613349857,0.5467554832367264,0.5759624312976025
Low-VAF CH only,10.820208491618581,0.5607944296791775,0.5460048673595699,0.5753050904249578
Low-VAF CH only,10.82294639862557,0.5600881394654758,0.5452514638015546,0.5746452256876414
Low-VAF CH only,10.825684305632558,0.5600881394654758,0.5452514638015546,0.5746452256876414
Low-VAF CH only,10.828422212639547,0.5600881394654758,0.5452514638015546,0.5746452256876414
Low-VAF CH only,10.831160119646537,0.5600881394654758,0.5452514638015546,0.5746452256876414
Low-VAF CH only,10.833898026653525,0.5600881394654758,0.5452514638015546,0.5746452256876414
Low-VAF CH only,10.836635933660514,0.5593700777482123,0.5444846890045796,0.5739751539384972
Low-VAF CH only,10.839373840667502,0.5593700777482123,0.5444846890045796,0.5739751539384972
Low-VAF CH only,10.84211174767449,0.5593700777482123,0.5444846890045796,0.5739751539384972
Low-VAF CH only,10.844849654681479,0.5593700777482123,0.5444846890045796,0.5739751539384972
Low-VAF CH only,10.847587561688467,0.5593700777482123,0.5444846890045796,0.5739751539384972
Low-VAF CH only,10.850325468695456,0.5593700777482123,0.5444846890045796,0.5739751539384972
Low-VAF CH only,10.853063375702444,0.5593700777482123,0.5444846890045796,0.5739751539384972
Low-VAF CH only,10.855801282709432,0.5593700777482123,0.5444846890045796,0.5739751539384972
Low-VAF CH only,10.85853918971642,0.5593700777482123,0.5444846890045796,0.5739751539384972
Low-VAF CH only,10.86127709672341,0.5593700777482123,0.5444846890045796,0.5739751539384972
Low-VAF CH only,10.864015003730398,0.5593700777482123,0.5444846890045796,0.5739751539384972
Low-VAF CH only,10.869490817744374,0.5593700777482123,0.5444846890045796,0.5739751539384972
Low-VAF CH only,10.872228724751364,0.5593700777482123,0.5444846890045796,0.5739751539384972
Low-VAF CH only,10.88044244577233,0.5593700777482123,0.5444846890045796,0.5739751539384972
Low-VAF CH only,10.885918259786306,0.5593700777482123,0.5444846890045796,0.5739751539384972
Low-VAF CH only,10.888656166793295,0.5593700777482123,0.5444846890045796,0.5739751539384972
Low-VAF CH only,10.891394073800283,0.5593700777482123,0.5444846890045796,0.5739751539384972
Low-VAF CH only,10.894131980807272,0.5593700777482123,0.5444846890045796,0.5739751539384972
Low-VAF CH only,10.89686988781426,0.5593700777482123,0.5444846890045796,0.5739751539384972
Low-VAF CH only,10.899607794821248,0.5593700777482123,0.5444846890045796,0.5739751539384972
Low-VAF CH only,10.902345701828237,0.5593700777482123,0.5444846890045796,0.5739751539384972
Low-VAF CH only,10.905083608835225,0.5593700777482123,0.5444846890045796,0.5739751539384972
Low-VAF CH only,10.907821515842214,0.5593700777482123,0.5444846890045796,0.5739751539384972
Low-VAF CH only,10.910559422849202,0.5593700777482123,0.5444846890045796,0.5739751539384972
Low-VAF CH only,10.91329732985619,0.5593700777482123,0.5444846890045796,0.5739751539384972
Low-VAF CH only,10.91603523686318,0.5593700777482123,0.5444846890045796,0.5739751539384972
Low-VAF CH only,10.918773143870169,0.5593700777482123,0.5444846890045796,0.5739751539384972
Low-VAF CH only,10.924248957884146,0.5593700777482123,0.5444846890045796,0.5739751539384972
Low-VAF CH only,10.926986864891134,0.5593700777482123,0.5444846890045796,0.5739751539384972
Low-VAF CH only,10.929724771898123,0.5593700777482123,0.5444846890045796,0.5739751539384972
Low-VAF CH only,10.932462678905111,0.5593700777482123,0.5444846890045796,0.5739751539384972
Low-VAF CH only,10.9352005859121,0.5585844456165435,0.5436391147269855,0.5732484327907466
Low-VAF CH only,10.937938492919088,0.5585844456165435,0.5436391147269855,0.5732484327907466
Low-VAF CH only,10.943414306933064,0.5585844456165435,0.5436391147269855,0.5732484327907466
Low-VAF CH only,10.946152213940053,0.5585844456165435,0.5436391147269855,0.5732484327907466
Low-VAF CH only,10.948890120947041,0.5585844456165435,0.5436391147269855,0.5732484327907466
Low-VAF CH only,10.95162802795403,0.5585844456165435,0.5436391147269855,0.5732484327907466
Low-VAF CH only,10.954365934961018,0.5585844456165435,0.5436391147269855,0.5732484327907466
Low-VAF CH only,10.957103841968008,0.5585844456165435,0.5436391147269855,0.5732484327907466
Low-VAF CH only,10.959841748974997,0.5585844456165435,0.5436391147269855,0.5732484327907466
Low-VAF CH only,10.962579655981985,0.5585844456165435,0.5436391147269855,0.5732484327907466
Low-VAF CH only,10.965317562988973,0.5585844456165435,0.5436391147269855,0.5732484327907466
Low-VAF CH only,10.968055469995962,0.5585844456165435,0.5436391147269855,0.5732484327907466
Low-VAF CH only,10.976269191016927,0.5585844456165435,0.5436391147269855,0.5732484327907466
Low-VAF CH only,10.979007098023915,0.5577654068399797,0.542754464777327,0.5724938228529463
Low-VAF CH only,10.981745005030904,0.5569451635946268,0.5418689051797696,0.5717377358462162
Low-VAF CH only,10.984482912037892,0.5569451635946268,0.5418689051797696,0.5717377358462162
Low-VAF CH only,10.989958726051869,0.5561188354587296,0.5409766429018165,0.5709761777575474
Low-VAF CH only,10.992696633058857,0.5561188354587296,0.5409766429018165,0.5709761777575474
Low-VAF CH only,10.995434540065846,0.5561188354587296,0.5409766429018165,0.5709761777575474
Low-VAF CH only,11.000910354079824,0.5561188354587296,0.5409766429018165,0.5709761777575474
Low-VAF CH only,11.003648261086813,0.5561188354587296,0.5409766429018165,0.5709761777575474
Low-VAF CH only,11.00912407510079,0.5561188354587296,0.5409766429018165,0.5709761777575474
Low-VAF CH only,11.014599889114766,0.5561188354587296,0.5409766429018165,0.5709761777575474
Low-VAF CH only,11.017337796121755,0.5561188354587296,0.5409766429018165,0.5709761777575474
Low-VAF CH only,11.020075703128743,0.5561188354587296,0.5409766429018165,0.5709761777575474
Low-VAF CH only,11.022813610135731,0.5561188354587296,0.5409766429018165,0.5709761777575474
Low-VAF CH only,11.02555151714272,0.5561188354587296,0.5409766429018165,0.5709761777575474
Low-VAF CH only,11.028289424149708,0.5561188354587296,0.5409766429018165,0.5709761777575474
Low-VAF CH only,11.031027331156697,0.5561188354587296,0.5409766429018165,0.5709761777575474
Low-VAF CH only,11.033765238163685,0.5561188354587296,0.5409766429018165,0.5709761777575474
Low-VAF CH only,11.036503145170673,0.5561188354587296,0.5409766429018165,0.5709761777575474
Low-VAF CH only,11.039241052177662,0.5561188354587296,0.5409766429018165,0.5709761777575474
Low-VAF CH only,11.04197895918465,0.5561188354587296,0.5409766429018165,0.5709761777575474
Low-VAF CH only,11.047454773198629,0.5561188354587296,0.5409766429018165,0.5709761777575474
Low-VAF CH only,11.050192680205617,0.5561188354587296,0.5409766429018165,0.5709761777575474
Low-VAF CH only,11.052930587212606,0.5561188354587296,0.5409766429018165,0.5709761777575474
Low-VAF CH only,11.058406401226582,0.5561188354587296,0.5409766429018165,0.5709761777575474
Low-VAF CH only,11.06114430823357,0.5552375060839931,0.5400192872879787,0.5701694312771459
Low-VAF CH only,11.06388221524056,0.5552375060839931,0.5400192872879787,0.5701694312771459
Low-VAF CH only,11.066620122247548,0.5552375060839931,0.5400192872879787,0.5701694312771459
Low-VAF CH only,11.069358029254536,0.5552375060839931,0.5400192872879787,0.5701694312771459
Low-VAF CH only,11.072095936261524,0.5552375060839931,0.5400192872879787,0.5701694312771459
Low-VAF CH only,11.077571750275501,0.5552375060839931,0.5400192872879787,0.5701694312771459
Low-VAF CH only,11.08030965728249,0.5552375060839931,0.5400192872879787,0.5701694312771459
Low-VAF CH only,11.083047564289478,0.5552375060839931,0.5400192872879787,0.5701694312771459
Low-VAF CH only,11.088523378303456,0.5552375060839931,0.5400192872879787,0.5701694312771459
Low-VAF CH only,11.091261285310445,0.5552375060839931,0.5400192872879787,0.5701694312771459
Low-VAF CH only,11.093999192317433,0.5552375060839931,0.5400192872879787,0.5701694312771459
Low-VAF CH only,11.09947500633141,0.5552375060839931,0.5400192872879787,0.5701694312771459
Low-VAF CH only,11.102212913338398,0.5552375060839931,0.5400192872879787,0.5701694312771459
Low-VAF CH only,11.104950820345387,0.5552375060839931,0.5400192872879787,0.5701694312771459
Low-VAF CH only,11.110426634359364,0.5552375060839931,0.5400192872879787,0.5701694312771459
Low-VAF CH only,11.11590244837334,0.5552375060839931,0.5400192872879787,0.5701694312771459
Low-VAF CH only,11.124116169394306,0.5552375060839931,0.5400192872879787,0.5701694312771459
Low-VAF CH only,11.126854076401294,0.5552375060839931,0.5400192872879787,0.5701694312771459
Low-VAF CH only,11.129591983408284,0.554305899530161,0.5390020086981324,0.5693217854904973
Low-VAF CH only,11.132329890415273,0.554305899530161,0.5390020086981324,0.5693217854904973
Low-VAF CH only,11.135067797422261,0.554305899530161,0.5390020086981324,0.5693217854904973
Low-VAF CH only,11.13780570442925,0.554305899530161,0.5390020086981324,0.5693217854904973
Low-VAF CH only,11.140543611436238,0.554305899530161,0.5390020086981324,0.5693217854904973
Low-VAF CH only,11.146019425450215,0.554305899530161,0.5390020086981324,0.5693217854904973
Low-VAF CH only,11.148757332457203,0.554305899530161,0.5390020086981324,0.5693217854904973
Low-VAF CH only,11.15423314647118,0.554305899530161,0.5390020086981324,0.5693217854904973
Low-VAF CH only,11.159708960485156,0.554305899530161,0.5390020086981324,0.5693217854904973
Low-VAF CH only,11.162446867492145,0.554305899530161,0.5390020086981324,0.5693217854904973
Low-VAF CH only,11.165184774499133,0.554305899530161,0.5390020086981324,0.5693217854904973
Low-VAF CH only,11.167922681506122,0.554305899530161,0.5390020086981324,0.5693217854904973
Low-VAF CH only,11.17066058851311,0.554305899530161,0.5390020086981324,0.5693217854904973
Low-VAF CH only,11.176136402527089,0.554305899530161,0.5390020086981324,0.5693217854904973
Low-VAF CH only,11.178874309534077,0.554305899530161,0.5390020086981324,0.5693217854904973
Low-VAF CH only,11.184350123548054,0.554305899530161,0.5390020086981324,0.5693217854904973
Low-VAF CH only,11.187088030555042,0.554305899530161,0.5390020086981324,0.5693217854904973
Low-VAF CH only,11.192563844569019,0.554305899530161,0.5390020086981324,0.5693217854904973
Low-VAF CH only,11.195301751576007,0.554305899530161,0.5390020086981324,0.5693217854904973
Low-VAF CH only,11.198039658582996,0.554305899530161,0.5390020086981324,0.5693217854904973
Low-VAF CH only,11.203515472596973,0.554305899530161,0.5390020086981324,0.5693217854904973
Low-VAF CH only,11.206253379603961,0.554305899530161,0.5390020086981324,0.5693217854904973
Low-VAF CH only,11.20899128661095,0.554305899530161,0.5390020086981324,0.5693217854904973
Low-VAF CH only,11.222680821645893,0.554305899530161,0.5390020086981324,0.5693217854904973
Low-VAF CH only,11.225418728652881,0.554305899530161,0.5390020086981324,0.5693217854904973
Low-VAF CH only,11.22815663565987,0.554305899530161,0.5390020086981324,0.5693217854904973
Low-VAF CH only,11.230894542666858,0.554305899530161,0.5390020086981324,0.5693217854904973
Low-VAF CH only,11.236370356680835,0.554305899530161,0.5390020086981324,0.5693217854904973
Low-VAF CH only,11.239108263687823,0.554305899530161,0.5390020086981324,0.5693217854904973
Low-VAF CH only,11.241846170694812,0.554305899530161,0.5390020086981324,0.5693217854904973
Low-VAF CH only,11.2445840777018,0.554305899530161,0.5390020086981324,0.5693217854904973
Low-VAF CH only,11.247321984708789,0.554305899530161,0.5390020086981324,0.5693217854904973
Low-VAF CH only,11.250059891715777,0.554305899530161,0.5390020086981324,0.5693217854904973
Low-VAF CH only,11.252797798722765,0.554305899530161,0.5390020086981324,0.5693217854904973
Low-VAF CH only,11.255535705729754,0.554305899530161,0.5390020086981324,0.5693217854904973
Low-VAF CH only,11.261011519743732,0.554305899530161,0.5390020086981324,0.5693217854904973
Low-VAF CH only,11.26374942675072,0.554305899530161,0.5390020086981324,0.5693217854904973
Low-VAF CH only,11.26648733375771,0.554305899530161,0.5390020086981324,0.5693217854904973
Low-VAF CH only,11.269225240764698,0.554305899530161,0.5390020086981324,0.5693217854904973
Low-VAF CH only,11.271963147771686,0.554305899530161,0.5390020086981324,0.5693217854904973
Low-VAF CH only,11.274701054778674,0.554305899530161,0.5390020086981324,0.5693217854904973
Low-VAF CH only,11.277438961785663,0.554305899530161,0.5390020086981324,0.5693217854904973
Low-VAF CH only,11.280176868792651,0.554305899530161,0.5390020086981324,0.5693217854904973
Low-VAF CH only,11.28291477579964,0.554305899530161,0.5390020086981324,0.5693217854904973
Low-VAF CH only,11.288390589813616,0.554305899530161,0.5390020086981324,0.5693217854904973
Low-VAF CH only,11.291128496820605,0.554305899530161,0.5390020086981324,0.5693217854904973
Low-VAF CH only,11.293866403827593,0.554305899530161,0.5390020086981324,0.5693217854904973
Low-VAF CH only,11.296604310834581,0.554305899530161,0.5390020086981324,0.5693217854904973
Low-VAF CH only,11.30208012484856,0.554305899530161,0.5390020086981324,0.5693217854904973
Low-VAF CH only,11.304818031855548,0.554305899530161,0.5390020086981324,0.5693217854904973
Low-VAF CH only,11.307555938862537,0.554305899530161,0.5390020086981324,0.5693217854904973
Low-VAF CH only,11.310293845869525,0.554305899530161,0.5390020086981324,0.5693217854904973
Low-VAF CH only,11.313031752876514,0.554305899530161,0.5390020086981324,0.5693217854904973
Low-VAF CH only,11.315769659883502,0.554305899530161,0.5390020086981324,0.5693217854904973
Low-VAF CH only,11.31850756689049,0.5531815467927773,0.5377476520655209,0.5683243953105376
Low-VAF CH only,11.321245473897479,0.5531815467927773,0.5377476520655209,0.5683243953105376
Low-VAF CH only,11.323983380904467,0.5531815467927773,0.5377476520655209,0.5683243953105376
Low-VAF CH only,11.326721287911456,0.5531815467927773,0.5377476520655209,0.5683243953105376
Low-VAF CH only,11.332197101925432,0.5531815467927773,0.5377476520655209,0.5683243953105376
Low-VAF CH only,11.33493500893242,0.5531815467927773,0.5377476520655209,0.5683243953105376
Low-VAF CH only,11.33767291593941,0.5531815467927773,0.5377476520655209,0.5683243953105376
Low-VAF CH only,11.340410822946398,0.5531815467927773,0.5377476520655209,0.5683243953105376
Low-VAF CH only,11.343148729953388,0.5531815467927773,0.5377476520655209,0.5683243953105376
Low-VAF CH only,11.345886636960376,0.5531815467927773,0.5377476520655209,0.5683243953105376
Low-VAF CH only,11.348624543967365,0.5531815467927773,0.5377476520655209,0.5683243953105376
Low-VAF CH only,11.354100357981341,0.5531815467927773,0.5377476520655209,0.5683243953105376
Low-VAF CH only,11.35683826498833,0.5531815467927773,0.5377476520655209,0.5683243953105376
Low-VAF CH only,11.359576171995318,0.5531815467927773,0.5377476520655209,0.5683243953105376
Low-VAF CH only,11.362314079002306,0.5531815467927773,0.5377476520655209,0.5683243953105376
Low-VAF CH only,11.365051986009295,0.5531815467927773,0.5377476520655209,0.5683243953105376
Low-VAF CH only,11.367789893016283,0.5531815467927773,0.5377476520655209,0.5683243953105376
Low-VAF CH only,11.37326570703026,0.5531815467927773,0.5377476520655209,0.5683243953105376
Low-VAF CH only,11.376003614037248,0.5531815467927773,0.5377476520655209,0.5683243953105376
Low-VAF CH only,11.378741521044237,0.5531815467927773,0.5377476520655209,0.5683243953105376
Low-VAF CH only,11.381479428051225,0.5531815467927773,0.5377476520655209,0.5683243953105376
Low-VAF CH only,11.384217335058214,0.5531815467927773,0.5377476520655209,0.5683243953105376
Low-VAF CH only,11.386955242065204,0.5531815467927773,0.5377476520655209,0.5683243953105376
Low-VAF CH only,11.389693149072192,0.5531815467927773,0.5377476520655209,0.5683243953105376
Low-VAF CH only,11.397906870093157,0.5531815467927773,0.5377476520655209,0.5683243953105376
Low-VAF CH only,11.400644777100146,0.5531815467927773,0.5377476520655209,0.5683243953105376
Low-VAF CH only,11.403382684107134,0.5531815467927773,0.5377476520655209,0.5683243953105376
Low-VAF CH only,11.406120591114123,0.5531815467927773,0.5377476520655209,0.5683243953105376
Low-VAF CH only,11.4115964051281,0.5531815467927773,0.5377476520655209,0.5683243953105376
Low-VAF CH only,11.414334312135088,0.5531815467927773,0.5377476520655209,0.5683243953105376
Low-VAF CH only,11.417072219142076,0.5531815467927773,0.5377476520655209,0.5683243953105376
Low-VAF CH only,11.419810126149065,0.5531815467927773,0.5377476520655209,0.5683243953105376
Low-VAF CH only,11.422548033156053,0.5531815467927773,0.5377476520655209,0.5683243953105376
Low-VAF CH only,11.425285940163041,0.5531815467927773,0.5377476520655209,0.5683243953105376
Low-VAF CH only,11.428023847170032,0.5531815467927773,0.5377476520655209,0.5683243953105376
Low-VAF CH only,11.43076175417702,0.5531815467927773,0.5377476520655209,0.5683243953105376
Low-VAF CH only,11.433499661184008,0.5531815467927773,0.5377476520655209,0.5683243953105376
Low-VAF CH only,11.436237568190997,0.5531815467927773,0.5377476520655209,0.5683243953105376
Low-VAF CH only,11.438975475197985,0.5531815467927773,0.5377476520655209,0.5683243953105376
Low-VAF CH only,11.441713382204973,0.5531815467927773,0.5377476520655209,0.5683243953105376
Low-VAF CH only,11.449927103225939,0.5531815467927773,0.5377476520655209,0.5683243953105376
Low-VAF CH only,11.452665010232927,0.5531815467927773,0.5377476520655209,0.5683243953105376
Low-VAF CH only,11.455402917239915,0.5531815467927773,0.5377476520655209,0.5683243953105376
Low-VAF CH only,11.458140824246904,0.5531815467927773,0.5377476520655209,0.5683243953105376
Low-VAF CH only,11.460878731253892,0.5531815467927773,0.5377476520655209,0.5683243953105376
Low-VAF CH only,11.46361663826088,0.5531815467927773,0.5377476520655209,0.5683243953105376
Low-VAF CH only,11.469092452274857,0.5531815467927773,0.5377476520655209,0.5683243953105376
Low-VAF CH only,11.471830359281848,0.5531815467927773,0.5377476520655209,0.5683243953105376
Low-VAF CH only,11.474568266288836,0.5531815467927773,0.5377476520655209,0.5683243953105376
Low-VAF CH only,11.480044080302813,0.5531815467927773,0.5377476520655209,0.5683243953105376
Low-VAF CH only,11.482781987309801,0.5531815467927773,0.5377476520655209,0.5683243953105376
Low-VAF CH only,11.48551989431679,0.5531815467927773,0.5377476520655209,0.5683243953105376
Low-VAF CH only,11.488257801323778,0.5531815467927773,0.5377476520655209,0.5683243953105376
Low-VAF CH only,11.490995708330766,0.5531815467927773,0.5377476520655209,0.5683243953105376
Low-VAF CH only,11.496471522344743,0.5531815467927773,0.5377476520655209,0.5683243953105376
Low-VAF CH only,11.499209429351732,0.5531815467927773,0.5377476520655209,0.5683243953105376
Low-VAF CH only,11.50194733635872,0.5531815467927773,0.5377476520655209,0.5683243953105376
Low-VAF CH only,11.504685243365708,0.5531815467927773,0.5377476520655209,0.5683243953105376
Low-VAF CH only,11.507423150372697,0.5531815467927773,0.5377476520655209,0.5683243953105376
Low-VAF CH only,11.512898964386675,0.5531815467927773,0.5377476520655209,0.5683243953105376
Low-VAF CH only,11.515636871393664,0.5531815467927773,0.5377476520655209,0.5683243953105376
Low-VAF CH only,11.518374778400652,0.5531815467927773,0.5377476520655209,0.5683243953105376
Low-VAF CH only,11.526588499421617,0.5531815467927773,0.5377476520655209,0.5683243953105376
Low-VAF CH only,11.532064313435594,0.5531815467927773,0.5377476520655209,0.5683243953105376
Low-VAF CH only,11.534802220442582,0.5531815467927773,0.5377476520655209,0.5683243953105376
Low-VAF CH only,11.53754012744957,0.5531815467927773,0.5377476520655209,0.5683243953105376
Low-VAF CH only,11.54027803445656,0.5531815467927773,0.5377476520655209,0.5683243953105376
Low-VAF CH only,11.543015941463548,0.5531815467927773,0.5377476520655209,0.5683243953105376
Low-VAF CH only,11.548491755477524,0.5531815467927773,0.5377476520655209,0.5683243953105376
Low-VAF CH only,11.551229662484513,0.5531815467927773,0.5377476520655209,0.5683243953105376
Low-VAF CH only,11.556705476498491,0.5531815467927773,0.5377476520655209,0.5683243953105376
Low-VAF CH only,11.55944338350548,0.5531815467927773,0.5377476520655209,0.5683243953105376
Low-VAF CH only,11.562181290512468,0.5531815467927773,0.5377476520655209,0.5683243953105376
Low-VAF CH only,11.564919197519457,0.5531815467927773,0.5377476520655209,0.5683243953105376
Low-VAF CH only,11.570395011533433,0.5516276660433594,0.535932898723515,0.5670241627155359
Low-VAF CH only,11.573132918540422,0.5516276660433594,0.535932898723515,0.5670241627155359
Low-VAF CH only,11.57587082554741,0.5516276660433594,0.535932898723515,0.5670241627155359
Low-VAF CH only,11.578608732554398,0.5516276660433594,0.535932898723515,0.5670241627155359
Low-VAF CH only,11.581346639561387,0.5516276660433594,0.535932898723515,0.5670241627155359
Low-VAF CH only,11.586822453575364,0.5500379609538972,0.5340753190861037,0.5656949075057384
Low-VAF CH only,11.589560360582352,0.5500379609538972,0.5340753190861037,0.5656949075057384
Low-VAF CH only,11.59229826758934,0.5500379609538972,0.5340753190861037,0.5656949075057384
Low-VAF CH only,11.597774081603317,0.5500379609538972,0.5340753190861037,0.5656949075057384
Low-VAF CH only,11.600511988610307,0.5500379609538972,0.5340753190861037,0.5656949075057384
Low-VAF CH only,11.608725709631273,0.5500379609538972,0.5340753190861037,0.5656949075057384
Low-VAF CH only,11.61420152364525,0.5500379609538972,0.5340753190861037,0.5656949075057384
Low-VAF CH only,11.616939430652238,0.5500379609538972,0.5340753190861037,0.5656949075057384
Low-VAF CH only,11.627891058680191,0.5500379609538972,0.5340753190861037,0.5656949075057384
Low-VAF CH only,11.633366872694168,0.5500379609538972,0.5340753190861037,0.5656949075057384
Low-VAF CH only,11.636104779701157,0.5500379609538972,0.5340753190861037,0.5656949075057384
Low-VAF CH only,11.638842686708145,0.5500379609538972,0.5340753190861037,0.5656949075057384
Low-VAF CH only,11.641580593715135,0.5500379609538972,0.5340753190861037,0.5656949075057384
Low-VAF CH only,11.644318500722123,0.5500379609538972,0.5340753190861037,0.5656949075057384
Low-VAF CH only,11.647056407729112,0.5500379609538972,0.5340753190861037,0.5656949075057384
Low-VAF CH only,11.658008035757065,0.5500379609538972,0.5340753190861037,0.5656949075057384
Low-VAF CH only,11.66622175677803,0.5500379609538972,0.5340753190861037,0.5656949075057384
Low-VAF CH only,11.668959663785019,0.5500379609538972,0.5340753190861037,0.5656949075057384
Low-VAF CH only,11.671697570792007,0.5500379609538972,0.5340753190861037,0.5656949075057384
Low-VAF CH only,11.674435477798996,0.5500379609538972,0.5340753190861037,0.5656949075057384
Low-VAF CH only,11.677173384805984,0.5500379609538972,0.5340753190861037,0.5656949075057384
Low-VAF CH only,11.685387105826951,0.5500379609538972,0.5340753190861037,0.5656949075057384
Low-VAF CH only,11.68812501283394,0.5500379609538972,0.5340753190861037,0.5656949075057384
Low-VAF CH only,11.693600826847916,0.5500379609538972,0.5340753190861037,0.5656949075057384
Low-VAF CH only,11.699076640861893,0.5500379609538972,0.5340753190861037,0.5656949075057384
Low-VAF CH only,11.701814547868882,0.5500379609538972,0.5340753190861037,0.5656949075057384
Low-VAF CH only,11.70455245487587,0.5500379609538972,0.5340753190861037,0.5656949075057384
Low-VAF CH only,11.707290361882858,0.5500379609538972,0.5340753190861037,0.5656949075057384
Low-VAF CH only,11.710028268889847,0.5500379609538972,0.5340753190861037,0.5656949075057384
Low-VAF CH only,11.712766175896835,0.5500379609538972,0.5340753190861037,0.5656949075057384
Low-VAF CH only,11.715504082903824,0.5500379609538972,0.5340753190861037,0.5656949075057384
Low-VAF CH only,11.7209798969178,0.5500379609538972,0.5340753190861037,0.5656949075057384
Low-VAF CH only,11.723717803924789,0.5500379609538972,0.5340753190861037,0.5656949075057384
Low-VAF CH only,11.726455710931779,0.5500379609538972,0.5340753190861037,0.5656949075057384
Low-VAF CH only,11.731931524945756,0.5500379609538972,0.5340753190861037,0.5656949075057384
Low-VAF CH only,11.74014524596672,0.5500379609538972,0.5340753190861037,0.5656949075057384
Low-VAF CH only,11.748358966987686,0.5480943639187245,0.5317294809918279,0.5641416181194261
Low-VAF CH only,11.751096873994674,0.5480943639187245,0.5317294809918279,0.5641416181194261
Low-VAF CH only,11.753834781001663,0.5480943639187245,0.5317294809918279,0.5641416181194261
Low-VAF CH only,11.756572688008651,0.5480943639187245,0.5317294809918279,0.5641416181194261
Low-VAF CH only,11.75931059501564,0.5480943639187245,0.5317294809918279,0.5641416181194261
Low-VAF CH only,11.762048502022628,0.5480943639187245,0.5317294809918279,0.5641416181194261
Low-VAF CH only,11.767524316036605,0.5480943639187245,0.5317294809918279,0.5641416181194261
Low-VAF CH only,11.770262223043595,0.5480943639187245,0.5317294809918279,0.5641416181194261
Low-VAF CH only,11.775738037057572,0.5480943639187245,0.5317294809918279,0.5641416181194261
Low-VAF CH only,11.77847594406456,0.5480943639187245,0.5317294809918279,0.5641416181194261
Low-VAF CH only,11.781213851071549,0.5480943639187245,0.5317294809918279,0.5641416181194261
Low-VAF CH only,11.783951758078537,0.5480943639187245,0.5317294809918279,0.5641416181194261
Low-VAF CH only,11.786689665085525,0.5480943639187245,0.5317294809918279,0.5641416181194261
Low-VAF CH only,11.789427572092514,0.5480943639187245,0.5317294809918279,0.5641416181194261
Low-VAF CH only,11.800379200120467,0.5480943639187245,0.5317294809918279,0.5641416181194261
Low-VAF CH only,11.803117107127456,0.5480943639187245,0.5317294809918279,0.5641416181194261
Low-VAF CH only,11.808592921141432,0.5480943639187245,0.5317294809918279,0.5641416181194261
Low-VAF CH only,11.819544549169388,0.5437955845938718,0.526484041845482,0.5607607152839718
Low-VAF CH only,11.822282456176376,0.5437955845938718,0.526484041845482,0.5607607152839718
Low-VAF CH only,11.827758270190353,0.5437955845938718,0.526484041845482,0.5607607152839718
Low-VAF CH only,11.830496177197341,0.5416290683205894,0.5238611667401338,0.559036798090472
Low-VAF CH only,11.83323408420433,0.5416290683205894,0.5238611667401338,0.559036798090472
Low-VAF CH only,11.835971991211318,0.5416290683205894,0.5238611667401338,0.559036798090472
Low-VAF CH only,11.841447805225295,0.5416290683205894,0.5238611667401338,0.559036798090472
Low-VAF CH only,11.844185712232283,0.5416290683205894,0.5238611667401338,0.559036798090472
Low-VAF CH only,11.846923619239272,0.539381644800587,0.5211367967610652,0.5572518891586327
Low-VAF CH only,11.84966152624626,0.539381644800587,0.5211367967610652,0.5572518891586327
Low-VAF CH only,11.855137340260239,0.539381644800587,0.5211367967610652,0.5572518891586327
Low-VAF CH only,11.857875247267227,0.539381644800587,0.5211367967610652,0.5572518891586327
Low-VAF CH only,11.860613154274215,0.539381644800587,0.5211367967610652,0.5572518891586327
Low-VAF CH only,11.863351061281204,0.539381644800587,0.5211367967610652,0.5572518891586327
Low-VAF CH only,11.866088968288192,0.539381644800587,0.5211367967610652,0.5572518891586327
Low-VAF CH only,11.874302689309157,0.539381644800587,0.5211367967610652,0.5572518891586327
Low-VAF CH only,11.882516410330123,0.539381644800587,0.5211367967610652,0.5572518891586327
Low-VAF CH only,11.8879922243441,0.539381644800587,0.5211367967610652,0.5572518891586327
Low-VAF CH only,11.893468038358076,0.539381644800587,0.5211367967610652,0.5572518891586327
Low-VAF CH only,11.896205945365065,0.539381644800587,0.5211367967610652,0.5572518891586327
Low-VAF CH only,11.901681759379043,0.539381644800587,0.5211367967610652,0.5572518891586327
Low-VAF CH only,11.904419666386032,0.5368960151010451,0.5180805259163261,0.5553191611034578
Low-VAF CH only,11.909895480400008,0.5368960151010451,0.5180805259163261,0.5553191611034578
Low-VAF CH only,11.912633387406997,0.5368960151010451,0.5180805259163261,0.5553191611034578
Low-VAF CH only,11.915371294413985,0.5368960151010451,0.5180805259163261,0.5553191611034578
Low-VAF CH only,11.920847108427962,0.5368960151010451,0.5180805259163261,0.5553191611034578
Low-VAF CH only,11.931798736455915,0.5368960151010451,0.5180805259163261,0.5553191611034578
Low-VAF CH only,11.934536643462904,0.5368960151010451,0.5180805259163261,0.5553191611034578
Low-VAF CH only,11.937274550469892,0.5368960151010451,0.5180805259163261,0.5553191611034578
Low-VAF CH only,11.940012457476882,0.5368960151010451,0.5180805259163261,0.5553191611034578
Low-VAF CH only,11.950964085504836,0.5368960151010451,0.5180805259163261,0.5553191611034578
Low-VAF CH only,11.953701992511824,0.5368960151010451,0.5180805259163261,0.5553191611034578
Low-VAF CH only,11.959177806525801,0.5368960151010451,0.5180805259163261,0.5553191611034578
Low-VAF CH only,11.96191571353279,0.5368960151010451,0.5180805259163261,0.5553191611034578
Low-VAF CH only,11.97834315557472,0.5368960151010451,0.5180805259163261,0.5553191611034578
Low-VAF CH only,11.989294783602675,0.5368960151010451,0.5180805259163261,0.5553191611034578
Low-VAF CH only,11.99750850462364,0.5368960151010451,0.5180805259163261,0.5553191611034578
Low-VAF CH only,12.011198039658582,0.5368960151010451,0.5180805259163261,0.5553191611034578
Low-VAF CH only,12.01393594666557,0.5368960151010451,0.5180805259163261,0.5553191611034578
Low-VAF CH only,12.022149667686536,0.5368960151010451,0.5180805259163261,0.5553191611034578
Low-VAF CH only,12.027625481700515,0.5368960151010451,0.5180805259163261,0.5553191611034578
Low-VAF CH only,12.033101295714491,0.5368960151010451,0.5180805259163261,0.5553191611034578
Low-VAF CH only,12.03583920272148,0.5368960151010451,0.5180805259163261,0.5553191611034578
Low-VAF CH only,12.041315016735457,0.5368960151010451,0.5180805259163261,0.5553191611034578
Low-VAF CH only,12.044052923742445,0.5368960151010451,0.5180805259163261,0.5553191611034578
Low-VAF CH only,12.046790830749433,0.5368960151010451,0.5180805259163261,0.5553191611034578
Low-VAF CH only,12.049528737756422,0.5368960151010451,0.5180805259163261,0.5553191611034578
Low-VAF CH only,12.05226664476341,0.5368960151010451,0.5180805259163261,0.5553191611034578
Low-VAF CH only,12.055004551770399,0.5368960151010451,0.5180805259163261,0.5553191611034578
Low-VAF CH only,12.060480365784375,0.5368960151010451,0.5180805259163261,0.5553191611034578
Low-VAF CH only,12.063218272791364,0.5368960151010451,0.5180805259163261,0.5553191611034578
Low-VAF CH only,12.068694086805342,0.5368960151010451,0.5180805259163261,0.5553191611034578
Low-VAF CH only,12.074169900819319,0.5368960151010451,0.5180805259163261,0.5553191611034578
Low-VAF CH only,12.082383621840284,0.5335404150066636,0.5136977762717868,0.5529558637497891
Low-VAF CH only,12.09059734286125,0.5335404150066636,0.5136977762717868,0.5529558637497891
Low-VAF CH only,12.093335249868238,0.5335404150066636,0.5136977762717868,0.5529558637497891
Low-VAF CH only,12.096073156875226,0.5335404150066636,0.5136977762717868,0.5529558637497891
Low-VAF CH only,12.098811063882215,0.5335404150066636,0.5136977762717868,0.5529558637497891
Low-VAF CH only,12.104286877896191,0.5335404150066636,0.5136977762717868,0.5529558637497891
Low-VAF CH only,12.10702478490318,0.5335404150066636,0.5136977762717868,0.5529558637497891
Low-VAF CH only,12.109762691910168,0.5335404150066636,0.5136977762717868,0.5529558637497891
Low-VAF CH only,12.112500598917158,0.5335404150066636,0.5136977762717868,0.5529558637497891
Low-VAF CH only,12.1261901339521,0.5335404150066636,0.5136977762717868,0.5529558637497891
Low-VAF CH only,12.128928040959089,0.5335404150066636,0.5136977762717868,0.5529558637497891
Low-VAF CH only,12.131665947966077,0.5335404150066636,0.5136977762717868,0.5529558637497891
Low-VAF CH only,12.137141761980054,0.5335404150066636,0.5136977762717868,0.5529558637497891
Low-VAF CH only,12.139879668987042,0.5335404150066636,0.5136977762717868,0.5529558637497891
Low-VAF CH only,12.148093390008007,0.5335404150066636,0.5136977762717868,0.5529558637497891
Low-VAF CH only,12.150831297014996,0.5335404150066636,0.5136977762717868,0.5529558637497891
Low-VAF CH only,12.156307111028974,0.5335404150066636,0.5136977762717868,0.5529558637497891
Low-VAF CH only,12.159045018035963,0.5335404150066636,0.5136977762717868,0.5529558637497891
Low-VAF CH only,12.161782925042951,0.5335404150066636,0.5136977762717868,0.5529558637497891
Low-VAF CH only,12.16452083204994,0.5335404150066636,0.5136977762717868,0.5529558637497891
Low-VAF CH only,12.167258739056928,0.5335404150066636,0.5136977762717868,0.5529558637497891
Low-VAF CH only,12.169996646063916,0.5335404150066636,0.5136977762717868,0.5529558637497891
Low-VAF CH only,12.178210367084882,0.5335404150066636,0.5136977762717868,0.5529558637497891
Low-VAF CH only,12.18094827409187,0.5335404150066636,0.5136977762717868,0.5529558637497891
Low-VAF CH only,12.186424088105847,0.5335404150066636,0.5136977762717868,0.5529558637497891
Low-VAF CH only,12.191899902119824,0.5335404150066636,0.5136977762717868,0.5529558637497891
Low-VAF CH only,12.194637809126812,0.5335404150066636,0.5136977762717868,0.5529558637497891
Low-VAF CH only,12.202851530147779,0.5335404150066636,0.5136977762717868,0.5529558637497891
Low-VAF CH only,12.208327344161756,0.5335404150066636,0.5136977762717868,0.5529558637497891
Low-VAF CH only,12.21927897218971,0.5335404150066636,0.5136977762717868,0.5529558637497891
Low-VAF CH only,12.222016879196698,0.5335404150066636,0.5136977762717868,0.5529558637497891
Low-VAF CH only,12.227492693210674,0.5335404150066636,0.5136977762717868,0.5529558637497891
Low-VAF CH only,12.230230600217663,0.5335404150066636,0.5136977762717868,0.5529558637497891
Low-VAF CH only,12.238444321238628,0.5335404150066636,0.5136977762717868,0.5529558637497891
Low-VAF CH only,12.243920135252607,0.5335404150066636,0.5136977762717868,0.5529558637497891
Low-VAF CH only,12.246658042259595,0.5335404150066636,0.5136977762717868,0.5529558637497891
Low-VAF CH only,12.249395949266583,0.5335404150066636,0.5136977762717868,0.5529558637497891
Low-VAF CH only,12.257609670287549,0.5335404150066636,0.5136977762717868,0.5529558637497891
Low-VAF CH only,12.265823391308514,0.5335404150066636,0.5136977762717868,0.5529558637497891
Low-VAF CH only,12.282250833350446,0.5335404150066636,0.5136977762717868,0.5529558637497891
Low-VAF CH only,12.284988740357434,0.5335404150066636,0.5136977762717868,0.5529558637497891
Low-VAF CH only,12.2932024613784,0.5335404150066636,0.5136977762717868,0.5529558637497891
Low-VAF CH only,12.30962990342033,0.5335404150066636,0.5136977762717868,0.5529558637497891
Low-VAF CH only,12.317843624441295,0.5335404150066636,0.5136977762717868,0.5529558637497891
Low-VAF CH only,12.320581531448283,0.5335404150066636,0.5136977762717868,0.5529558637497891
Low-VAF CH only,12.326057345462262,0.5335404150066636,0.5136977762717868,0.5529558637497891
Low-VAF CH only,12.331533159476239,0.5335404150066636,0.5136977762717868,0.5529558637497891
Low-VAF CH only,12.34522269451118,0.5335404150066636,0.5136977762717868,0.5529558637497891
Low-VAF CH only,12.353436415532146,0.5335404150066636,0.5136977762717868,0.5529558637497891
Low-VAF CH only,12.369863857574078,0.5335404150066636,0.5136977762717868,0.5529558637497891
Low-VAF CH only,12.375339671588055,0.5335404150066636,0.5136977762717868,0.5529558637497891
Low-VAF CH only,12.378077578595043,0.5335404150066636,0.5136977762717868,0.5529558637497891
Low-VAF CH only,12.380815485602032,0.5335404150066636,0.5136977762717868,0.5529558637497891
Low-VAF CH only,12.38355339260902,0.5335404150066636,0.5136977762717868,0.5529558637497891
Low-VAF CH only,12.394505020636974,0.5335404150066636,0.5136977762717868,0.5529558637497891
Low-VAF CH only,12.39998083465095,0.5335404150066636,0.5136977762717868,0.5529558637497891
Low-VAF CH only,12.402718741657939,0.5335404150066636,0.5136977762717868,0.5529558637497891
Low-VAF CH only,12.405456648664927,0.5335404150066636,0.5136977762717868,0.5529558637497891
Low-VAF CH only,12.413670369685894,0.5335404150066636,0.5136977762717868,0.5529558637497891
Low-VAF CH only,12.416408276692882,0.5335404150066636,0.5136977762717868,0.5529558637497891
Low-VAF CH only,12.446525253769755,0.5335404150066636,0.5136977762717868,0.5529558637497891
Low-VAF CH only,12.449263160776743,0.5335404150066636,0.5136977762717868,0.5529558637497891
Low-VAF CH only,12.452001067783732,0.5335404150066636,0.5136977762717868,0.5529558637497891
Low-VAF CH only,12.454738974790722,0.5335404150066636,0.5136977762717868,0.5529558637497891
Low-VAF CH only,12.45747688179771,0.5335404150066636,0.5136977762717868,0.5529558637497891
Low-VAF CH only,12.468428509825664,0.5335404150066636,0.5136977762717868,0.5529558637497891
Low-VAF CH only,12.471166416832652,0.5252038460221845,0.4996550750295498,0.5500838406104944
Low-VAF CH only,12.479380137853617,0.5252038460221845,0.4996550750295498,0.5500838406104944
Low-VAF CH only,12.490331765881571,0.5252038460221845,0.4996550750295498,0.5500838406104944
Low-VAF CH only,12.49306967288856,0.5252038460221845,0.4996550750295498,0.5500838406104944
Low-VAF CH only,12.498545486902538,0.5252038460221845,0.4996550750295498,0.5500838406104944
Low-VAF CH only,12.534138277993387,0.5252038460221845,0.4996550750295498,0.5500838406104944
Low-VAF CH only,12.556041534049296,0.5158252059146454,0.48462856943097504,0.5460881187832789
Low-VAF CH only,12.558779441056284,0.5158252059146454,0.48462856943097504,0.5460881187832789
Low-VAF CH only,12.56699316207725,0.5158252059146454,0.48462856943097504,0.5460881187832789
Low-VAF CH only,12.583420604119182,0.5158252059146454,0.48462856943097504,0.5460881187832789
Low-VAF CH only,12.591634325140147,0.5158252059146454,0.48462856943097504,0.5460881187832789
Low-VAF CH only,12.616275488203042,0.5158252059146454,0.48462856943097504,0.5460881187832789
Low-VAF CH only,12.627227116230998,0.5158252059146454,0.48462856943097504,0.5460881187832789
Low-VAF CH only,12.629965023237986,0.5052981608959792,0.46833606331006544,0.5410460470284905
Low-VAF CH only,12.651868279293893,0.5052981608959792,0.46833606331006544,0.5410460470284905
Low-VAF CH only,12.654606186300882,0.5052981608959792,0.46833606331006544,0.5410460470284905
Low-VAF CH only,12.712102233447641,0.5052981608959792,0.46833606331006544,0.5410460470284905
Low-VAF CH only,12.734005489503549,0.5052981608959792,0.46833606331006544,0.5410460470284905
Low-VAF CH only,12.75317083855247,0.5052981608959792,0.46833606331006544,0.5410460470284905
Low-VAF CH only,12.755908745559458,0.5052981608959792,0.46833606331006544,0.5410460470284905
Low-VAF CH only,12.85994921182502,0.5052981608959792,0.46833606331006544,0.5410460470284905
Low-VAF CH only,12.925658979992745,0.5052981608959792,0.46833606331006544,0.5410460470284905
Low-VAF CH only,13.032437353265296,0.5052981608959792,0.46833606331006544,0.5410460470284905
Low-VAF CH only,13.06255433034217,0.5052981608959792,0.46833606331006544,0.5410460470284905
Low-VAF CH only,13.068030144356147,0.5052981608959792,0.46833606331006544,0.5410460470284905
Low-VAF CH only,13.081719679391089,0.5052981608959792,0.46833606331006544,0.5410460470284905
Low-VAF CH only,13.089933400412054,0.5052981608959792,0.46833606331006544,0.5410460470284905
Low-VAF CH only,13.139215726537849,0.5052981608959792,0.46833606331006544,0.5410460470284905
Low-VAF CH only,13.147429447558814,0.5052981608959792,0.46833606331006544,0.5410460470284905
Low-VAF CH only,13.188498052663642,0.5052981608959792,0.46833606331006544,0.5410460470284905
Low-VAF CH only,13.202187587698583,0.5052981608959792,0.46833606331006544,0.5410460470284905
Low-VAF CH only,13.215877122733525,0.5052981608959792,0.46833606331006544,0.5410460470284905
Low-VAF CH only,13.254207820831365,0.5052981608959792,0.46833606331006544,0.5410460470284905
Low-VAF CH only,13.256945727838353,0.5052981608959792,0.46833606331006544,0.5410460470284905
Low-VAF CH only,13.273373169880285,0.5052981608959792,0.46833606331006544,0.5410460470284905
Low-VAF CH only,13.382889450159825,0.5052981608959792,0.46833606331006544,0.5410460470284905
Low-VAF CH only,13.413006427236699,0.5052981608959792,0.46833606331006544,0.5410460470284905
Low-VAF CH only,13.418482241250675,0.5052981608959792,0.46833606331006544,0.5410460470284905
Low-VAF CH only,13.475978288397434,0.5052981608959792,0.46833606331006544,0.5410460470284905
Low-VAF CH only,13.51978480050925,0.5052981608959792,0.46833606331006544,0.5410460470284905
Low-VAF CH only,13.527998521530217,0.48233006267343476,0.425240689661741,0.5370244304973532
Low-VAF CH only,13.563591312621067,0.48233006267343476,0.425240689661741,0.5370244304973532
Low-VAF CH only,13.695010848956516,0.48233006267343476,0.425240689661741,0.5370244304973532
Low-VAF CH only,13.7223899190264,0.48233006267343476,0.425240689661741,0.5370244304973532
Low-VAF CH only,13.725127826033388,0.48233006267343476,0.425240689661741,0.5370244304973532
Low-VAF CH only,13.727865733040376,0.48233006267343476,0.425240689661741,0.5370244304973532
Low-VAF CH only,13.872974804410768,0.48233006267343476,0.425240689661741,0.5370244304973532
Low-VAF CH only,13.922257130536561,0.48233006267343476,0.425240689661741,0.5370244304973532
Low-VAF CH only,13.982491084690308,0.48233006267343476,0.425240689661741,0.5370244304973532
Low-VAF CH only,13.990704805711275,0.48233006267343476,0.425240689661741,0.5370244304973532
Low-VAF CH only,14.067366201906951,0.48233006267343476,0.425240689661741,0.5370244304973532
Low-VAF CH only,14.154979226130584,0.43848187515766796,0.34073046539497104,0.5319006974655957
Low-VAF CH only,14.185096203207458,0.43848187515766796,0.34073046539497104,0.5319006974655957
Low-VAF CH only,14.360322251654722,0.43848187515766796,0.34073046539497104,0.5319006974655957
Low-VAF CH only,14.80660109379385,0.38367164076295945,0.2543334643623493,0.5115590919828219
Low-VAF CH only,14.820290628828792,0.38367164076295945,0.2543334643623493,0.5115590919828219
Low-VAF CH only,15.02563365435293,0.38367164076295945,0.2543334643623493,0.5115590919828219
Low-VAF CH only,15.050274817415826,0.38367164076295945,0.2543334643623493,0.5115590919828219
Low-VAF CH only,15.143363655653435,0.38367164076295945,0.2543334643623493,0.5115590919828219
Low-VAF CH only,15.222762958856102,0.38367164076295945,0.2543334643623493,0.5115590919828219
Low-VAF CH only,15.441795519415182,0.38367164076295945,0.2543334643623493,0.5115590919828219
Low-VAF CH only,18.538368344319185,0.38367164076295945,0.2543334643623493,0.5115590919828219
CHIP >=2%,0.0,1.0,1.0,1.0
CHIP >=2%,0.2245083745730576,0.9997297297297297,0.9980828437047355,0.9999619257360777
CHIP >=2%,0.4243755860832187,0.9994594594594595,0.9978403779789095,0.9998647881167921
CHIP >=2%,0.6078153555514487,0.9991891891891892,0.9974881128831233,0.9997384297388733
CHIP >=2%,0.8186341950895638,0.9989189189189189,0.9971220976048569,0.9995941212039501
CHIP >=2%,0.8624407072013799,0.9986486486486487,0.9967563610006551,0.9994373170606136
CHIP >=2%,0.8679165212153569,0.9986486486486487,0.9967563610006551,0.9994373170606136
CHIP >=2%,0.9938602435368282,0.9986486486486487,0.9967563610006551,0.9994373170606136
CHIP >=2%,1.0020739645577939,0.9983782320094261,0.9963936749460315,0.9992710885557091
CHIP >=2%,1.0048118715647822,0.9975669820917586,0.9953291372209127,0.9987333408050658
CHIP >=2%,1.0075497785717709,0.9972964921291524,0.9949811766230603,0.998544472408536
CHIP >=2%,1.0102876855787593,0.9970259287834853,0.9946360782935544,0.9983518830676215
CHIP >=2%,1.0130255925857479,0.9967553654378181,0.9942936987475839,0.9981560669721751
CHIP >=2%,1.0157634995927363,0.9959436754008166,0.9932805239420648,0.9975526312169073
CHIP >=2%,1.0185014065997249,0.9954025487094823,0.9926148457921221,0.9971394820953122
CHIP >=2%,1.0212393136067133,0.994861422018148,0.9919556408119612,0.996719312706266
CHIP >=2%,1.0239772206137019,0.9943202953268137,0.9913020360001332,0.9962931532871222
CHIP >=2%,1.0267151276206903,0.993238041944145,0.9900089700916238,0.9954258972916371
CHIP >=2%,1.029453034627679,0.9926969152528107,0.9893684775239413,0.9949859502878257
CHIP >=2%,1.034928848641656,0.991614661870142,0.9880976134337572,0.9940955585090057
CHIP >=2%,1.0376667556486443,0.9913440985244748,0.9877817802533146,0.9938710164787895
CHIP >=2%,1.040404662655633,0.9910735351788077,0.9874666341508466,0.993645767346166
CHIP >=2%,1.0431425696626213,0.9894501551048047,0.9855886937148979,0.9922810024439466
CHIP >=2%,1.04588047666961,0.9889090284134704,0.9849670993723045,0.9918215958270045
CHIP >=2%,1.051356290683587,0.9886384650678033,0.9846570378311246,0.991591142292843
CHIP >=2%,1.0540941976905753,0.9872856483394675,0.9831134602776925,0.9904320234552658
CHIP >=2%,1.056832104697564,0.9859324607732127,0.9815794072714026,0.9892624528019359
CHIP >=2%,1.0595700117045523,0.9853911857467108,0.9809682797119949,0.9887920978011776
CHIP >=2%,1.062307918711541,0.9851204738824947,0.9806631155055088,0.9885563609040106
CHIP >=2%,1.0650458257185293,0.9843083382898463,0.9797495093429257,0.9878472431560238
CHIP >=2%,1.067783732725518,0.9832251929382206,0.9785351053485343,0.9868973597349692
CHIP >=2%,1.0705216397325064,0.9829544066003142,0.9782321947402992,0.9866591923503758
CHIP >=2%,1.0759974537464836,0.9821418237345658,0.9773247364362583,0.985942943413373
CHIP >=2%,1.078735360753472,0.981058379913568,0.9761182248882097,0.9849844870526296
CHIP >=2%,1.084211174767449,0.9799749360925702,0.9749153446244306,0.9840223751948495
CHIP >=2%,1.0869490817744376,0.9794332141820713,0.9743151774078369,0.9835400384768596
CHIP >=2%,1.089686988781426,0.9788911924808085,0.9737154427351198,0.9830566507219854
CHIP >=2%,1.095162802795403,0.9783488704905144,0.9731161135548885,0.9825722394398058
CHIP >=2%,1.0979007098023916,0.9778065485002203,0.9725175368879461,0.9820870730533588
CHIP >=2%,1.10063861680938,0.9775353875050733,0.9722185224391994,0.9818442150633738
CHIP >=2%,1.1033765238163686,0.9775353875050733,0.9722185224391994,0.9818442150633738
CHIP >=2%,1.106114430823357,0.9772640006678981,0.9719194073688803,0.9816009955065795
CHIP >=2%,1.1088523378303456,0.9764498401563725,0.9710231064456096,0.9808702907608593
CHIP >=2%,1.111590244837334,0.9756356796448469,0.9701283117384357,0.9801380773332166
CHIP >=2%,1.1143281518443227,0.9753642928076717,0.969830368906391,0.9798936836161175
CHIP >=2%,1.117066058851311,0.9748213680691201,0.9692347664620883,0.9794043041630758
CHIP >=2%,1.1198039658582997,0.9742784433305687,0.9686397725516472,0.9789143155610908
CHIP >=2%,1.122541872865288,0.974006980961293,0.9683424979905986,0.9786690986481117
CHIP >=2%,1.1252797798722767,0.9734640562227416,0.9677483825631525,0.9781782307157528
CHIP >=2%,1.128017686879265,0.9729209800407483,0.9671546475269315,0.9776866734474039
CHIP >=2%,1.1307555938862537,0.9721063657677586,0.9662650687551029,0.976948313302549
CHIP >=2%,1.133493500893242,0.9715631378461225,0.9656724932270276,0.9764552871873762
CHIP >=2%,1.1362314079002307,0.9702050680420322,0.9641932641068119,0.975220512241698
CHIP >=2%,1.138969314907219,0.9699334540812142,0.9638977836933779,0.974973191851071
CHIP >=2%,1.1417072219142077,0.9696618401203961,0.9636024213731795,0.9747257533707648
CHIP >=2%,1.144445128921196,0.9693901500559186,0.9633070843795342,0.9744781349151997
CHIP >=2%,1.1471830359281847,0.9691184599914411,0.9630118626287222,0.9742304012683393
CHIP >=2%,1.149920942935173,0.9680313949774293,0.9618317354514597,0.973238088495209
CHIP >=2%,1.1526588499421617,0.9669443299634176,0.9606533432519999,0.97224404217364
CHIP >=2%,1.1553967569491501,0.9666725637099147,0.9603590065903471,0.9719952694141164
CHIP >=2%,1.1608725709631271,0.9664007974564118,0.9600647720274817,0.9717463946359525
CHIP >=2%,1.1636104779701157,0.9658569590785523,0.9594762413673277,0.9712480863592292
CHIP >=2%,1.1663483849771041,0.9653129675499246,0.9588879246663949,0.9707492541208079
CHIP >=2%,1.1690862919840928,0.9653129675499246,0.9588879246663949,0.9707492541208079
CHIP >=2%,1.1718241989910811,0.964768669287985,0.9582996319454355,0.9702497766735175
CHIP >=2%,1.1745621059980698,0.963951991520529,0.9574176297825673,0.9694996584523025
CHIP >=2%,1.1773000130050582,0.9636797655980437,0.9571238142928211,0.9692494343546278
CHIP >=2%,1.1800379200120468,0.9634073087799498,0.9568298172209051,0.9689989241584077
CHIP >=2%,1.1827758270190354,0.962862395143762,0.9562420931418233,0.9684976347667802
CHIP >=2%,1.1855137340260238,0.9615001110532927,0.9547743147135923,0.9672428853934704
CHIP >=2%,1.1882516410330124,0.9612275770082095,0.9544809237270174,0.9669916153848521
CHIP >=2%,1.1909895480400008,0.9606823543326518,0.9538942092622528,0.9664886958689737
CHIP >=2%,1.1937274550469894,0.9598640559047705,0.9530142043044338,0.9657333124284085
CHIP >=2%,1.1992032690609664,0.9598640559047705,0.9530142043044338,0.9657333124284085
CHIP >=2%,1.2019411760679548,0.9587723708824165,0.9518412490306334,0.96472449976281
CHIP >=2%,1.2046790830749434,0.9584993719157644,0.9515481130655397,0.9644720375570396
CHIP >=2%,1.2101548970889204,0.9579532184274933,0.950961887153623,0.9639667537242602
CHIP >=2%,1.2128928040959088,0.9574069092068331,0.950375778785287,0.9634610391145326
CHIP >=2%,1.2156307111028974,0.9571337545965031,0.9500828351915085,0.9632080718989149
CHIP >=2%,1.2211065251168745,0.956587445375843,0.9494971658238043,0.96270192096546
CHIP >=2%,1.2238444321238628,0.9560411361551828,0.948911782523778,0.9621954856680849
CHIP >=2%,1.2265823391308515,0.9549485177138627,0.9477418539244675,0.9611817819430323
CHIP >=2%,1.2347960601518169,0.9546752849477071,0.94744945212278,0.9609281186692022
CHIP >=2%,1.2375339671588055,0.9541288194153958,0.9468648498939276,0.960420591936509
CHIP >=2%,1.2402718741657939,0.9535823538830847,0.9462805123586915,0.9599128020509767
CHIP >=2%,1.2430097811727825,0.9533090428042991,0.9459883508017508,0.9596587422274602
CHIP >=2%,1.2457476881797709,0.9530357317255134,0.9456962538454994,0.9594046181909668
CHIP >=2%,1.2484855951867595,0.9530357317255134,0.9456962538454994,0.9594046181909668
CHIP >=2%,1.251223502193748,0.9524889527629629,0.9451120703179994,0.9588960441050636
CHIP >=2%,1.2539614092007365,0.9522154062515433,0.9448198919871806,0.9586415270133
CHIP >=2%,1.256699316207725,0.9519418597401238,0.944527776402466,0.9583869476006147
CHIP >=2%,1.2594372232147135,0.9516683132287043,0.9442357230532537,0.9581323063706045
CHIP >=2%,1.262175130221702,0.9513946880667639,0.9439436406564534,0.9578775357524149
CHIP >=2%,1.2649130372286905,0.9505738125809426,0.9430677594144602,0.957112860472055
CHIP >=2%,1.267650944235679,0.9500264046842649,0.9424839572281505,0.956602642196499
CHIP >=2%,1.2703888512426675,0.9497527007359261,0.9421921448819662,0.9563474449319961
CHIP >=2%,1.273126758249656,0.9489315888909094,0.9413170573449182,0.9555815060406715
CHIP >=2%,1.278602572263633,0.9486578849425705,0.9410254765114702,0.9553260788452264
CHIP >=2%,1.2813404792706216,0.9481104770458928,0.9404424847461956,0.9548150556877454
CHIP >=2%,1.28407838627761,0.9478366940608954,0.9401509822112306,0.9545593918074555
CHIP >=2%,1.2868162932845986,0.9472891280909007,0.9395681434703959,0.9540478988552618
CHIP >=2%,1.2895542002915872,0.946741562120906,0.9389855237738618,0.9535361883377834
CHIP >=2%,1.2922921072985756,0.9459202131659138,0.9381119979590907,0.952768221509943
CHIP >=2%,1.2950300143055642,0.9453723300421571,0.9375295490983897,0.952255703886103
CHIP >=2%,1.2977679213125526,0.9450983884802788,0.9372384031323526,0.9519993671617512
CHIP >=2%,1.3005058283195412,0.9431802415625166,0.9352011775811417,0.9502031025654746
CHIP >=2%,1.3032437353265296,0.9429062205742648,0.9349103457757088,0.9499462943271694
CHIP >=2%,1.3059816423335182,0.942632199586013,0.9346195630473717,0.9496894373487185
CHIP >=2%,1.3087195493405066,0.9418101366212577,0.9337475060235427,0.9489185772282184
CHIP >=2%,1.3114574563474952,0.9409878344065128,0.932875606646116,0.9481470800481384
CHIP >=2%,1.3141953633544836,0.940713653802082,0.9325849768389928,0.9478897506588826
CHIP >=2%,1.3169332703614722,0.9398908721806808,0.9317130934728741,0.9471172750660926
CHIP >=2%,1.3196711773684606,0.9396166116402137,0.9314225577009225,0.9468596918534732
CHIP >=2%,1.3224090843754492,0.9387938300188124,0.9305512223185226,0.9460866722270764
CHIP >=2%,1.3251469913824376,0.9385194893320741,0.9302607758948233,0.9458288394440169
CHIP >=2%,1.3278848983894262,0.9379706475254471,0.9296798340441607,0.9453129005791183
CHIP >=2%,1.3306228053964146,0.9371473848155067,0.9288087501057741,0.9445386658983371
CHIP >=2%,1.3333607124034033,0.9371473848155067,0.9288087501057741,0.9445386658983371
CHIP >=2%,1.3360986194103917,0.9363233982520699,0.9279372344779971,0.9437634075214724
CHIP >=2%,1.3415744334243687,0.9360487360642575,0.9276468146336815,0.9435049033869556
CHIP >=2%,1.3443123404313573,0.9352247495008207,0.9267758075916185,0.9427291405017972
CHIP >=2%,1.3470502474383457,0.9346754251251961,0.9261953441264151,0.9422117589827991
CHIP >=2%,1.3497881544453343,0.9338514385617592,0.9253249558654306,0.9414353821405371
CHIP >=2%,1.3525260614523227,0.9324781276226978,0.9238751114506498,0.9401406241322976
CHIP >=2%,1.3552639684593113,0.9324781276226978,0.9238751114506498,0.9401406241322976
CHIP >=2%,1.3580018754662997,0.93192864139546,0.923295266741541,0.9396223040358141
CHIP >=2%,1.3607397824732883,0.9316538172605747,0.9230053112738149,0.9393630144127333
CHIP >=2%,1.3662155964872653,0.9313789931256896,0.9227153943887388,0.9391036865080123
CHIP >=2%,1.3716914105012423,0.9300044668666493,0.9212659246395191,0.9378061202480005
CHIP >=2%,1.3744293175082307,0.9283550353558009,0.9195277918380736,0.9362478194281701
CHIP >=2%,1.3771672245152193,0.9275300753125344,0.9186589419451775,0.9354679645996997
CHIP >=2%,1.3799051315222077,0.9275300753125344,0.9186589419451775,0.9354679645996997
CHIP >=2%,1.3826430385291963,0.9272550070814216,0.9183693052593864,0.9352078694784999
CHIP >=2%,1.3853809455361847,0.9269798572276883,0.9180796124226265,0.9349476665285097
CHIP >=2%,1.3881188525431734,0.9258792578127548,0.9169211928158887,0.9339065058339807
CHIP >=2%,1.3908567595501617,0.9250538082515547,0.9160527423463485,0.9331252739824124
CHIP >=2%,1.3935946665571504,0.9247786583978214,0.915763327284925,0.9328647954747836
CHIP >=2%,1.3963325735641388,0.9245035085440879,0.9154739461470285,0.9326042833079901
CHIP >=2%,1.3990704805711274,0.9242281948131338,0.9151844151705516,0.9323435915348117
CHIP >=2%,1.401808387578116,0.9236775673512254,0.9146054540600319,0.9318221079749575
CHIP >=2%,1.4045462945851044,0.9234022536202713,0.9143160235882173,0.931561316520418
CHIP >=2%,1.407284201592093,0.9231269398893172,0.9140266262827171,0.9313004921684301
CHIP >=2%,1.4100221085990814,0.9231269398893172,0.9140266262827171,0.9313004921684301
CHIP >=2%,1.4154979226130584,0.9231269398893172,0.9140266262827171,0.9313004921684301
CHIP >=2%,1.418235829620047,0.9225758193281892,0.9134473787968208,0.9307783052057632
CHIP >=2%,1.423711643634024,0.9223000943373559,0.913157620075396,0.9305170158047017
CHIP >=2%,1.4264495506410124,0.9217486443556894,0.9125782006661127,0.9299943398717604
CHIP >=2%,1.4319253646549894,0.9214729193648561,0.9122885396575809,0.9297329536545323
CHIP >=2%,1.434663271661978,0.9209214693831895,0.9117093142416175,0.9292100854949449
CHIP >=2%,1.4374011786689664,0.9203698542472907,0.9111300320945853,0.9286869430465898
CHIP >=2%,1.440139085675955,0.9195424315434423,0.9102613460652407,0.9279019943507124
CHIP >=2%,1.4428769926829434,0.9192665412249474,0.9099717543351874,0.9276402086539988
CHIP >=2%,1.445614899689932,0.9189906509064526,0.9096821937230519,0.9273783921264799
CHIP >=2%,1.451090713703909,0.9189906509064526,0.9096821937230519,0.9273783921264799
CHIP >=2%,1.4538286207108975,0.9184387045695718,0.9091029804191338,0.9268545187865949
CHIP >=2%,1.456566527717886,0.9181627314011315,0.9088134199221958,0.9265925363935081
CHIP >=2%,1.4593044347248745,0.9178867582326911,0.9085238900034586,0.9263305237064736
CHIP >=2%,1.462042341731863,0.9178867582326911,0.9085238900034586,0.9263305237064736
CHIP >=2%,1.4647802487388515,0.9176106190154129,0.9082342053843482,0.9260683321047558
CHIP >=2%,1.4702560627528285,0.9173344797981346,0.9079445511411783,0.9258061104219334
CHIP >=2%,1.4729939697598171,0.9170583405808564,0.9076549271333768,0.9255438587957875
CHIP >=2%,1.4757318767668055,0.9162296734056329,0.9067859572007644,0.9247567018551568
CHIP >=2%,1.4784697837737941,0.9156770620223966,0.9062066072576109,0.9242316337093964
CHIP >=2%,1.4839455977877711,0.9156770620223966,0.9062066072576109,0.9242316337093964
CHIP >=2%,1.4866835047947595,0.9145715056541233,0.9050478890778982,0.9231808485201516
CHIP >=2%,1.4894214118017481,0.9142951165620549,0.9047582823768305,0.9229180801059469
CHIP >=2%,1.4921593188087365,0.9137423383779182,0.9041791554792262,0.922392457626849
CHIP >=2%,1.4948972258157252,0.9131895601937815,0.9036001430717872,0.9218667217789133
CHIP >=2%,1.5003730398297022,0.9126366146532463,0.9030210581802159,0.9213407231124037
CHIP >=2%,1.5031109468366906,0.9126366146532463,0.9030210581802159,0.9213407231124037
CHIP >=2%,1.5058488538436792,0.912359974272933,0.9027313718087863,0.921077531212952
CHIP >=2%,1.5085867608506678,0.9118065256989125,0.9021518968946819,0.9205509131450945
CHIP >=2%,1.5113246678576562,0.9112529091077171,0.9015723470602177,0.9200240334597937
CHIP >=2%,1.5140625748646448,0.9109761008121193,0.9012826137625691,0.9197605524389935
CHIP >=2%,1.5168004818716332,0.9104223159484037,0.900703043067176,0.9192333571685797
CHIP >=2%,1.5195383888786218,0.9101453392778992,0.9004132053884024,0.9189696430019134
CHIP >=2%,1.5222762958856102,0.9098683626073947,0.9001233950201303,0.9187059018218277
CHIP >=2%,1.5250142028925988,0.9098683626073947,0.9001233950201303,0.9187059018218277
CHIP >=2%,1.5277521098995872,0.9093142405838822,0.899543668673988,0.9181781869524202
CHIP >=2%,1.5304900169065758,0.9087601185603698,0.8989640503398411,0.9176503652559549
CHIP >=2%,1.5332279239135642,0.9082059965368573,0.8983845391159593,0.917122437613857
CHIP >=2%,1.5359658309205528,0.9079289355251011,0.898094823392331,0.916858434335022
CHIP >=2%,1.5387037379275412,0.9073748135015887,0.8975154711729886,0.9163303493983296
CHIP >=2%,1.5414416449345298,0.9070977524898325,0.8972258344602718,0.9160662679526983
CHIP >=2%,1.5469174589485069,0.90654363046632,0.8966466392923406,0.915538027631544
CHIP >=2%,1.5496553659554952,0.9059895084428077,0.8960675477618656,0.9150096847611008
CHIP >=2%,1.5523932729624839,0.9057123626769946,0.8957779468068736,0.9147453986271455
CHIP >=2%,1.5551311799694723,0.9054352169111817,0.89548837148327,0.9144810871335013
CHIP >=2%,1.5578690869764609,0.9051579013776714,0.895198633870071,0.914216597105503
CHIP >=2%,1.5606069939834493,0.904880585844161,0.8949089217521898,0.9139520818620772
CHIP >=2%,1.5633449009904379,0.904880585844161,0.8949089217521898,0.9139520818620772
CHIP >=2%,1.5660828079974263,0.9043257847492229,0.8943293855771168,0.9134228225449619
CHIP >=2%,1.568820715004415,0.9043257847492229,0.8943293855771168,0.9134228225449619
CHIP >=2%,1.5715586220114033,0.9037706430765714,0.8937495737972411,0.9128931557206609
CHIP >=2%,1.574296529018392,0.9034930722402457,0.8934597055997515,0.912628285047901
CHIP >=2%,1.5770344360253803,0.9032155014039199,0.8931698623986651,0.9123633896635145
CHIP >=2%,1.579772343032369,0.9023825329120012,0.8923001990258448,0.91156832472987
CHIP >=2%,1.5825102500393573,0.9021048767480283,0.8920103606467,0.911303254240028
CHIP >=2%,1.585248157046346,0.9018272205840554,0.891720546813797,0.9110381594834204
CHIP >=2%,1.5879860640533343,0.9018272205840554,0.891720546813797,0.9110381594834204
CHIP >=2%,1.590723971060323,0.9015493077271728,0.8914304739837282,0.9107728083590558
CHIP >=2%,1.5934618780673113,0.9012713091740654,0.8911403309903753,0.910507355546889
CHIP >=2%,1.5989376920812883,0.9007153120678507,0.8905601180971047,0.909976377716657
CHIP >=2%,1.601675599088277,0.9001591433046102,0.8899798126250088,0.9094451488345102
CHIP >=2%,1.6044135060952653,0.8996029745413698,0.8893996033849698,0.9089138248931907
CHIP >=2%,1.607151413102254,0.898490637014889,0.8882394707038703,0.9078508946574586
CHIP >=2%,1.6098893201092423,0.8979344682516486,0.8876595458393042,0.9073192897511653
CHIP >=2%,1.612627227116231,0.8976563838700284,0.8873696184694592,0.9070534526499192
CHIP >=2%,1.6153651341232196,0.8973781270864357,0.8870795243988664,0.9067874362780312
CHIP >=2%,1.618103041130208,0.897099870302843,0.8867894535655546,0.9065213969513803
CHIP >=2%,1.6208409481371966,0.8968216135192503,0.8864994058840884,0.9062553347532518
CHIP >=2%,1.623578855144185,0.8962650999520649,0.8859193796378569,0.9057231420729104
CHIP >=2%,1.6263167621511736,0.8959868431684722,0.8856294009051112,0.9054570117544913
CHIP >=2%,1.629054669158162,0.8957085863848796,0.8853394449882395,0.9051908588921933
CHIP >=2%,1.6317925761651506,0.8948738160341015,0.8844697133098633,0.9043922658447605
CHIP >=2%,1.634530483172139,0.8948738160341015,0.8844697133098633,0.9043922658447605
CHIP >=2%,1.6372683901791276,0.8934820993684187,0.8830201333901728,0.9030604408701071
CHIP >=2%,1.640006297186116,0.8932037560352821,0.8827302840879584,0.9027940099799503
CHIP >=2%,1.6427442041931046,0.8929253259367674,0.8824403614420957,0.9025274784732538
CHIP >=2%,1.645482111200093,0.8920897751015178,0.8815704388667415,0.9017275170279399
CHIP >=2%,1.6482200182070816,0.8915327412113513,0.8809905995943874,0.9011941015923353
CHIP >=2%,1.65095792521407,0.8909755332480942,0.880410655710549,0.900660442301707
CHIP >=2%,1.6536958322210586,0.8906969292664657,0.8801207160947729,0.9003935807184519
CHIP >=2%,1.6591716462350357,0.8904183252848371,0.8798307979309675,0.900126697939569
CHIP >=2%,1.661909553242024,0.8901396341032143,0.8795408054034889,0.8998597147099429
CHIP >=2%,1.6646474602490127,0.8898609429215915,0.8792508342106423,0.8995927104034079
CHIP >=2%,1.667385367256001,0.8895820770667117,0.8789606925381019,0.899325526153474
CHIP >=2%,1.672861181269978,0.889024345356952,0.8783804728642763,0.8987910947726089
CHIP >=2%,1.678336995283955,0.888745479502072,0.8780903947192187,0.8985238477817468
CHIP >=2%,1.6810749022909437,0.8884665261186753,0.8778002415725736,0.8982565003344175
CHIP >=2%,1.6865507163049207,0.8881875727352785,0.877510109416762,0.8979891321578585
CHIP >=2%,1.689288623311909,0.8879086193518817,0.8772199981813233,0.897721743320706
CHIP >=2%,1.6920265303188977,0.8867924551540792,0.8760593766200092,0.8966516632361639
CHIP >=2%,1.694764437325886,0.8865133262730109,0.8757691766240471,0.8963840121534826
CHIP >=2%,1.6975023443328747,0.8859550685108744,0.875188838253304,0.8958486491411805
CHIP >=2%,1.7002402513398631,0.8856758516597836,0.8748986033421369,0.8955808571617262
CHIP >=2%,1.7029781583468517,0.8853964586466416,0.8746081957896187,0.8953128844735039
CHIP >=2%,1.7111918793678171,0.8851170656334998,0.8743178086155223,0.8950448916726352
CHIP >=2%,1.7139297863748058,0.8848376726203578,0.8740274417533307,0.8947768788238296
CHIP >=2%,1.7166676933817941,0.884558279607216,0.8737370951369366,0.8945088459914048
CHIP >=2%,1.7194056003887828,0.8839994935809322,0.8731564623791397,0.8939727206310268
CHIP >=2%,1.7221435073957714,0.8837200122361389,0.8728660793872398,0.8937045476547141
CHIP >=2%,1.7248814144027598,0.8826017331950303,0.8717043598612488,0.8926313360676661
CHIP >=2%,1.7303572284167368,0.8823220748511789,0.8714138826602293,0.8923629033465866
CHIP >=2%,1.7330951354237254,0.8820424165073275,0.8711234252089566,0.8920944511360003
CHIP >=2%,1.7358330424307138,0.8814829224277162,0.8705423752457249,0.8915573265264264
CHIP >=2%,1.7385709494377024,0.8812030865793264,0.8702517825342909,0.8912886541054676
CHIP >=2%,1.7413088564446908,0.8806434148825469,0.8696706557161596,0.8907512514441085
CHIP >=2%,1.7440467634516794,0.8803635790341572,0.8693801214870197,0.8904825213227264
CHIP >=2%,1.7467846704586678,0.8798037293813532,0.8687989165386251,0.8899448412068882
CHIP >=2%,1.7495225774656564,0.8792438797285492,0.8682177887049478,0.889407085009396
CHIP >=2%,1.7522604844726448,0.8789639549021473,0.8679272535570016,0.889138178524986
CHIP >=2%,1.7549983914796334,0.8786839408993113,0.8676366400615398,0.88886917168366
CHIP >=2%,1.7577362984866218,0.8781239128936393,0.8670554702165488,0.8883311016213801
CHIP >=2%,1.7632121125005988,0.8781239128936393,0.8670554702165488,0.8883311016213801
CHIP >=2%,1.7659500195075875,0.8772833348021648,0.8661832719731994,0.8875233661491455
CHIP >=2%,1.7714258335215645,0.8764427567106904,0.8653112432116616,0.8867154635024259
CHIP >=2%,1.7741637405285529,0.8761625640135322,0.8650206043549556,0.8864461257282349
CHIP >=2%,1.7796395545425299,0.875882371316374,0.8647299841030973,0.8861767695991433
CHIP >=2%,1.7823774615495185,0.8753219859220577,0.8641487991912499,0.8856380024926787
CHIP >=2%,1.7851153685565069,0.8753219859220577,0.8641487991912499,0.8856380024926787
CHIP >=2%,1.7878532755634955,0.8747614210895748,0.8635674922578092,0.8850989983459985
CHIP >=2%,1.7933290895774725,0.8744811386733333,0.8632768663504895,0.8848294690835455
CHIP >=2%,1.796066996584461,0.8739205738408504,0.8626956693831584,0.8842903564442809
CHIP >=2%,1.7988049035914495,0.873640291424609,0.8624050982154723,0.8840207731721341
CHIP >=2%,1.801542810598438,0.8733600090083675,0.8621145451871631,0.8837511720009362
CHIP >=2%,1.8042807176054265,0.8730797265921261,0.8618240102451505,0.8834815529822964
CHIP >=2%,1.8097565316194035,0.872799354168686,0.8615333952074467,0.8832118337091093
CHIP >=2%,1.8152323456333805,0.872518981745246,0.8612427981758407,0.882942096669777
CHIP >=2%,1.817970252640369,0.871958236898366,0.8606616579219707,0.8824025694958042
CHIP >=2%,1.8207081596473575,0.8716777742940244,0.8603710163180965,0.8821326968103682
CHIP >=2%,1.8261839736613346,0.8713972214217057,0.8600802941726955,0.8818627238016798
CHIP >=2%,1.8289218806683232,0.8708361156770684,0.8594989032217554,0.8813227251649353
CHIP >=2%,1.8316597876753116,0.8702750099324311,0.8589175830513494,0.8807826566987224
CHIP >=2%,1.8371356016892886,0.8702750099324311,0.8589175830513494,0.8807826566987224
CHIP >=2%,1.8426114157032656,0.8699941854697231,0.8586266535744826,0.8805123473471401
CHIP >=2%,1.8453493227102542,0.869713361007015,0.858335741715615,0.8802420206227376
CHIP >=2%,1.8480872297172426,0.8691513491420669,0.8577535754530482,0.8797009823380975
CHIP >=2%,1.8508251367242312,0.868589337277119,0.8571714792608625,0.8791598749771774
CHIP >=2%,1.8535630437312196,0.8677463194796969,0.8562984654925112,0.8783480852541579
CHIP >=2%,1.8563009507382082,0.8669033016822749,0.8554256071818687,0.8775361422449444
CHIP >=2%,1.8590388577451966,0.8660600105327786,0.8545526057272123,0.8767237961828068
CHIP >=2%,1.8617767647521852,0.8657789134829464,0.854261639328528,0.8764529805510649
CHIP >=2%,1.8645146717591736,0.8654978164331144,0.8539706898948926,0.8761821481895735
CHIP >=2%,1.8672525787661622,0.8652167193832823,0.8536797573798495,0.8759112991434336
CHIP >=2%,1.8727283927801393,0.8646543425751033,0.8530977442936125,0.8753693833145926
CHIP >=2%,1.8754662997871276,0.863810777362835,0.8522248505828801,0.8745563854013553
CHIP >=2%,1.8782042067941163,0.863248400554656,0.8516430048591561,0.8740143045261075
CHIP >=2%,1.8809421138011047,0.8629672121505665,0.8513521068877303,0.8737432395392495
CHIP >=2%,1.8836800208080933,0.8624048353423875,0.850770360503781,0.8732010606826421
CHIP >=2%,1.8891558348220703,0.8618424585342086,0.8501886799051097,0.8726588169337026
CHIP >=2%,1.8918937418290587,0.8615612701301191,0.8498978641661403,0.8723876708306094
CHIP >=2%,1.9028453698570127,0.8612799899243959,0.8496069650598922,0.8721164241906926
CHIP >=2%,1.9055832768640013,0.8609987097186728,0.8493160822494221,0.871845161476815
CHIP >=2%,1.9110590908779783,0.8607174295129496,0.8490252156918282,0.8715738827306496
CHIP >=2%,1.9165349048919553,0.8601546851981324,0.8484433315488796,0.8710311080856891
CHIP >=2%,1.9192728118989437,0.8598733130407238,0.8481524137209281,0.8707596968509304
CHIP >=2%,1.9220107189059323,0.8593105687259065,0.8475706263414554,0.8702168267614199
CHIP >=2%,1.9247486259129207,0.8590291965684979,0.8472797567063348,0.869945367987876
CHIP >=2%,1.9274865329199093,0.8584664522536807,0.8466980653379255,0.8694024031847043
CHIP >=2%,1.9302244399268977,0.8584664522536807,0.8466980653379255,0.8694024031847043
CHIP >=2%,1.9329623469338864,0.8579033388051706,0.8461160371868713,0.8688590357271837
CHIP >=2%,1.9384381609478634,0.8573402253566604,0.8455340724838842,0.8683156056926601
CHIP >=2%,1.941176067954852,0.8567771119081503,0.8449521709047703,0.8677721133959617
CHIP >=2%,1.9548656029897944,0.8564955551838953,0.8446612436862482,0.8675003439968284
CHIP >=2%,1.957603509996783,0.8556506072504683,0.8437882547881264,0.8666846872999
CHIP >=2%,1.9603414170037714,0.8553688652000071,0.8434971891587095,0.8664126855147439
CHIP >=2%,1.96307932401076,0.855087123149546,0.8432061390768354,0.8661406683961319
CHIP >=2%,1.9658172310177484,0.8548053810990849,0.842915104503492,0.8658686359819421
CHIP >=2%,1.9712930450317254,0.8536784128972403,0.8417511205219548,0.8647803541205236
CHIP >=2%,1.974030952038714,0.8533966708467792,0.8414601629128329,0.8645082457901874
CHIP >=2%,1.9767688590457024,0.8525514446953958,0.840587381605851,0.8636918305125342
CHIP >=2%,1.979506766052691,0.8519879605944736,0.8400056032936691,0.8631474787857822
CHIP >=2%,1.9822446730596794,0.8505792503421679,0.8385514209813734,0.8617863395012685
CHIP >=2%,1.984982580066668,0.8502975082917067,0.8382606293932092,0.861514067362012
CHIP >=2%,1.9877204870736565,0.8497340241907844,0.8376790908030166,0.8609694790813108
CHIP >=2%,1.990458394080645,0.8494522821403233,0.8373883437297277,0.8606971630091621
CHIP >=2%,1.9931963010876335,0.8486070559889399,0.8365161909731053,0.8598801274778762
CHIP >=2%,1.995934208094622,0.8483253139384788,0.8362255027585228,0.8596077533094355
CHIP >=2%,1.9986721151016105,0.8477616426335363,0.8356439677789077,0.8590627887515008
CHIP >=2%,2.001410022108599,0.8469158544965557,0.8347714706432265,0.8582449742584073
CHIP >=2%,2.0041479291155877,0.8466339251175622,0.834480667305412,0.8579723407670841
CHIP >=2%,2.006885836122576,0.8463519957385687,0.8341898784313531,0.8576996930006696
CHIP >=2%,2.0096237431295645,0.8457879490902924,0.8336081409108432,0.8571541811080567
CHIP >=2%,2.012361650136553,0.8455059257661542,0.8333172937427351,0.8568814038533853
CHIP >=2%,2.0150995571435417,0.84465957348811,0.8324445332562559,0.8560627262260723
CHIP >=2%,2.01783746415053,0.8440953386360805,0.8318627643449785,0.8555168706705102
CHIP >=2%,2.023313278164507,0.8435311037840512,0.831281052258375,0.8549709590356569
CHIP >=2%,2.0260511851714957,0.8432488919728153,0.8309901155238922,0.8546978949676968
CHIP >=2%,2.028789092178484,0.8426844683503435,0.8304082844109832,0.8541517250345622
CHIP >=2%,2.0315269991854725,0.8424022565391076,0.8301173899684609,0.8538786192316989
CHIP >=2%,2.034264906192461,0.8421200447278717,0.8298265095594081,0.8536054995792778
CHIP >=2%,2.0370028131994498,0.841273409294164,0.8289539522169849,0.8527860578320174
CHIP >=2%,2.0452165342204154,0.841273409294164,0.8289539522169849,0.8527860578320174
CHIP >=2%,2.0479544412274038,0.8404264897546061,0.8280812135160711,0.8519662295427678
CHIP >=2%,2.050692348234392,0.8404264897546061,0.8280812135160711,0.8519662295427678
CHIP >=2%,2.0534302552413806,0.8398616870061151,0.827499252269301,0.8514194333839799
CHIP >=2%,2.058906069255358,0.839296884257624,0.8269173461948958,0.8508725827802508
CHIP >=2%,2.061643976262346,0.8387320815091331,0.8263354950489901,0.8503256779686598
CHIP >=2%,2.0643818832693346,0.8381668981657981,0.8257532881894339,0.8497783666705105
CHIP >=2%,2.0671197902763234,0.8381668981657981,0.8257532881894339,0.8497783666705105
CHIP >=2%,2.069857697283312,0.8381668981657981,0.8257532881894339,0.8497783666705105
CHIP >=2%,2.0725956042903,0.8381668981657981,0.8257532881894339,0.8497783666705105
CHIP >=2%,2.0753335112972886,0.8381668981657981,0.8257532881894339,0.8497783666705105
CHIP >=2%,2.0780714183042774,0.8378838293045466,0.8254616906711851,0.8495042488408804
CHIP >=2%,2.080809325311266,0.8376007604432951,0.8251701068731275,0.8492301174865741
CHIP >=2%,2.0835472323182542,0.8373175958860121,0.8248784335781861,0.8489558839989984
CHIP >=2%,2.0890230463322315,0.8373175958860121,0.8248784335781861,0.8489558839989984
CHIP >=2%,2.09176095333922,0.837034335535577,0.8245866706767176,0.8486815482958212
CHIP >=2%,2.0944988603462082,0.8364678148347069,0.8240031858534019,0.8481328365040255
CHIP >=2%,2.0972367673531966,0.8361844585288686,0.8237113604324933,0.8478583715719891
CHIP >=2%,2.0999746743601855,0.8359011022230303,0.8234195486119944,0.847583893237934
CHIP >=2%,2.102712581367174,0.8353343896113536,0.8228359656542776,0.8470348964780485
CHIP >=2%,2.1054504883741623,0.8350510333055153,0.8225441944584136,0.8467603781090464
CHIP >=2%,2.1081883953811507,0.8344843206938387,0.8219606924870357,0.8462113015340642
CHIP >=2%,2.1109263023881395,0.8339174155846717,0.8213770368343192,0.8456619935736023
CHIP >=2%,2.1218779304160935,0.8339174155846717,0.8213770368343192,0.8456619935736023
CHIP >=2%,2.124615837423082,0.8330667687819672,0.820501342261124,0.8448376646439792
CHIP >=2%,2.1273537444300703,0.8327831233040026,0.8202093667664752,0.844562772519924
CHIP >=2%,2.1300916514370587,0.8324994778260381,0.819917404584315,0.8442878672791864
CHIP >=2%,2.1328295584440475,0.8319321868701088,0.8193335200447958,0.8437380175567887
CHIP >=2%,2.1383053724580243,0.8316485413921443,0.8190415976314126,0.8434630731293983
CHIP >=2%,2.1437811864720016,0.8313648959141797,0.8187496884184677,0.8431881156938661
CHIP >=2%,2.14651909347899,0.8307974113435899,0.8181657010572099,0.8426379822767981
CHIP >=2%,2.1492570004859783,0.8305135721186689,0.817873622743507,0.8423628061983319
CHIP >=2%,2.151994907492967,0.830229732893748,0.8175815575583872,0.842087617185446
CHIP >=2%,2.1547328144999556,0.8293779240022702,0.8167051271130787,0.8412617025333077
CHIP >=2%,2.157470721506944,0.8290939877051109,0.8164130097451442,0.8409863719232735
CHIP >=2%,2.1602086285139324,0.8288100514079516,0.8161209053890981,0.8407110284938425
CHIP >=2%,2.162946535520921,0.8285261151107923,0.8158288140180977,0.8404356722710068
CHIP >=2%,2.1711602565418864,0.828242178813633,0.8155367356054155,0.8401603032806492
CHIP >=2%,2.173898163548875,0.8276743062193145,0.8149526175486685,0.8396095271003547
CHIP >=2%,2.1766360705558636,0.8271064336249959,0.8143685510073188,0.8390587001578518
CHIP >=2%,2.179373977562852,0.8262546247335181,0.8134925473283545,0.8382323650089442
CHIP >=2%,2.1848497915768292,0.8259706884363588,0.8132005716336494,0.8379568947972373
CHIP >=2%,2.1875876985838176,0.8254028158420402,0.812616658387183,0.8374059167804172
CHIP >=2%,2.190325605590806,0.8248349432477217,0.8120327958277783,0.8368548888040093
CHIP >=2%,2.1930635125977944,0.8245509091763554,0.8117407784014944,0.8365792652910816
CHIP >=2%,2.1958014196047833,0.8242668751049892,0.8114487735896309,0.8363036293457922
CHIP >=2%,2.20127723361876,0.8236988069622566,0.8108648017087177,0.8357523202554716
CHIP >=2%,2.2040151406257484,0.8234147728908903,0.8105728345897077,0.8354766471588624
CHIP >=2%,2.2067530476327373,0.8231306408091474,0.8102807746758302,0.835200870625621
CHIP >=2%,2.2094909546397257,0.8228464106154979,0.8099886218561947,0.8349249905655955
CHIP >=2%,2.212228861646714,0.8225621804218484,0.8096964815385035,0.8346490981860608
CHIP >=2%,2.2177046756606913,0.8225621804218484,0.8096964815385035,0.8346490981860608
CHIP >=2%,2.2204425826676797,0.8217089001517012,0.8088195019476457,0.8338207990773248
CHIP >=2%,2.223180489674668,0.8211398496668315,0.8082346995755676,0.8332683551918939
CHIP >=2%,2.2259183966816565,0.8205707991819619,0.8076499468447643,0.8327158624060254
CHIP >=2%,2.2286563036886453,0.8205707991819619,0.8076499468447643,0.8327158624060254
CHIP >=2%,2.2313942106956337,0.8205707991819619,0.8076499468447643,0.8327158624060254
CHIP >=2%,2.234132117702622,0.8202860764896711,0.8073573769980231,0.832439414102504
CHIP >=2%,2.2396079317165993,0.8200013537973804,0.8070648195258323,0.8321629536122287
CHIP >=2%,2.245083745730576,0.819431710620029,0.8064795292435264,0.8316098121804063
CHIP >=2%,2.2505595597445534,0.8191467899974211,0.8061867962681084,0.8313331311311253
CHIP >=2%,2.2532974667515417,0.8188618693748133,0.8058940756081271,0.8310564379559557
CHIP >=2%,2.25603537375853,0.8185769487522054,0.8056013672398272,0.8307797326778634
CHIP >=2%,2.258773280765519,0.8180071075069898,0.8050159872837394,0.8302262859043127
CHIP >=2%,2.2615111877725074,0.817722186884382,0.8047233156489266,0.829949544454326
CHIP >=2%,2.2642490947794958,0.8171523456391664,0.8041380089489212,0.8293960255409258
CHIP >=2%,2.266987001786484,0.8171523456391664,0.8041380089489212,0.8293960255409258
CHIP >=2%,2.269724908793473,0.8168672261884898,0.803845160476273,0.8291190630757455
CHIP >=2%,2.2724628158004614,0.8168672261884898,0.803845160476273,0.8291190630757455
CHIP >=2%,2.277938629814438,0.8165820071849323,0.803552217341023,0.8288419959797423
CHIP >=2%,2.280676536821427,0.8165820071849323,0.803552217341023,0.8288419959797423
CHIP >=2%,2.2834144438284154,0.8160113698633495,0.802966153674058,0.8282876403751339
CHIP >=2%,2.286152350835404,0.8157258515393946,0.8026729258258204,0.8280102587981084
CHIP >=2%,2.288890257842392,0.8154403332154396,0.8023797101219806,0.8277328652713294
CHIP >=2%,2.2943660718563694,0.8151548148914847,0.802086506539576,0.8274554598169618
CHIP >=2%,2.297103978863358,0.8148692965675297,0.8017933150557368,0.827178042457082
CHIP >=2%,2.299841885870346,0.8148692965675297,0.8017933150557368,0.827178042457082
CHIP >=2%,2.302579792877335,0.8145835780203462,0.801499920870389,0.8269004267995691
CHIP >=2%,2.313531420905289,0.8142978594731627,0.8012065387741961,0.8266227992491455
CHIP >=2%,2.3162693279122775,0.8140121409259792,0.8009131687444502,0.8263451598277187
CHIP >=2%,2.319007234919266,0.813726322056272,0.800619703161054,0.8260674151387598
CHIP >=2%,2.324483048933243,0.8128679609570565,0.7997384086474935,0.8252332677101489
CHIP >=2%,2.3272209559402315,0.8122957202242461,0.7991509391385283,0.8246771102635999
CHIP >=2%,2.335434676961197,0.8120095998578409,0.7988572223668972,0.8243990138568094
CHIP >=2%,2.3436483979821623,0.8117234794914358,0.7985635175541894,0.8241209056895776
CHIP >=2%,2.3491242119961395,0.8117234794914358,0.7985635175541894,0.8241209056895776
CHIP >=2%,2.3546000260101163,0.8111510369812162,0.7979759274179608,0.8235644661730627
CHIP >=2%,2.357337933017105,0.8108648157261064,0.7976821502268354,0.8232862288358637
CHIP >=2%,2.3600758400240935,0.810006151960777,0.7968008898987092,0.8224514467616704
CHIP >=2%,2.362813747031082,0.810006151960777,0.7968008898987092,0.8224514467616704
CHIP >=2%,2.3655516540380708,0.8091468809367733,0.7959190853069043,0.8216159940325514
CHIP >=2%,2.3710274680520476,0.8088604572621055,0.7956251740604983,0.8213374865681475
CHIP >=2%,2.373765375059036,0.8082876099127697,0.7950373868653224,0.8207804369312426
CHIP >=2%,2.376503282066025,0.8080011862381018,0.7947435108739631,0.8205018947997784
CHIP >=2%,2.379241189073013,0.807428338888766,0.7941557939978556,0.8199447760128267
CHIP >=2%,2.3819790960800016,0.8068554915394301,0.793568123790404,0.8193876113289286
CHIP >=2%,2.38471700308699,0.8068554915394301,0.793568123790404,0.8193876113289286
CHIP >=2%,2.387454910093979,0.8068554915394301,0.793568123790404,0.8193876113289286
CHIP >=2%,2.3929307241079556,0.8059956100209156,0.792686051910997,0.818551209205134
CHIP >=2%,2.395668631114944,0.8057088808818117,0.7923919419905922,0.8182722905611489
CHIP >=2%,2.398406538121933,0.8054221517427079,0.792097843665326,0.8179933605172237
CHIP >=2%,2.4011444451289212,0.8051352183078156,0.7918035381749347,0.8177142285377211
CHIP >=2%,2.4038823521359096,0.8051352183078156,0.7918035381749347,0.8177142285377211
CHIP >=2%,2.406620259142898,0.8045611468509116,0.7912147429111837,0.8171557395797875
CHIP >=2%,2.409358166149887,0.8042741111224597,0.7909203626378862,0.8168764780409986
CHIP >=2%,2.4120960731568752,0.8036998347132327,0.7903314173218161,0.8163177297241326
CHIP >=2%,2.4148339801638636,0.8036998347132327,0.7903314173218161,0.8163177297241326
CHIP >=2%,2.420309794177841,0.8034125938859584,0.7900368521099578,0.8160382428238839
CHIP >=2%,2.4230477011848293,0.8031253530586843,0.7897422984172546,0.8157587446048064
CHIP >=2%,2.4257856081918177,0.8028381122314101,0.7894477562234857,0.8154792350863481
CHIP >=2%,2.428523515198806,0.8025508714041358,0.7891532255085082,0.815199714287884
CHIP >=2%,2.4339993292127833,0.8022635277337441,0.7888585961944511,0.8149200862539607
CHIP >=2%,2.4367372362197717,0.8019761840633524,0.7885639783365368,0.8146404469633846
CHIP >=2%,2.442213050233749,0.8016888403929606,0.7882693719148028,0.8143607964353538
CHIP >=2%,2.4449509572407373,0.8014013936950786,0.7879746666721139,0.8140810385267611
CHIP >=2%,2.4476888642477257,0.8011139469971965,0.7876799728432722,0.8138012694037481
CHIP >=2%,2.450426771254714,0.8005388472506084,0.787090398595897,0.8132415049562324
CHIP >=2%,2.453164678261703,0.8002512973773144,0.7867956285400725,0.8129616059640316
CHIP >=2%,2.4559025852686913,0.7999637475040203,0.7865008698366537,0.8126816958180273
CHIP >=2%,2.4586404922756797,0.7993886477574322,0.7859113864089748,0.8121218421396623
CHIP >=2%,2.461378399282668,0.7991010978841382,0.7856166616458714,0.8118418986446531
CHIP >=2%,2.464116306289657,0.7988135480108441,0.7853219481574863,0.8115619440705442
CHIP >=2%,2.4668542132966453,0.7985259981375501,0.7850272459245824,0.8112819784358379
CHIP >=2%,2.4695921203036337,0.797950898390962,0.7844378751486334,0.8107220140582987
CHIP >=2%,2.4723300273106226,0.797663348517668,0.7841432065674775,0.8104420153521277
CHIP >=2%,2.4832816553385766,0.79708824877108,0.7835539029240658,0.8098819849961285
CHIP >=2%,2.4914953763595418,0.7965127337900179,0.7829642000026147,0.8093215228825603
CHIP >=2%,2.4942332833665306,0.7959372188089557,0.7823745416340141,0.8087610169898899
CHIP >=2%,2.496971190373519,0.7956494613184247,0.7820797291103506,0.8084807476712857
CHIP >=2%,2.4997090973805074,0.795361599718816,0.7817848164075486,0.8082003701746562
CHIP >=2%,2.5051849113944846,0.7950737381192073,0.7814899147855869,0.8079199817899162
CHIP >=2%,2.5106607254084614,0.7947857722596929,0.7811949128136835,0.8076394850979718
CHIP >=2%,2.5216123534364154,0.7944978064001785,0.7808999219027423,0.8073589775385104
CHIP >=2%,2.5270881674503927,0.7942098405406641,0.7806049420343929,0.8070784591291917
CHIP >=2%,2.529826074457381,0.7939218746811497,0.780309973190334,0.8067979298876117
CHIP >=2%,2.535301888471358,0.7936339088216354,0.7800150153523326,0.8065173898313013
CHIP >=2%,2.5380397954783467,0.793345942962121,0.7797200685022232,0.806236838977728
CHIP >=2%,2.540777702485335,0.7930579771026066,0.7794251326219083,0.8059562773442953
CHIP >=2%,2.5435156094923235,0.7927700112430923,0.7791302076933576,0.8056757049483438
CHIP >=2%,2.546253516499312,0.7924819407448208,0.7788351819324909,0.8053950239719229
CHIP >=2%,2.5489914235063007,0.7921938702465493,0.7785401671043518,0.8051143322527485
CHIP >=2%,2.551729330513289,0.7919057997482778,0.7782451631910627,0.8048336298080112
CHIP >=2%,2.5544672375202775,0.7919057997482778,0.7782451631910627,0.8048336298080112
CHIP >=2%,2.557205144527266,0.7916176244208585,0.7779500582222201,0.8045528186269885
CHIP >=2%,2.562680958541243,0.7913294490934392,0.7776549641494588,0.8042719967398971
CHIP >=2%,2.5654188655482315,0.7910411687841155,0.777359768849426,0.8039910659843724
CHIP >=2%,2.5708946795622087,0.7904643979720235,0.7767691864311705,0.8034289758361078
CHIP >=2%,2.573632586569197,0.7901759073158293,0.7764737991407099,0.8031478163103813
CHIP >=2%,2.5763704935761855,0.7898872058517022,0.7761781976260542,0.8028664489452972
CHIP >=2%,2.5791084005831744,0.7895985043875752,0.7758826069856493,0.8025850709022689
CHIP >=2%,2.5818463075901628,0.7895985043875752,0.7758826069856493,0.8025850709022689
CHIP >=2%,2.584584214597151,0.7893096973267165,0.7755869144632955,0.8023035834236942
CHIP >=2%,2.5900600286111284,0.7890208902658579,0.7752912327969173,0.8020220852861248
CHIP >=2%,2.592797935618117,0.7884430646413497,0.7746996761915789,0.8014588592307476
CHIP >=2%,2.595535842625105,0.7884430646413497,0.7746996761915789,0.8014588592307476
CHIP >=2%,2.606487470653059,0.7881540459226396,0.7744038010790696,0.8011771311779466
CHIP >=2%,2.614701191674025,0.7872866716974862,0.7735159011309548,0.8003315857324059
CHIP >=2%,2.6201770056880016,0.7867084222140507,0.7729240217850226,0.7997678358083705
CHIP >=2%,2.6229149126949904,0.7867084222140507,0.7729240217850226,0.7997678358083705
CHIP >=2%,2.625652819701979,0.7864190848024236,0.7726278712964527,0.7994857459881612
CHIP >=2%,2.6283907267089672,0.7861297473907966,0.7723317315747755,0.7992036456013297
CHIP >=2%,2.6311286337159556,0.7861297473907966,0.7723317315747755,0.7992036456013297
CHIP >=2%,2.6338665407229445,0.7858401968392713,0.7720353751644935,0.7989213351939007
CHIP >=2%,2.636604447729933,0.7855505395606722,0.7717389156351656,0.7986389143397263
CHIP >=2%,2.6393423547369212,0.7849710113131173,0.7711458008580641,0.7980738409544728
CHIP >=2%,2.6420802617439096,0.7846811401863399,0.7708491454345447,0.7977911882850035
CHIP >=2%,2.6448181687508985,0.784391161937934,0.770552386469664,0.7975084248064935
CHIP >=2%,2.647556075757887,0.7841011836895281,0.7702556382531703,0.7972256507871781
CHIP >=2%,2.6502939827648753,0.7838112054411221,0.7699589007681399,0.7969428662432488
CHIP >=2%,2.6530318897718637,0.7835212271927163,0.7696621739977102,0.7966600711908397
CHIP >=2%,2.6557697967788525,0.7832312489443104,0.7693654579250798,0.7963772656460274
CHIP >=2%,2.658507703785841,0.7832312489443104,0.7693654579250798,0.7963772656460274
CHIP >=2%,2.6612456107928293,0.7826506475737068,0.768771369988192,0.7958110193546044
CHIP >=2%,2.6639835177998177,0.7820700462031032,0.768177324842757,0.7952447311091501
CHIP >=2%,2.669459331813795,0.7820700462031032,0.768177324842757,0.7952447311091501
CHIP >=2%,2.6721972388207833,0.7820700462031032,0.768177324842757,0.7952447311091501
CHIP >=2%,2.6749351458277717,0.7817794218827007,0.7678799731115405,0.7949612682578592
CHIP >=2%,2.6776730528347605,0.7811981732418957,0.7672853017270798,0.7943943111164243
CHIP >=2%,2.6831488668487373,0.7806167082822814,0.7666904423367836,0.7938271095751436
CHIP >=2%,2.685886773855726,0.780035243322667,0.7660956255412815,0.7932598662884944
CHIP >=2%,2.6886246808627146,0.7797444024414878,0.7657981174992171,0.7929761274971115
CHIP >=2%,2.691362587869703,0.7797444024414878,0.7657981174992171,0.7929761274971115
CHIP >=2%,2.6941004948766913,0.7794534530375917,0.7655005043708365,0.7926922766526192
CHIP >=2%,2.69683840188368,0.7791625036336957,0.765202901859056,0.7924084154049943
CHIP >=2%,2.6995763088906686,0.7791625036336957,0.765202901859056,0.7924084154049943
CHIP >=2%,2.7050521229046454,0.778871336778825,0.7649050781261036,0.7921243400781501
CHIP >=2%,2.707790029911634,0.7785801699239544,0.7646072650106441,0.7918402543498558
CHIP >=2%,2.7105279369186226,0.7785801699239544,0.7646072650106441,0.7918402543498558
CHIP >=2%,2.713265843925611,0.7782888941402193,0.7643093463768165,0.7915560561924936
CHIP >=2%,2.7214795649465766,0.7782888941402193,0.7643093463768165,0.7915560561924936
CHIP >=2%,2.7269553789605534,0.7779972909577014,0.7640110893320712,0.7912715409487568
CHIP >=2%,2.7324311929745306,0.7777056877751835,0.7637128429231691,0.790987015291088
CHIP >=2%,2.735169099981519,0.7771224814101476,0.7631163819478278,0.7904179327959518
CHIP >=2%,2.746120728009473,0.7768308782276298,0.7628181673490012,0.790133375989348
CHIP >=2%,2.7488586350164614,0.7765392750451119,0.762519963321242,0.7898488088305394
CHIP >=2%,2.7515965420234503,0.7762475623197005,0.7622216531065992,0.7895641286886879
CHIP >=2%,2.7543344490304387,0.7756639175360014,0.7616248306042724,0.7889945318674495
CHIP >=2%,2.757072356037427,0.7753720951441518,0.7613264351718902,0.7887097179682494
CHIP >=2%,2.7598102630444155,0.7750802727523024,0.7610280502641315,0.7884248937635553
CHIP >=2%,2.768023984065381,0.7747883404461811,0.7607295587533162,0.7881399562519424
CHIP >=2%,2.7707618910723695,0.7742044758339383,0.7601326072448843,0.7875700503736884
CHIP >=2%,2.7734997980793583,0.7739125435278169,0.7598341472157577,0.7872850820370655
CHIP >=2%,2.7817135191003235,0.7736205010585611,0.759535580294808,0.787000000185868
CHIP >=2%,2.7844514261073123,0.7730364161200495,0.7589384778278155,0.7864298057638135
CHIP >=2%,2.7871893331143007,0.7727442632794901,0.7586398246906068,0.7861445897440574
CHIP >=2%,2.789927240121289,0.7724521104389308,0.7583411819868708,0.7858593635092664
CHIP >=2%,2.7926651471282775,0.7721599575983714,0.7580425497011258,0.7855741270741853
CHIP >=2%,2.7954030541352664,0.771867804757812,0.757743927817945,0.7852888804535088
CHIP >=2%,2.7981409611422547,0.7715756519172526,0.7574453163219556,0.7850036236618804
CHIP >=2%,2.800878868149243,0.7712834990766934,0.7571467151978392,0.7847183567138941
CHIP >=2%,2.8063546821632204,0.7712834990766934,0.7571467151978392,0.7847183567138941
CHIP >=2%,2.814568403184186,0.7709912355302452,0.7568480065494291,0.7844329758008893
CHIP >=2%,2.822782124205151,0.770698971983797,0.7565493082589502,0.7841475847459958
CHIP >=2%,2.8282579382191284,0.7704067084373488,0.7562506203112025,0.7838621835636922
CHIP >=2%,2.833733752233105,0.7701144448909006,0.7559519426910395,0.7835767722684074
CHIP >=2%,2.836471659240094,0.7701144448909006,0.7559519426910395,0.7835767722684074
CHIP >=2%,2.8392095662470824,0.7701144448909006,0.7559519426910395,0.7835767722684074
CHIP >=2%,2.841947473254071,0.7701144448909006,0.7559519426910395,0.7835767722684074
CHIP >=2%,2.844685380261059,0.7698212913146194,0.75565232774717,0.7832905161143068
CHIP >=2%,2.847423287268048,0.7695281377383382,0.755352723233575,0.7830042497588792
CHIP >=2%,2.8501611942750364,0.7689418305857756,0.7547535454359615,0.7824316865022231
CHIP >=2%,2.8556370082890132,0.7677683214967473,0.7535543618993722,0.7812855987629627
CHIP >=2%,2.8665886363169673,0.7671815669522332,0.7529548323350855,0.7807124940577695
CHIP >=2%,2.869326543323956,0.7671815669522332,0.7529548323350855,0.7807124940577695
CHIP >=2%,2.8720644503309445,0.7668879651279117,0.7526548440450317,0.78042571587029
CHIP >=2%,2.874802357337933,0.7663005365831949,0.7520546591329934,0.7798519181456005
CHIP >=2%,2.8775402643449213,0.7663005365831949,0.7520546591329934,0.7798519181456005
CHIP >=2%,2.88027817135191,0.7660065969834315,0.751754342368507,0.7795647927044657
CHIP >=2%,2.8830160783588985,0.7657125445469696,0.7514539158644743,0.7792775512735041
CHIP >=2%,2.885753985365887,0.7654184921105076,0.7511534997130221,0.7789902997240209
CHIP >=2%,2.8884918923728753,0.7651243266638855,0.7508529736336179,0.7787029320274468
CHIP >=2%,2.891229799379864,0.7645355430342865,0.7502514707129747,0.7781277414773693
CHIP >=2%,2.8939677063868525,0.764241151219487,0.7499507347749405,0.7778401310357304
CHIP >=2%,2.896705613393841,0.7639466459589015,0.7496498884510746,0.7775524040375068
CHIP >=2%,2.9049193344148065,0.7636521406983159,0.7493490524575425,0.7772646669462209
CHIP >=2%,2.907657241421795,0.7633576354377303,0.749048226779565,0.7769769197758717
CHIP >=2%,2.9103951484287838,0.7630631301771448,0.7487474114024146,0.7766891625404109
CHIP >=2%,2.913133055435772,0.7630631301771448,0.7487474114024146,0.7766891625404109
CHIP >=2%,2.918608869449749,0.762473892238784,0.7481455695655355,0.7761134044542761
CHIP >=2%,2.924084683463726,0.7621791593851934,0.7478445429154704,0.7758254034435402
CHIP >=2%,2.9268225904707146,0.7618844265316028,0.7475435265411383,0.7755373923936144
CHIP >=2%,2.929560497477703,0.761294732703018,0.7469412819229031,0.7749611260628603
CHIP >=2%,2.932298404484692,0.7609998857887256,0.7466401749943303,0.7746729778715985
CHIP >=2%,2.93503631149168,0.7609998857887256,0.7466401749943303,0.7746729778715985
CHIP >=2%,2.9377742184986686,0.7604097346558921,0.7460375054750502,0.774096222124635
CHIP >=2%,2.9459879395196342,0.7601145445415071,0.7457360642562877,0.7738077216900457
CHIP >=2%,2.9487258465266226,0.7595239349497886,0.7451329686168497,0.7732304754524634
CHIP >=2%,2.9542016605406,0.7595239349497886,0.7451329686168497,0.7732304754524634
CHIP >=2%,2.9596774745545766,0.7592284003447498,0.744831191760127,0.7729416215503381
CHIP >=2%,2.962415381561565,0.7586373311346721,0.7442276687775942,0.7723638837417695
CHIP >=2%,2.9706291025825307,0.7580462619245945,0.7436241866742234,0.7717861060176238
CHIP >=2%,2.973367009589519,0.757159658109478,0.7427190399189226,0.7709193648248387
CHIP >=2%,2.9788428236034963,0.757159658109478,0.7427190399189226,0.7709193648248387
CHIP >=2%,2.987056544624462,0.7568640081063115,0.7424172219778066,0.7706303228527365
CHIP >=2%,2.9897944516314503,0.7556814080936454,0.7412100515903416,0.7694740559619505
CHIP >=2%,2.9925323586384387,0.7553856423761919,0.7409081612874717,0.7691848558333392
CHIP >=2%,2.998008172652416,0.7553856423761919,0.7409081612874717,0.7691848558333392
CHIP >=2%,3.0007460796594043,0.7547936473586557,0.7403039183066199,0.7686059904045859
CHIP >=2%,3.006221893673381,0.7544976498498877,0.7400018119796777,0.7683165428851431
CHIP >=2%,3.00895980068037,0.7542016523411196,0.7396997157433303,0.7680270855130419
CHIP >=2%,3.0116977076873583,0.7536096573235834,0.7390955534875181,0.767448141262762
CHIP >=2%,3.0171735217013356,0.7530176623060472,0.7384914314298462,0.766869157757112
CHIP >=2%,3.019911428708324,0.7521296697797429,0.7375853234774989,0.7660006091192536
CHIP >=2%,3.0226493357153124,0.7512416772534386,0.7366793053633799,0.7651319727313997
CHIP >=2%,3.0253872427223008,0.7509456797446705,0.7363773192271075,0.7648424078277009
CHIP >=2%,3.0390767777572436,0.7509456797446705,0.7363773192271075,0.7648424078277009
CHIP >=2%,3.041814684764232,0.7506495655176418,0.7360752190625331,0.764552723480741
CHIP >=2%,3.0445525917712204,0.7503534512906131,0.7357731288299889,0.764263029432069
CHIP >=2%,3.047290498778209,0.7500573370635846,0.7354710485162912,0.7639733256941564
CHIP >=2%,3.0500284057851976,0.7500573370635846,0.7354710485162912,0.7639733256941564
CHIP >=2%,3.052766312792186,0.7494648747120335,0.7348666692356702,0.7633936692388837
CHIP >=2%,3.0555042197991744,0.7491684091761506,0.7345642455944718,0.763103606111737
CHIP >=2%,3.058242126806163,0.7485752433731607,0.7339591788183251,0.7625232300621454
CHIP >=2%,3.0609800338131516,0.7479820775701709,0.7333541516665268,0.7619428153194941
CHIP >=2%,3.06371794082014,0.7473886764772949,0.7327489142564432,0.7613621406620517
CHIP >=2%,3.069193754834117,0.7470918580990275,0.7324461852765597,0.7610716780330116
CHIP >=2%,3.0719316618411057,0.746497749265549,0.7318402558163231,0.7604902797843576
CHIP >=2%,3.074669568848094,0.7462005765946631,0.7315371803862201,0.7601994549457133
CHIP >=2%,3.080145382862071,0.7456059944619183,0.7309308078322905,0.7596175535722576
CHIP >=2%,3.0828832898690597,0.7456059944619183,0.7309308078322905,0.7596175535722576
CHIP >=2%,3.091097010890025,0.7456059944619183,0.7309308078322905,0.7596175535722576
CHIP >=2%,3.0938349178970137,0.7453082284896891,0.7306271322767585,0.7593261416709474
CHIP >=2%,3.0993107319109905,0.7453082284896891,0.7306271322767585,0.7593261416709474
CHIP >=2%,3.102048638917979,0.7450103435062799,0.730323340319954,0.7590346081321698
CHIP >=2%,3.1047865459249677,0.7447123393688775,0.7300194318163589,0.7587429528170565
CHIP >=2%,3.107524452931956,0.7447123393688775,0.7300194318163589,0.7587429528170565
CHIP >=2%,3.1102623599389445,0.7435198456308969,0.7288033906217057,0.7575757857836066
CHIP >=2%,3.113000266945933,0.7429233595934874,0.7281951756774784,0.7569919192350044
CHIP >=2%,3.1157381739529217,0.742326873556078,0.7275870003041988,0.7564080140960558
CHIP >=2%,3.11847608095991,0.7420286305373732,0.7272829274248361,0.7561160470851755
CHIP >=2%,3.1239518949738874,0.7417302675978729,0.7269787371580244,0.7558239576081128
CHIP >=2%,3.1266898019808758,0.7408351787793718,0.7260662254588529,0.7549476315370957
CHIP >=2%,3.1321656159948525,0.7405365753215808,0.7257618193872074,0.7546552772937617
CHIP >=2%,3.1349035230018414,0.7399393684059988,0.7251530367561883,0.7540705400286527
CHIP >=2%,3.13764143000883,0.7396407649482079,0.7248486601718186,0.7537781570304081
CHIP >=2%,3.140379337015818,0.7396407649482079,0.7248486601718186,0.7537781570304081
CHIP >=2%,3.1431172440228066,0.7393419201946935,0.7245440374373262,0.7534855373301356
CHIP >=2%,3.148593058036784,0.7387439890016528,0.7239345650796322,0.7529000416806144
CHIP >=2%,3.1540688720507606,0.7384450234051325,0.7236298436321169,0.7526072794939359
CHIP >=2%,3.1568067790577494,0.7378468500366391,0.7230201732971612,0.7520214984457004
CHIP >=2%,3.159544686064738,0.7372481913347838,0.7224100274501074,0.7514352222293642
CHIP >=2%,3.162282593071726,0.7369487404041035,0.7221048403026871,0.7511419553083306
CHIP >=2%,3.1650205000787146,0.7366490459183759,0.7217994046704519,0.7508484495116878
CHIP >=2%,3.1677584070857034,0.7363491073817642,0.721493720044919,0.750554704358311
CHIP >=2%,3.170496314092692,0.7357492303085408,0.7208823803364842,0.7499671852731457
CHIP >=2%,3.1732342210996802,0.7354490470240412,0.7205764656875092,0.749673180911571
CHIP >=2%,3.1787100351136575,0.7348484353074025,0.7199644059739115,0.7490849125803327
CHIP >=2%,3.1896616631416115,0.7348484353074025,0.7199644059739115,0.7490849125803327
CHIP >=2%,3.1951374771555883,0.7348484353074025,0.7199644059739115,0.7490849125803327
CHIP >=2%,3.2006132911695655,0.7348484353074025,0.7199644059739115,0.7490849125803327
CHIP >=2%,3.203351198176554,0.7345476377489467,0.7196578694735126,0.7487903010454435
CHIP >=2%,3.2060891051835423,0.7345476377489467,0.7196578694735126,0.7487903010454435
CHIP >=2%,3.214302826204508,0.7345476377489467,0.7196578694735126,0.7487903010454435
CHIP >=2%,3.2170407332114963,0.7342465936351151,0.7193510814034528,0.7484954477318668
CHIP >=2%,3.2197786402184847,0.7339455495212835,0.7190443032507051,0.7482005847674793
CHIP >=2%,3.2225165472254735,0.7339455495212835,0.7190443032507051,0.7482005847674793
CHIP >=2%,3.230730268246439,0.733644258244797,0.718737272902336,0.7479054794384005
CHIP >=2%,3.2334681752534276,0.733644258244797,0.718737272902336,0.7479054794384005
CHIP >=2%,3.236206082260416,0.7333428431838911,0.718430121215016,0.7476102478975889
CHIP >=2%,3.2389439892674043,0.7333428431838911,0.718430121215016,0.7476102478975889
CHIP >=2%,3.241681896274393,0.7333428431838911,0.718430121215016,0.7476102478975889
CHIP >=2%,3.24715771028837,0.7333428431838911,0.718430121215016,0.7476102478975889
CHIP >=2%,3.2553714313093356,0.7330406829683229,0.718122189219572,0.7473143051142941
CHIP >=2%,3.258109338316324,0.7327385227527549,0.7178142672458773,0.74701835258963
CHIP >=2%,3.2608472453233124,0.7327385227527549,0.7178142672458773,0.74701835258963
CHIP >=2%,3.263585152330301,0.7324361131271863,0.7175060907731114,0.7467221555180472
CHIP >=2%,3.2663230593372896,0.7324361131271863,0.7175060907731114,0.7467221555180472
CHIP >=2%,3.2772746873652436,0.7321333284586756,0.717197526572527,0.7464255956103865
CHIP >=2%,3.280012594372232,0.7321333284586756,0.717197526572527,0.7464255956103865
CHIP >=2%,3.2827505013792204,0.731830293140605,0.7168887066030013,0.7461287899514656
CHIP >=2%,3.2882263153931977,0.731527132290091,0.7165797635863647,0.7458318563107729
CHIP >=2%,3.290964222400186,0.731223845750999,0.7162706973640546,0.7455347945357719
CHIP >=2%,3.2937021294071744,0.7309203074173539,0.7159613741951186,0.7452374859018259
CHIP >=2%,3.2964400364141633,0.7306167690837089,0.7156520611509167,0.744940167438725
CHIP >=2%,3.2991779434211517,0.7303131045911554,0.7153426244234473,0.7446427203817514
CHIP >=2%,3.30191585042814,0.7300091873607804,0.715032929777014,0.7443450255554528
CHIP >=2%,3.3046537574351285,0.7297052701304053,0.7147232452699701,0.7440473208885225
CHIP >=2%,3.3073916644421173,0.7290974356696552,0.7141039066232656,0.7434518820799937
CHIP >=2%,3.3101295714491057,0.7284896012089053,0.7134846083821883,0.7428564040502343
CHIP >=2%,3.3156053854630825,0.7281853031298706,0.7131745705674831,0.7425582917195109
CHIP >=2%,3.3183432924700713,0.7281853031298706,0.7131745705674831,0.7425582917195109
CHIP >=2%,3.323819106484048,0.7278804955521687,0.7128640026112977,0.7422596898206778
CHIP >=2%,3.3265570134910365,0.7275754324777546,0.712553173895147,0.7419608374867028
CHIP >=2%,3.3292949204980253,0.7272702414406415,0.7122422196820535,0.7416618547793515
CHIP >=2%,3.3320328275050137,0.7269649222796672,0.7119311398084798,0.7413627415409897
CHIP >=2%,3.334770734512002,0.7266596031186929,0.7116200701428772,0.7410636184059383
CHIP >=2%,3.337508641518991,0.7257436456357702,0.7106869222669434,0.7401661897383806
CHIP >=2%,3.3402465485259794,0.7251330073138218,0.7100648744908385,0.7395678546917371
CHIP >=2%,3.3429844555329677,0.7245223689918734,0.7094428672440035,0.7389694803390284
CHIP >=2%,3.345722362539956,0.7245223689918734,0.7094428672440035,0.7389694803390284
CHIP >=2%,3.3539360835609218,0.7239112155806613,0.7088203544727316,0.73837058155739
CHIP >=2%,3.35667399056791,0.7239112155806613,0.7088203544727316,0.73837058155739
CHIP >=2%,3.359411897574899,0.7236049925622261,0.7085084281728478,0.7380705086680333
CHIP >=2%,3.3621498045818874,0.7232987695437909,0.7081965120682442,0.7377704258983788
CHIP >=2%,3.364887711588876,0.7232987695437909,0.7081965120682442,0.7377704258983788
CHIP >=2%,3.367625618595864,0.7226858044848554,0.707572160252695,0.7371697418664572
CHIP >=2%,3.370363525602853,0.7226858044848554,0.707572160252695,0.7371697418664572
CHIP >=2%,3.3731014326098414,0.7226858044848554,0.707572160252695,0.7371697418664572
CHIP >=2%,3.37583933961683,0.7226858044848554,0.707572160252695,0.7371697418664572
CHIP >=2%,3.381315153630807,0.7223788011694413,0.7072594475930046,0.7368688945037097
CHIP >=2%,3.3840530606377954,0.7223788011694413,0.7072594475930046,0.7368688945037097
CHIP >=2%,3.386790967644784,0.7223788011694413,0.7072594475930046,0.7368688945037097
CHIP >=2%,3.392266781658761,0.7223788011694413,0.7072594475930046,0.7368688945037097
CHIP >=2%,3.397742595672738,0.7220712750727323,0.7069461909765206,0.7365675448501801
CHIP >=2%,3.4004805026797262,0.7217636179465828,0.7066328057623769,0.7362660618127435
CHIP >=2%,3.403218409686715,0.7217636179465828,0.7066328057623769,0.7362660618127435
CHIP >=2%,3.408694223700692,0.7214558296233646,0.7063192917806548,0.7359644452271996
CHIP >=2%,3.4114321307076803,0.7211480413001464,0.7060057881239861,0.7356628186487626
CHIP >=2%,3.4169079447216575,0.7208401215557826,0.7056921554641368,0.7353610583105302
CHIP >=2%,3.419645851728646,0.7202240188877862,0.7050646421202756,0.7347572597938298
CHIP >=2%,3.4223837587356343,0.719915967553788,0.7047509009212287,0.734455345561468
CHIP >=2%,3.4278595727496115,0.7189918135517934,0.7038097390642599,0.733549543108032
CHIP >=2%,3.4305974797566,0.718375710883797,0.7031823491511311,0.7329456251244391
CHIP >=2%,3.4333353867635883,0.7180675273956444,0.702868529514342,0.7326435267480174
CHIP >=2%,3.436073293770577,0.7174508957705731,0.7022406405350288,0.7320390508936979
CHIP >=2%,3.4388112007775655,0.7171424474060973,0.7019265709538627,0.7317366732002166
CHIP >=2%,3.441549107784554,0.7165255506771459,0.7012984625033792,0.7311318880863424
CHIP >=2%,3.447024921798531,0.7165255506771459,0.7012984625033792,0.7311318880863424
CHIP >=2%,3.4497628288055195,0.7165255506771459,0.7012984625033792,0.7311318880863424
CHIP >=2%,3.4607144568334736,0.7155994082161241,0.7003555317298253,0.7302238847705277
CHIP >=2%,3.466190270847451,0.7152905608237132,0.7000411007698911,0.7299210716367689
CHIP >=2%,3.4716660848614276,0.7152905608237132,0.7000411007698911,0.7299210716367689
CHIP >=2%,3.474403991868416,0.7152905608237132,0.7000411007698911,0.7299210716367689
CHIP >=2%,3.477141898875405,0.7149814464931931,0.6997263972405922,0.7296179970378768
CHIP >=2%,3.479879805882393,0.7149814464931931,0.6997263972405922,0.7296179970378768
CHIP >=2%,3.4826177128893816,0.7146721984627029,0.69941156231768,0.7293147865208003
CHIP >=2%,3.48535561989637,0.7143629504322128,0.6990967376484072,0.7290115660830281
CHIP >=2%,3.488093526903359,0.7143629504322128,0.6990967376484072,0.7290115660830281
CHIP >=2%,3.4908314339103472,0.7143629504322128,0.6990967376484072,0.7290115660830281
CHIP >=2%,3.4935693409173356,0.71405330025864,0.6987814972046084,0.7287079567349573
CHIP >=2%,3.496307247924324,0.71405330025864,0.6987814972046084,0.7287079567349573
CHIP >=2%,3.5017830619383012,0.71405330025864,0.6987814972046084,0.7287079567349573
CHIP >=2%,3.507258875952278,0.71405330025864,0.6987814972046084,0.7287079567349573
CHIP >=2%,3.509996782959267,0.7137431120308995,0.6984656970103303,0.7284038303863638
CHIP >=2%,3.5154725969732437,0.7134327889387121,0.6981497642772457,0.7280995669460479
CHIP >=2%,3.518210503980232,0.7134327889387121,0.6981497642772457,0.7280995669460479
CHIP >=2%,3.520948410987221,0.7131219249783902,0.6978332688393776,0.7277947838334035
CHIP >=2%,3.5236863179942093,0.7131219249783902,0.6978332688393776,0.7277947838334035
CHIP >=2%,3.5264242250011977,0.712810789758068,0.6975164963981076,0.7274897350612134
CHIP >=2%,3.529162132008186,0.712810789758068,0.6975164963981076,0.7274897350612134
CHIP >=2%,3.531900039015175,0.712810789758068,0.6975164963981076,0.7274897350612134
CHIP >=2%,3.5346379460221633,0.712810789758068,0.6975164963981076,0.7274897350612134
CHIP >=2%,3.542851667043129,0.7124988375524846,0.6971988686675215,0.7271839064674607
CHIP >=2%,3.5483274810571057,0.7124988375524846,0.6971988686675215,0.7271839064674607
CHIP >=2%,3.5510653880640946,0.7124988375524846,0.6971988686675215,0.7271839064674607
CHIP >=2%,3.553803295071083,0.7118732898461171,0.6965619033236773,0.7265706706568602
CHIP >=2%,3.5565412020780713,0.7118732898461171,0.6965619033236773,0.7265706706568602
CHIP >=2%,3.5592791090850597,0.7112471919658654,0.6959243974377088,0.7259568755394564
CHIP >=2%,3.5620170160920486,0.7112471919658654,0.6959243974377088,0.7259568755394564
CHIP >=2%,3.564754923099037,0.7109338672116954,0.6956053681516361,0.7256497027586765
CHIP >=2%,3.5674928301060254,0.7109338672116954,0.6956053681516361,0.7256497027586765
CHIP >=2%,3.5702307371130138,0.7099922329504879,0.6946465850808807,0.7247265588952098
CHIP >=2%,3.5729686441200026,0.7090501822212303,0.6936874570877365,0.7238029297472491
CHIP >=2%,3.575706551126991,0.7090501822212303,0.6936874570877365,0.7238029297472491
CHIP >=2%,3.5784444581339794,0.7090501822212303,0.6936874570877365,0.7238029297472491
CHIP >=2%,3.5893960861619334,0.7090501822212303,0.6936874570877365,0.7238029297472491
CHIP >=2%,3.597609807182899,0.7090501822212303,0.6936874570877365,0.7238029297472491
CHIP >=2%,3.6003477141898874,0.7090501822212303,0.6936874570877365,0.7238029297472491
CHIP >=2%,3.603085621196876,0.7087346280680389,0.6933661398386552,0.7234935847649565
CHIP >=2%,3.6058235282038646,0.7084189333562045,0.6930446844863393,0.7231840969188202
CHIP >=2%,3.608561435210853,0.708103097897731,0.6927230908405311,0.7228744660242081
CHIP >=2%,3.61403724922483,0.7077872624392574,0.6924015081066022,0.7225648246277829
CHIP >=2%,3.6167751562318187,0.7074711448588914,0.6920796372219122,0.7222549070327964
CHIP >=2%,3.619513063238807,0.7068389096981595,0.6914359282161934,0.7216350403140193
CHIP >=2%,3.6222509702457955,0.7065226506781603,0.6911139401570339,0.7213249579908413
CHIP >=2%,3.635940505280738,0.7062063916581611,0.6907919630039006,0.7210148651722427
CHIP >=2%,3.641416319294715,0.7055738736181628,0.6901480413627874,0.7203946480969541
CHIP >=2%,3.646892133308692,0.7052576145981636,0.6898260968484579,0.7200845238642495
CHIP >=2%,3.6496300403156807,0.7052576145981636,0.6898260968484579,0.7200845238642495
CHIP >=2%,3.652367947322669,0.7052576145981636,0.6898260968484579,0.7200845238642495
CHIP >=2%,3.6551058543296575,0.7049409295444599,0.689503711715778,0.7197739878284352
CHIP >=2%,3.6578437613366463,0.7049409295444599,0.689503711715778,0.7197739878284352
CHIP >=2%,3.663319575350623,0.7046236744006505,0.6891807333098141,0.7194629042777972
CHIP >=2%,3.6660574823576115,0.7043062763491187,0.6888576144155905,0.7191516755630897
CHIP >=2%,3.6687953893646004,0.7043062763491187,0.6888576144155905,0.7191516755630897
CHIP >=2%,3.6715332963715888,0.7039885919664624,0.6885342030351064,0.7188401665805095
CHIP >=2%,3.674271203378577,0.7039885919664624,0.6885342030351064,0.7188401665805095
CHIP >=2%,3.6770091103855655,0.7036707641597055,0.6882106506530727,0.7185285119181665
CHIP >=2%,3.6797470173925544,0.7036707641597055,0.6882106506530727,0.7185285119181665
CHIP >=2%,3.682484924399543,0.7036707641597055,0.6882106506530727,0.7185285119181665
CHIP >=2%,3.685222831406531,0.7036707641597055,0.6882106506530727,0.7185285119181665
CHIP >=2%,3.7016502734484624,0.7036707641597055,0.6882106506530727,0.7185285119181665
CHIP >=2%,3.704388180455451,0.7036707641597055,0.6882106506530727,0.7185285119181665
CHIP >=2%,3.7126019014764164,0.7033522169599954,0.6878863468010706,0.7182161690780404
CHIP >=2%,3.715339808483405,0.7033522169599954,0.6878863468010706,0.7182161690780404
CHIP >=2%,3.7180777154903932,0.7033522169599954,0.6878863468010706,0.7182161690780404
CHIP >=2%,3.7208156224973816,0.7033522169599954,0.6878863468010706,0.7182161690780404
CHIP >=2%,3.7290293435183473,0.7033522169599954,0.6878863468010706,0.7182161690780404
CHIP >=2%,3.7317672505253356,0.7033522169599954,0.6878863468010706,0.7182161690780404
CHIP >=2%,3.737243064539313,0.7027128058536681,0.6872353166412235,0.717589269588089
CHIP >=2%,3.7399809715463013,0.7027128058536681,0.6872353166412235,0.717589269588089
CHIP >=2%,3.7427188785532897,0.7027128058536681,0.6872353166412235,0.717589269588089
CHIP >=2%,3.748194692567267,0.702392809129691,0.6869095097411083,0.7172755294713489
CHIP >=2%,3.7509325995742553,0.702392809129691,0.6869095097411083,0.7172755294713489
CHIP >=2%,3.7564084135882325,0.7020726665548827,0.6865835594848745,0.7169616411988696
CHIP >=2%,3.759146320595221,0.7017522317458662,0.6862573106868263,0.7166474669276963
CHIP >=2%,3.7618842276022093,0.7011113621278334,0.6856048469998974,0.7160190858442488
CHIP >=2%,3.764622134609198,0.7011113621278334,0.6856048469998974,0.7160190858442488
CHIP >=2%,3.770097948623175,0.7007907808008431,0.6852784767632397,0.7157047410799181
CHIP >=2%,3.775573762637152,0.7007907808008431,0.6852784767632397,0.7157047410799181
CHIP >=2%,3.7783116696441406,0.7007907808008431,0.6852784767632397,0.7157047410799181
CHIP >=2%,3.7837874836581173,0.7007907808008431,0.6852784767632397,0.7157047410799181
CHIP >=2%,3.786525390665106,0.7007907808008431,0.6852784767632397,0.7157047410799181
CHIP >=2%,3.7892632976720946,0.7004696117903936,0.6849514948004973,0.7153898320811445
CHIP >=2%,3.7947391116860714,0.7004696117903936,0.6849514948004973,0.7153898320811445
CHIP >=2%,3.8056907397140254,0.700148000398387,0.6846240551851139,0.7150744956436235
CHIP >=2%,3.8111665537280026,0.6998263890063804,0.6842966269803472,0.7147591482636481
CHIP >=2%,3.813904460734991,0.6995046297470671,0.6839690534080559,0.7144436507200542
CHIP >=2%,3.8193802747489682,0.6991827224163045,0.683641334261818,0.7141280028120776
CHIP >=2%,3.8221181817559566,0.698860815085542,0.6833136265276897,0.7138123439607015
CHIP >=2%,3.8275939957699334,0.698860815085542,0.6833136265276897,0.7138123439607015
CHIP >=2%,3.8303319027769223,0.698860815085542,0.6833136265276897,0.7138123439607015
CHIP >=2%,3.8330698097839107,0.698860815085542,0.6833136265276897,0.7138123439607015
CHIP >=2%,3.8385456237978874,0.6982158120259337,0.6826569854573586,0.7131798743679562
CHIP >=2%,3.8412835308048763,0.6978933104961296,0.6823286821154001,0.712863623089904
CHIP >=2%,3.8440214378118647,0.6975708089663255,0.6820003902168975,0.7125473608409183
CHIP >=2%,3.846759344818853,0.6975708089663255,0.6820003902168975,0.7125473608409183
CHIP >=2%,3.8494972518258415,0.6972480089621763,0.6816717933526698,0.7122308065561899
CHIP >=2%,3.857710972846807,0.696602408953878,0.6810146339884674,0.7115976650444371
CHIP >=2%,3.8604488798537955,0.696602408953878,0.6810146339884674,0.7115976650444371
CHIP >=2%,3.8631867868607843,0.6962793095063112,0.6806857540632476,0.7112807958313943
CHIP >=2%,3.8659246938677727,0.6962793095063112,0.6806857540632476,0.7112807958313943
CHIP >=2%,3.868662600874761,0.6959559099199172,0.6803565674578833,0.7109636329730867
CHIP >=2%,3.8768763218957267,0.6956323599850404,0.6800272329769151,0.7106463175101471
CHIP >=2%,3.8850900429166924,0.6956323599850404,0.6800272329769151,0.7106463175101471
CHIP >=2%,3.8960416709446464,0.695308508793241,0.6796975906661367,0.7103287073189143
CHIP >=2%,3.8987795779516348,0.694984506692219,0.6793677999224661,0.7100109439627453
CHIP >=2%,3.901517484958623,0.6946602022093948,0.6790377001923216,0.7096928847886935
CHIP >=2%,3.904255391965612,0.6943357462532017,0.6787074514686194,0.7093746718859765
CHIP >=2%,3.9069932989726004,0.6943357462532017,0.6787074514686194,0.7093746718859765
CHIP >=2%,3.909731205979589,0.6943357462532017,0.6787074514686194,0.7093746718859765
CHIP >=2%,3.912469112986577,0.6943357462532017,0.6787074514686194,0.7093746718859765
CHIP >=2%,3.915207019993566,0.6940105304469941,0.6783764088281758,0.7090557323700052
CHIP >=2%,3.9179449270005544,0.6940105304469941,0.6783764088281758,0.7090557323700052
CHIP >=2%,3.923420741014531,0.6936851621720541,0.6780452162262329,0.7087366381115635
CHIP >=2%,3.9288965550285084,0.6936851621720541,0.6780452162262329,0.7087366381115635
CHIP >=2%,3.9453239970704392,0.6933596412137378,0.6777138734458963,0.7084173888993676
CHIP >=2%,3.948061904077428,0.6930339673568972,0.6773823802697738,0.7080979845216241
CHIP >=2%,3.959013532105382,0.6927081403858784,0.6770507364799742,0.7077784247660296
CHIP >=2%,3.9672272531263473,0.6923823134148596,0.6767191043996981,0.7074588538030071
CHIP >=2%,3.9727030671403245,0.6920564864438408,0.6763874840147075,0.7071392716453524
CHIP >=2%,3.9781788811543017,0.6917306594728221,0.6760558753108145,0.7068196783058182
CHIP >=2%,3.9836546951682785,0.6917306594728221,0.6760558753108145,0.7068196783058182
CHIP >=2%,3.986392602175267,0.6917306594728221,0.6760558753108145,0.7068196783058182
CHIP >=2%,3.9946063231962325,0.6914043714259009,0.6757237895557403,0.7064996395765564
CHIP >=2%,3.997344230203221,0.691077929324189,0.6753915522273567,0.7061794445517401
CHIP >=2%,4.000082137210209,0.691077929324189,0.6753915522273567,0.7061794445517401
CHIP >=2%,4.002820044217198,0.691077929324189,0.6753915522273567,0.7061794445517401
CHIP >=2%,4.008295858231175,0.691077929324189,0.6753915522273567,0.7061794445517401
CHIP >=2%,4.013771672245152,0.6907505593908284,0.6750583430695469,0.7058583646110063
CHIP >=2%,4.016509579252141,0.6904231894574678,0.6747251457656588,0.7055372733339608
CHIP >=2%,4.024723300273106,0.6900956642252773,0.6743917956700923,0.7052160245019039
CHIP >=2%,4.027461207280095,0.6897678278052178,0.6740581275330985,0.7048944713219277
CHIP >=2%,4.038412835308049,0.6894399913851583,0.6737244712765306,0.7045729067820155
CHIP >=2%,4.043888649322025,0.6894399913851583,0.6737244712765306,0.7045729067820155
CHIP >=2%,4.049364463336003,0.689111999001055,0.6733906615564031,0.7042511840319085
CHIP >=2%,4.060316091363957,0.6884560142328484,0.6727230777264834,0.703607704479755
CHIP >=2%,4.063053998370945,0.6884560142328484,0.6727230777264834,0.703607704479755
CHIP >=2%,4.0657919053779334,0.6881278655130043,0.6723891378836996,0.7032858004734893
CHIP >=2%,4.068529812384922,0.6881278655130043,0.6723891378836996,0.7032858004734893
CHIP >=2%,4.0740056263988995,0.6881278655130043,0.6723891378836996,0.7032858004734893
CHIP >=2%,4.076743533405888,0.6877990896575275,0.6720545451499029,0.7029632945502847
CHIP >=2%,4.079481440412876,0.6877990896575275,0.6720545451499029,0.7029632945502847
CHIP >=2%,4.082219347419865,0.6874699991840071,0.6717196308435607,0.702640480960012
CHIP >=2%,4.084957254426853,0.6874699991840071,0.6717196308435607,0.702640480960012
CHIP >=2%,4.093170975447819,0.6868111874933659,0.6710491695370154,0.7019942255169569
CHIP >=2%,4.101384696468784,0.6868111874933659,0.6710491695370154,0.7019942255169569
CHIP >=2%,4.104122603475773,0.686481465367829,0.6707136216011929,0.7016707827855602
CHIP >=2%,4.106860510482761,0.6861514262017867,0.6703777496013958,0.7013470300409012
CHIP >=2%,4.1095984174897495,0.6858213870357445,0.6700418896535684,0.7010232657828683
CHIP >=2%,4.115074231503727,0.6854913478697022,0.6697060417431108,0.7006994900245256
CHIP >=2%,4.117812138510716,0.6851609905936205,0.6693698686653975,0.7003754032199927
CHIP >=2%,4.120550045517704,0.6851609905936205,0.6693698686653975,0.7003754032199927
CHIP >=2%,4.123287952524692,0.6848299949459906,0.6690330309399652,0.7000507037961973
CHIP >=2%,4.126025859531681,0.6844986790316481,0.6686958658330254,0.6997256912340131
CHIP >=2%,4.134239580552647,0.6841673631173055,0.6683587128978298,0.6994006670511147
CHIP >=2%,4.136977487559635,0.6838357260047911,0.6680212316217621,0.6990753288289034
CHIP >=2%,4.142453301573612,0.6831724517797623,0.6673463056276348,0.698424617483809
CHIP >=2%,4.153404929601566,0.6828406536001703,0.6670086901517719,0.6980990927164046
CHIP >=2%,4.158880743615543,0.6825088554205784,0.6666710868470631,0.6977735563286522
CHIP >=2%,4.1670944646365085,0.6825088554205784,0.6666710868470631,0.6977735563286522
CHIP >=2%,4.169832371643497,0.6825088554205784,0.6666710868470631,0.6977735563286522
CHIP >=2%,4.172570278650485,0.6825088554205784,0.6666710868470631,0.6977735563286522
CHIP >=2%,4.175308185657474,0.6825088554205784,0.6666710868470631,0.6977735563286522
CHIP >=2%,4.178046092664463,0.6825088554205784,0.6666710868470631,0.6977735563286522
CHIP >=2%,4.180783999671451,0.6821751102590036,0.6663314316214087,0.6974461752312002
CHIP >=2%,4.18352190667844,0.6818412017370951,0.6659916156141957,0.6971186285013145
CHIP >=2%,4.186259813685428,0.6815072932151865,0.6656518120553564,0.6967910699025782
CHIP >=2%,4.1889977206924165,0.6811733846932781,0.6653120209296872,0.6964634994485424
CHIP >=2%,4.191735627699405,0.6801711678447839,0.664292201203145,0.6954802545195335
CHIP >=2%,4.194473534706393,0.6801711678447839,0.664292201203145,0.6954802545195335
CHIP >=2%,4.197211441713383,0.6801711678447839,0.664292201203145,0.6954802545195335
CHIP >=2%,4.199949348720371,0.6798364379393486,0.6639515889201962,0.6951518634131267
CHIP >=2%,4.202687255727359,0.6791666483453197,0.6632700521741881,0.6944947350236528
CHIP >=2%,4.208163069741336,0.6791666483453197,0.6632700521741881,0.6944947350236528
CHIP >=2%,4.2109009767483245,0.6791666483453197,0.6632700521741881,0.6944947350236528
CHIP >=2%,4.213638883755313,0.6784958664704107,0.662587513414643,0.6938366248053164
CHIP >=2%,4.227328418790256,0.6781603096620673,0.6622460869797094,0.6935073956212695
CHIP >=2%,4.232804232804233,0.6781603096620673,0.6622460869797094,0.6935073956212695
CHIP >=2%,4.243755860832187,0.6778244204547063,0.6619043206809392,0.6931778415521035
CHIP >=2%,4.246493767839175,0.6778244204547063,0.6619043206809392,0.6931778415521035
CHIP >=2%,4.249231674846164,0.6774881980239251,0.6615622136708424,0.6928479617990062
CHIP >=2%,4.251969581853152,0.6771518086505269,0.6612199422747543,0.6925179128715603
CHIP >=2%,4.254707488860141,0.6771518086505269,0.6612199422747543,0.6925179128715603
CHIP >=2%,4.262921209881107,0.6768150847277767,0.6608773288032747,0.6921875369762645
CHIP >=2%,4.2683970238950835,0.6761416368822765,0.6601921398076895,0.6915267490353388
CHIP >=2%,4.27387283790906,0.6761416368822765,0.6601921398076895,0.6915267490353388
CHIP >=2%,4.284824465937015,0.6761416368822765,0.6601921398076895,0.6915267490353388
CHIP >=2%,4.287562372944003,0.6761416368822765,0.6601921398076895,0.6915267490353388
CHIP >=2%,4.2903002799509915,0.6758039037969207,0.6598484943247158,0.6911953869975016
CHIP >=2%,4.29303818695798,0.6758039037969207,0.6598484943247158,0.6911953869975016
CHIP >=2%,4.295776093964968,0.6758039037969207,0.6598484943247158,0.6911953869975016
CHIP >=2%,4.306727721992923,0.6758039037969207,0.6598484943247158,0.6911953869975016
CHIP >=2%,4.309465628999911,0.6754651549729623,0.6595037845031787,0.6908630567872359
CHIP >=2%,4.3122035360068995,0.6754651549729623,0.6595037845031787,0.6908630567872359
CHIP >=2%,4.314941443013888,0.6754651549729623,0.6595037845031787,0.6908630567872359
CHIP >=2%,4.317679350020876,0.6754651549729623,0.6595037845031787,0.6908630567872359
CHIP >=2%,4.325893071041842,0.6751257252468452,0.6591583654439543,0.6905300735276817
CHIP >=2%,4.328630978048831,0.6747861247814293,0.6588127782939475,0.6901969172369524
CHIP >=2%,4.331368885055819,0.6747861247814293,0.6588127782939475,0.6901969172369524
CHIP >=2%,4.334106792062808,0.6747861247814293,0.6588127782939475,0.6901969172369524
CHIP >=2%,4.339582606076784,0.674105896833061,0.6581205537813354,0.6895296010750052
CHIP >=2%,4.345058420090761,0.674105896833061,0.6581205537813354,0.6895296010750052
CHIP >=2%,4.34779632709775,0.673765439309408,0.6577740967375029,0.6891956010869499
CHIP >=2%,4.361485862132692,0.6730838354254329,0.6570804913484604,0.6885269155585132
CHIP >=2%,4.364223769139681,0.6730838354254329,0.6570804913484604,0.6885269155585132
CHIP >=2%,4.372437490160647,0.6730838354254329,0.6570804913484604,0.6885269155585132
CHIP >=2%,4.377913304174624,0.6730838354254329,0.6570804913484604,0.6885269155585132
CHIP >=2%,4.380651211181612,0.6727419949808289,0.6567326067659793,0.688191576965223
CHIP >=2%,4.3833891181886,0.6727419949808289,0.6567326067659793,0.688191576965223
CHIP >=2%,4.386127025195589,0.6723999807485052,0.6563845510928744,0.687856062266262
CHIP >=2%,4.3916028392095665,0.6723999807485052,0.6563845510928744,0.687856062266262
CHIP >=2%,4.397078653223543,0.6723999807485052,0.6563845510928744,0.687856062266262
CHIP >=2%,4.4052923742445085,0.672057269239459,0.656035768971788,0.6875198789916613
CHIP >=2%,4.408030281251497,0.672057269239459,0.656035768971788,0.6875198789916613
CHIP >=2%,4.410768188258486,0.672057269239459,0.656035768971788,0.6875198789916613
CHIP >=2%,4.4135060952654745,0.6717142078462791,0.6556866290143377,0.6871833538879714
CHIP >=2%,4.42171981628644,0.6717142078462791,0.6556866290143377,0.6871833538879714
CHIP >=2%,4.424457723293428,0.6717142078462791,0.6556866290143377,0.6871833538879714
CHIP >=2%,4.4271956303004165,0.6713707956745786,0.655337130300678,0.6868464860889406
CHIP >=2%,4.429933537307405,0.6713707956745786,0.655337130300678,0.6868464860889406
CHIP >=2%,4.432671444314394,0.6710268557177781,0.654987085041692,0.6865091090862708
CHIP >=2%,4.435409351321383,0.6706829157609776,0.6546370533053417,0.6861717192473782
CHIP >=2%,4.443623072342348,0.6703389758041771,0.6542870350747575,0.6858343165871733
CHIP >=2%,4.446360979349336,0.6699950358473766,0.6539370303331327,0.6854969011205124
CHIP >=2%,4.4490988863563246,0.6699950358473766,0.6539370303331327,0.6854969011205124
CHIP >=2%,4.460050514384279,0.6699950358473766,0.6539370303331327,0.6854969011205124
CHIP >=2%,4.465526328398256,0.6699950358473766,0.6539370303331327,0.6854969011205124
CHIP >=2%,4.468264235405244,0.6693053857847442,0.6532351832983849,0.6848203666428758
CHIP >=2%,4.479215863433199,0.6686150243759925,0.6525326358952388,0.6841431114686664
CHIP >=2%,4.481953770440187,0.6686150243759925,0.6525326358952388,0.6841431114686664
CHIP >=2%,4.4846916774471755,0.6686150243759925,0.6525326358952388,0.6841431114686664
CHIP >=2%,4.487429584454164,0.6686150243759925,0.6525326358952388,0.6841431114686664
CHIP >=2%,4.490167491461152,0.6682687711267041,0.6521802445527158,0.6838034557503336
CHIP >=2%,4.492905398468141,0.6679221586935471,0.6518274858064036,0.6834634491982713
CHIP >=2%,4.495643305475129,0.6679221586935471,0.6518274858064036,0.6834634491982713
CHIP >=2%,4.501119119489107,0.6679221586935471,0.6518274858064036,0.6834634491982713
CHIP >=2%,4.503857026496095,0.6679221586935471,0.6518274858064036,0.6834634491982713
CHIP >=2%,4.5065949335030835,0.6679221586935471,0.6518274858064036,0.6834634491982713
CHIP >=2%,4.517546561531038,0.6679221586935471,0.6518274858064036,0.6834634491982713
CHIP >=2%,4.520284468538026,0.6679221586935471,0.6518274858064036,0.6834634491982713
CHIP >=2%,4.523022375545015,0.6679221586935471,0.6518274858064036,0.6834634491982713
CHIP >=2%,4.525760282552003,0.6679221586935471,0.6518274858064036,0.6834634491982713
CHIP >=2%,4.5284981895589915,0.6679221586935471,0.6518274858064036,0.6834634491982713
CHIP >=2%,4.53123609656598,0.6679221586935471,0.6518274858064036,0.6834634491982713
CHIP >=2%,4.533974003572968,0.6679221586935471,0.6518274858064036,0.6834634491982713
CHIP >=2%,4.539449817586946,0.6679221586935471,0.6518274858064036,0.6834634491982713
CHIP >=2%,4.544925631600923,0.6679221586935471,0.6518274858064036,0.6834634491982713
CHIP >=2%,4.547663538607911,0.6675720946690746,0.651471076585926,0.6831201849994604
CHIP >=2%,4.5504014456149,0.6668715992916674,0.6507579111277185,0.6824332706629513
CHIP >=2%,4.561353073642854,0.6665213516029638,0.6504013499378943,0.6820897931096016
CHIP >=2%,4.564090980649842,0.6665213516029638,0.6504013499378943,0.6820897931096016
CHIP >=2%,4.566828887656831,0.6665213516029638,0.6504013499378943,0.6820897931096016
CHIP >=2%,4.569566794663819,0.6658197501802238,0.6496870961021459,0.681401757854705
CHIP >=2%,4.572304701670808,0.6658197501802238,0.6496870961021459,0.681401757854705
CHIP >=2%,4.575042608677796,0.6654685794259093,0.6493295978252672,0.6810573720522151
CHIP >=2%,4.580518422691773,0.6654685794259093,0.6493295978252672,0.6810573720522151
CHIP >=2%,4.583256329698762,0.6654685794259093,0.6493295978252672,0.6810573720522151
CHIP >=2%,4.591470050719727,0.6654685794259093,0.6493295978252672,0.6810573720522151
CHIP >=2%,4.594207957726716,0.6651164796484353,0.6489711273441975,0.6807120996567523
CHIP >=2%,4.596945864733704,0.6651164796484353,0.6489711273441975,0.6807120996567523
CHIP >=2%,4.599683771740692,0.6651164796484353,0.6489711273441975,0.6807120996567523
CHIP >=2%,4.602421678747681,0.6651164796484353,0.6489711273441975,0.6807120996567523
CHIP >=2%,4.6078974927616585,0.6651164796484353,0.6489711273441975,0.6807120996567523
CHIP >=2%,4.610635399768647,0.6647632579385848,0.6486114797063148,0.680365759488184
CHIP >=2%,4.613373306775635,0.6644098484447313,0.6482516473287236,0.6800192289871276
CHIP >=2%,4.618849120789612,0.6644098484447313,0.6482516473287236,0.6800192289871276
CHIP >=2%,4.6215870277966005,0.6640562508670598,0.6478916299087341,0.6796725078578725
CHIP >=2%,4.62432493480359,0.6633486789428541,0.6471712391617707,0.678978669775009
CHIP >=2%,4.6298007488175665,0.6629948929807512,0.6468110659462405,0.6786317297880523
CHIP >=2%,4.64075237684552,0.6629948929807512,0.6468110659462405,0.6786317297880523
CHIP >=2%,4.6434902838525085,0.6629948929807512,0.6468110659462405,0.6786317297880523
CHIP >=2%,4.657179818887451,0.6629948929807512,0.6468110659462405,0.6786317297880523
CHIP >=2%,4.65991772589444,0.6629948929807512,0.6468110659462405,0.6786317297880523
CHIP >=2%,4.662655632901428,0.6629948929807512,0.6468110659462405,0.6786317297880523
CHIP >=2%,4.668131446915406,0.6629948929807512,0.6468110659462405,0.6786317297880523
CHIP >=2%,4.670869353922394,0.6626388269802245,0.6464484851546313,0.6782826343489199
CHIP >=2%,4.673607260929383,0.6626388269802245,0.6464484851546313,0.6782826343489199
CHIP >=2%,4.676345167936371,0.6626388269802245,0.6464484851546313,0.6782826343489199
CHIP >=2%,4.679083074943359,0.6626388269802245,0.6464484851546313,0.6782826343489199
CHIP >=2%,4.681820981950348,0.6626388269802245,0.6464484851546313,0.6782826343489199
CHIP >=2%,4.684558888957336,0.6622812237276717,0.6460842856670781,0.6779320813747868
CHIP >=2%,4.690034702971314,0.6615652440263445,0.6453551109468649,0.677230206088804
CHIP >=2%,4.692772609978302,0.6615652440263445,0.6453551109468649,0.677230206088804
CHIP >=2%,4.695510516985291,0.6615652440263445,0.6453551109468649,0.677230206088804
CHIP >=2%,4.698248423992279,0.6615652440263445,0.6453551109468649,0.677230206088804
CHIP >=2%,4.700986330999267,0.6615652440263445,0.6453551109468649,0.677230206088804
CHIP >=2%,4.703724238006256,0.6612058929975415,0.6449890996496466,0.6768779690465306
CHIP >=2%,4.709200052020233,0.6612058929975415,0.6449890996496466,0.6768779690465306
CHIP >=2%,4.711937959027222,0.6608463465630676,0.6446228962122293,0.6765255338959453
CHIP >=2%,4.71467586603421,0.6608463465630676,0.6446228962122293,0.6765255338959453
CHIP >=2%,4.717413773041199,0.6608463465630676,0.6446228962122293,0.6765255338959453
CHIP >=2%,4.720151680048187,0.6604858193690888,0.6442556655731098,0.6761721636664464
CHIP >=2%,4.7228895870551755,0.6604858193690888,0.6442556655731098,0.6761721636664464
CHIP >=2%,4.725627494062164,0.6597639769435488,0.6435204137027,0.6754646391215443
CHIP >=2%,4.73384121508313,0.6597639769435488,0.6435204137027,0.6754646391215443
CHIP >=2%,4.736579122090118,0.6594026604172928,0.6431523911354802,0.6751104835558098
CHIP >=2%,4.7447928431110835,0.659041145800836,0.6427841737871817,0.6747561271728616
CHIP >=2%,4.747530750118072,0.659041145800836,0.6427841737871817,0.6747561271728616
CHIP >=2%,4.75026865712506,0.6586792341337295,0.6424155500997256,0.674401383277793
CHIP >=2%,4.755744471139038,0.6586792341337295,0.6424155500997256,0.674401383277793
CHIP >=2%,4.758482378146026,0.6586792341337295,0.6424155500997256,0.674401383277793
CHIP >=2%,4.761220285153015,0.6586792341337295,0.6424155500997256,0.674401383277793
CHIP >=2%,4.763958192160003,0.658315925124279,0.6420454562137593,0.6740453134643306
CHIP >=2%,4.7666960991669916,0.6579524155024544,0.6416751651007249,0.673689040257795
CHIP >=2%,4.772171913180968,0.6572249943686761,0.6409342039354061,0.6729760711608086
CHIP >=2%,4.777647727194946,0.656861283801787,0.6405637476113002,0.6726195637689821
CHIP >=2%,4.783123541208923,0.6564975732348979,0.6401933074303091,0.6722630411738443
CHIP >=2%,4.791337262229888,0.6564975732348979,0.6401933074303091,0.6722630411738443
CHIP >=2%,4.796813076243866,0.6564975732348979,0.6401933074303091,0.6722630411738443
CHIP >=2%,4.8022888902578424,0.6564975732348979,0.6401933074303091,0.6722630411738443
CHIP >=2%,4.807764704271819,0.6557681314868591,0.6394503265946735,0.6715480546942213
CHIP >=2%,4.815978425292784,0.6557681314868591,0.6394503265946735,0.6715480546942213
CHIP >=2%,4.821454239306762,0.6554030044648731,0.639078428608809,0.6711901574791684
CHIP >=2%,4.826930053320739,0.655037673916119,0.6387063304674019,0.6708320539838736
CHIP >=2%,4.835143774341704,0.655037673916119,0.6387063304674019,0.6708320539838736
CHIP >=2%,4.840619588355682,0.655037673916119,0.6387063304674019,0.6708320539838736
CHIP >=2%,4.84335749536267,0.655037673916119,0.6387063304674019,0.6708320539838736
CHIP >=2%,4.8460954023696585,0.6546709115007124,0.6383327255432367,0.6704725921138858
CHIP >=2%,4.848833309376647,0.6546709115007124,0.6383327255432367,0.6704725921138858
CHIP >=2%,4.851571216383635,0.6543039435009923,0.637958918475604,0.6701129218557779
CHIP >=2%,4.854309123390624,0.6539369755012722,0.6375851279924797,0.669753235994
CHIP >=2%,4.865260751418578,0.653570007501552,0.6372113540712031,0.6693935345483445
CHIP >=2%,4.867998658425567,0.653570007501552,0.6372113540712031,0.6693935345483445
CHIP >=2%,4.876212379446532,0.653570007501552,0.6372113540712031,0.6693935345483445
CHIP >=2%,4.87895028645352,0.6532024203207301,0.6368369380294349,0.6690332368139053
CHIP >=2%,4.881688193460509,0.6532024203207301,0.6368369380294349,0.6690332368139053
CHIP >=2%,4.884426100467498,0.6532024203207301,0.6368369380294349,0.6690332368139053
CHIP >=2%,4.892639821488463,0.6532024203207301,0.6368369380294349,0.6690332368139053
CHIP >=2%,4.89811563550244,0.6532024203207301,0.6368369380294349,0.6690332368139053
CHIP >=2%,4.900853542509428,0.6532024203207301,0.6368369380294349,0.6690332368139053
CHIP >=2%,4.9035914495164175,0.6532024203207301,0.6368369380294349,0.6690332368139053
CHIP >=2%,4.906329356523406,0.6528331707897405,0.6364607699233057,0.6686713646659646
CHIP >=2%,4.909067263530394,0.6524639212587507,0.6360846187347401,0.6683094766127395
CHIP >=2%,4.911805170537383,0.6524639212587507,0.6360846187347401,0.6683094766127395
CHIP >=2%,4.914543077544371,0.6520942533146948,0.6357080392101155,0.667947180383412
CHIP >=2%,4.922756798565336,0.6520942533146948,0.6357080392101155,0.667947180383412
CHIP >=2%,4.9254947055723255,0.6520942533146948,0.6357080392101155,0.667947180383412
CHIP >=2%,4.930970519586302,0.6517239556126422,0.6353308064756462,0.6675842778154024
CHIP >=2%,4.9391842406072675,0.6513536579105895,0.6349535907852454,0.6672213592265818
CHIP >=2%,4.941922147614256,0.6509831495727565,0.6345761679735918,0.666858227159507
CHIP >=2%,4.944660054621245,0.6506126412349234,0.6341987621985798,0.6664950790770602
CHIP >=2%,4.9473979616282335,0.6506126412349234,0.6341987621985798,0.6664950790770602
CHIP >=2%,4.950135868635222,0.6506126412349234,0.6341987621985798,0.6664950790770602
CHIP >=2%,4.95287377564221,0.6502412869876432,0.6338204732930384,0.6661311219324424
CHIP >=2%,4.955611682649199,0.649869932740363,0.6334422015364102,0.6657671486702781
CHIP >=2%,4.9610874966631755,0.6494985784930828,0.6330639469050561,0.6654031593111907
CHIP >=2%,4.963825403670164,0.6494985784930828,0.6330639469050561,0.6654031593111907
CHIP >=2%,4.966563310677153,0.6494985784930828,0.6330639469050561,0.6654031593111907
CHIP >=2%,4.969301217684142,0.6494985784930828,0.6330639469050561,0.6654031593111907
CHIP >=2%,4.977514938705107,0.6494985784930828,0.6330639469050561,0.6654031593111907
CHIP >=2%,4.9829907527190835,0.6494985784930828,0.6330639469050561,0.6654031593111907
CHIP >=2%,4.988466566733061,0.6494985784930828,0.6330639469050561,0.6654031593111907
CHIP >=2%,4.99120447374005,0.6487515991043615,0.6323029439287369,0.6646711286055852
CHIP >=2%,4.993942380747038,0.6487515991043615,0.6323029439287369,0.6646711286055852
CHIP >=2%,4.996680287754026,0.6483776788743302,0.6319220103575264,0.6643046851461045
CHIP >=2%,5.002156101768003,0.6480037586442988,0.6315410943029472,0.6639382252352168
CHIP >=2%,5.004894008774992,0.6480037586442988,0.6315410943029472,0.6639382252352168
CHIP >=2%,5.00763191578198,0.6476289733587902,0.6311592749162284,0.6635709381861669
CHIP >=2%,5.013107729795958,0.6476289733587902,0.6311592749162284,0.6635709381861669
CHIP >=2%,5.018583543809934,0.6476289733587902,0.6311592749162284,0.6635709381861669
CHIP >=2%,5.021321450816923,0.6472528822012067,0.6307760828482784,0.6632024109927441
CHIP >=2%,5.0267972648309,0.6472528822012067,0.6307760828482784,0.6632024109927441
CHIP >=2%,5.035010985851866,0.6472528822012067,0.6307760828482784,0.6632024109927441
CHIP >=2%,5.0404867998658425,0.6464993864128468,0.6300083537678272,0.6624640757283929
CHIP >=2%,5.045962613879819,0.6464993864128468,0.6300083537678272,0.6624640757283929
CHIP >=2%,5.048700520886808,0.6457450113995296,0.6292397603033993,0.6617248493718646
CHIP >=2%,5.051438427893797,0.6453673827378924,0.62885502080488,0.6613547975868251
CHIP >=2%,5.054176334900785,0.6446121254146181,0.6280855958829661,0.6606146432733135
CHIP >=2%,5.056914241907774,0.6438564253848237,0.6273157716034069,0.65987400661109
CHIP >=2%,5.067865869935727,0.6434785753699265,0.6269308864397539,0.6595036629599444
CHIP >=2%,5.073341683949705,0.6431005033514953,0.6265457829029809,0.6591330944190752
CHIP >=2%,5.076079590956693,0.6427224313330641,0.6261606973350289,0.6587625090102475
CHIP >=2%,5.078817497963682,0.6423443593146329,0.6257756297109901,0.6583919067551613
CHIP >=2%,5.087031218984647,0.6419662872962016,0.6253905800060604,0.6580212876754269
CHIP >=2%,5.089769125991635,0.6419662872962016,0.6253905800060604,0.6580212876754269
CHIP >=2%,5.095244940005613,0.6419662872962016,0.6253905800060604,0.6580212876754269
CHIP >=2%,5.097982847012601,0.6419662872962016,0.6253905800060604,0.6580212876754269
CHIP >=2%,5.10072075401959,0.6415873225457316,0.6250045980067083,0.6576498151087651
CHIP >=2%,5.106196568033567,0.6412081338208228,0.6246183956458268,0.6572781157066777
CHIP >=2%,5.119886103068509,0.6408289450959139,0.6242322113461554,0.6569063993498887
CHIP >=2%,5.122624010075498,0.6408289450959139,0.6242322113461554,0.6569063993498887
CHIP >=2%,5.125361917082486,0.6408289450959139,0.6242322113461554,0.6569063993498887
CHIP >=2%,5.128099824089475,0.64044908205792,0.6238453273476207,0.6565340341112638
CHIP >=2%,5.133575638103451,0.6400689935819212,0.6234582215279256,0.6561614405776104
CHIP >=2%,5.139051452117429,0.6400689935819212,0.6234582215279256,0.6561614405776104
CHIP >=2%,5.147265173138394,0.6400689935819212,0.6234582215279256,0.6561614405776104
CHIP >=2%,5.150003080145383,0.6396884531576751,0.6230706527956746,0.6557884064673268
CHIP >=2%,5.152740987152371,0.6396884531576751,0.6230706527956746,0.6557884064673268
CHIP >=2%,5.158216801166349,0.6396884531576751,0.6230706527956746,0.6557884064673268
CHIP >=2%,5.160954708173337,0.6396884531576751,0.6230706527956746,0.6557884064673268
CHIP >=2%,5.1636926151803255,0.6393072323870209,0.6226823780515804,0.6554147177314225
CHIP >=2%,5.166430522187314,0.6389260116163668,0.6222941216398995,0.6550410117929824
CHIP >=2%,5.185595871236234,0.6385445632512227,0.621905641265551,0.6546670754008705
CHIP >=2%,5.1992854062711755,0.6385445632512227,0.621905641265551,0.6546670754008705
CHIP >=2%,5.21023703429913,0.6385445632512227,0.621905641265551,0.6546670754008705
CHIP >=2%,5.223926569334073,0.6385445632512227,0.621905641265551,0.6546670754008705
CHIP >=2%,5.226664476341061,0.6381622012372997,0.6215162065957306,0.6542922657132405
CHIP >=2%,5.240354011376003,0.6381622012372997,0.6215162065957306,0.6542922657132405
CHIP >=2%,5.243091918382992,0.6377796099895555,0.6211265463609644,0.6539172239086226
CHIP >=2%,5.248567732396969,0.6373970187418113,0.6207369046262123,0.6535421647475151
CHIP >=2%,5.2567814534179345,0.6373970187418113,0.6207369046262123,0.6535421647475151
CHIP >=2%,5.273208895459866,0.6370141977095339,0.6203470367539885,0.6531668729404794
CHIP >=2%,5.2786847094738425,0.6366311464781993,0.6199569423262857,0.6527913480781173
CHIP >=2%,5.284160523487819,0.6362480952468647,0.6195668664124788,0.6524158058444541
CHIP >=2%,5.292374244508785,0.6362480952468647,0.6195668664124788,0.6524158058444541
CHIP >=2%,5.3005879655297505,0.6362480952468647,0.6195668664124788,0.6524158058444541
CHIP >=2%,5.303325872536739,0.6362480952468647,0.6195668664124788,0.6524158058444541
CHIP >=2%,5.308801686550717,0.6362480952468647,0.6195668664124788,0.6524158058444541
CHIP >=2%,5.311539593557705,0.6362480952468647,0.6195668664124788,0.6524158058444541
CHIP >=2%,5.314277500564693,0.6358631901680704,0.6191748353428014,0.6520385093613997
CHIP >=2%,5.325229128592647,0.6354780519547645,0.6187825748615775,0.6516609768332976
CHIP >=2%,5.336180756620601,0.6354780519547645,0.6187825748615775,0.6516609768332976
CHIP >=2%,5.33891866362759,0.6350922122146583,0.618389586216643,0.6512827695066933
CHIP >=2%,5.355346105669521,0.6350922122146583,0.618389586216643,0.6512827695066933
CHIP >=2%,5.363559826690486,0.6350922122146583,0.618389586216643,0.6512827695066933
CHIP >=2%,5.366297733697475,0.6350922122146583,0.618389586216643,0.6512827695066933
CHIP >=2%,5.369035640704463,0.6347054325482668,0.617995615547067,0.6509036640828414
CHIP >=2%,5.3799872687324175,0.6347054325482668,0.617995615547067,0.6509036640828414
CHIP >=2%,5.382725175739406,0.6347054325482668,0.617995615547067,0.6509036640828414
CHIP >=2%,5.385463082746394,0.6347054325482668,0.617995615547067,0.6509036640828414
CHIP >=2%,5.396414710774349,0.6347054325482668,0.617995615547067,0.6509036640828414
CHIP >=2%,5.407366338802302,0.6347054325482668,0.617995615547067,0.6509036640828414
CHIP >=2%,5.415580059823268,0.6347054325482668,0.617995615547067,0.6509036640828414
CHIP >=2%,5.44843494390713,0.6339285593138136,0.6172042019137438,0.6501422961948087
CHIP >=2%,5.462124478942073,0.6339285593138136,0.6172042019137438,0.6501422961948087
CHIP >=2%,5.464862385949061,0.6339285593138136,0.6172042019137438,0.6501422961948087
CHIP >=2%,5.46760029295605,0.6339285593138136,0.6172042019137438,0.6501422961948087
CHIP >=2%,5.4730761069700264,0.6339285593138136,0.6172042019137438,0.6501422961948087
CHIP >=2%,5.484027734997981,0.633538689351136,0.6168069970957463,0.6497602431620243
CHIP >=2%,5.492241456018946,0.633538689351136,0.6168069970957463,0.6497602431620243
CHIP >=2%,5.4949793630259345,0.633538689351136,0.6168069970957463,0.6497602431620243
CHIP >=2%,5.500455177039912,0.633538689351136,0.6168069970957463,0.6497602431620243
CHIP >=2%,5.5031930840469006,0.633538689351136,0.6168069970957463,0.6497602431620243
CHIP >=2%,5.505930991053889,0.633538689351136,0.6168069970957463,0.6497602431620243
CHIP >=2%,5.511406805067866,0.633538689351136,0.6168069970957463,0.6497602431620243
CHIP >=2%,5.52235843309582,0.6331466480829732,0.616407497804189,0.649376139812728
CHIP >=2%,5.525096340102809,0.6327543639143963,0.6160077596753369,0.6489917904058429
CHIP >=2%,5.533310061123774,0.6327543639143963,0.6160077596753369,0.6489917904058429
CHIP >=2%,5.538785875137751,0.6323618363933576,0.615607782252991,0.6486071944952074
CHIP >=2%,5.549737503165705,0.6323618363933576,0.615607782252991,0.6486071944952074
CHIP >=2%,5.555213317179682,0.6323618363933576,0.615607782252991,0.6486071944952074
CHIP >=2%,5.571640759221613,0.6323618363933576,0.615607782252991,0.6486071944952074
CHIP >=2%,5.57711657323559,0.6323618363933576,0.615607782252991,0.6486071944952074
CHIP >=2%,5.582592387249567,0.631574827262812,0.6148058048341948,0.6478361178758942
CHIP >=2%,5.599019829291498,0.631574827262812,0.6148058048341948,0.6478361178758942
CHIP >=2%,5.601757736298486,0.631574827262812,0.6148058048341948,0.6478361178758942
CHIP >=2%,5.607233550312464,0.631574827262812,0.6148058048341948,0.6478361178758942
CHIP >=2%,5.612709364326441,0.6311803395505928,0.6144037983962772,0.6474496314093912
CHIP >=2%,5.626398899361383,0.6311803395505928,0.6144037983962772,0.6474496314093912
CHIP >=2%,5.63187471337536,0.6311803395505928,0.6144037983962772,0.6474496314093912
CHIP >=2%,5.634612620382349,0.6307851107844372,0.6140010222586002,0.6470624326844683
CHIP >=2%,5.637350527389337,0.6303898820182816,0.6135982667086038,0.6466752147067691
CHIP >=2%,5.642826341403314,0.6303898820182816,0.6135982667086038,0.6466752147067691
CHIP >=2%,5.645564248410302,0.6303898820182816,0.6135982667086038,0.6466752147067691
CHIP >=2%,5.648302155417291,0.6303898820182816,0.6135982667086038,0.6466752147067691
CHIP >=2%,5.653777969431268,0.6303898820182816,0.6135982667086038,0.6466752147067691
CHIP >=2%,5.656515876438257,0.6303898820182816,0.6135982667086038,0.6466752147067691
CHIP >=2%,5.661991690452234,0.6295964397501654,0.6127896347067354,0.6458979294795753
CHIP >=2%,5.670205411473199,0.6291994684766785,0.6123850831853107,0.6455090237466491
CHIP >=2%,5.6756812254871765,0.6288022465900139,0.6119802852429074,0.6451198641700453
CHIP >=2%,5.681157039501153,0.6288022465900139,0.6119802852429074,0.6451198641700453
CHIP >=2%,5.68663285351513,0.6284042704845773,0.6115747038171071,0.6447299798120362
CHIP >=2%,5.689370760522118,0.6280062943791405,0.6111691433820611,0.6443400758320206
CHIP >=2%,5.692108667529107,0.6276083182737038,0.6107636039069206,0.643950152256813
CHIP >=2%,5.694846574536096,0.6272100896453575,0.6103578160838412,0.643559972952828
CHIP >=2%,5.6975844815430845,0.6268118610170113,0.6099520492133862,0.6431697740582228
CHIP >=2%,5.700322388550073,0.626413632388665,0.6095463032649755,0.6427795555995767
CHIP >=2%,5.703060295557061,0.6260154037603187,0.6091405782081659,0.6423893176033502
CHIP >=2%,5.708536109571038,0.6260154037603187,0.6091405782081659,0.6423893176033502
CHIP >=2%,5.7112740165780265,0.6260154037603187,0.6091405782081659,0.6423893176033502
CHIP >=2%,5.714011923585016,0.6252174236408027,0.6083275671942254,0.641607358528648
CHIP >=2%,5.722225644605981,0.6248184335810446,0.607921093147267,0.6412163495703687
CHIP >=2%,5.730439365626946,0.6240194330265931,0.6071071200639777,0.640433318306074
CHIP >=2%,5.735915179640924,0.6236199327493674,0.6067001650094355,0.6400417732240653
CHIP >=2%,5.741390993654901,0.6232201763822204,0.6062929579288475,0.6396499689609441
CHIP >=2%,5.771507970731774,0.6232201763822204,0.6062929579288475,0.6396499689609441
CHIP >=2%,5.782459598759728,0.6228201634320393,0.605885498325184,0.6392579050295152
CHIP >=2%,5.787935412773705,0.6224201504818582,0.6054780597218155,0.6388658214534868
CHIP >=2%,5.790673319780693,0.621620124581496,0.6046632453957481,0.6380815954720986
CHIP >=2%,5.793411226787682,0.6212201116313149,0.6042558696132772,0.6376894531186797
CHIP >=2%,5.798887040801659,0.6212201116313149,0.6042558696132772,0.6376894531186797
CHIP >=2%,5.801624947808648,0.6208198409408308,0.6038482400617139,0.6372970500227145
CHIP >=2%,5.8125765758366015,0.6204195702503467,0.6034406314160636,0.6369046273623309
CHIP >=2%,5.8207902968575675,0.6200192995598626,0.6030330436467638,0.6365121851632168
CHIP >=2%,5.831741924885521,0.6196190288693785,0.6026254767243833,0.636119723450945
CHIP >=2%,5.8344798318925095,0.6192184994389522,0.602217654967043,0.6357270000591533
CHIP >=2%,5.839955645906486,0.6192184994389522,0.602217654967043,0.6357270000591533
CHIP >=2%,5.848169366927452,0.6188177107661762,0.6018095778688057,0.6353340144910773
CHIP >=2%,5.8563830879484176,0.6184169220934002,0.6014015216394417,0.6349410093870594
CHIP >=2%,5.859120994955406,0.6184169220934002,0.6014015216394417,0.6349410093870594
CHIP >=2%,5.864596808969384,0.6184169220934002,0.6014015216394417,0.6349410093870594
CHIP >=2%,5.87007262298336,0.6180153526634694,0.600992654491599,0.6345472539282919
CHIP >=2%,5.872810529990349,0.61761326069687,0.6005832516092774,0.6341529897438013
CHIP >=2%,5.875548436997337,0.61761326069687,0.6005832516092774,0.6341529897438013
CHIP >=2%,5.878286344004326,0.6172109067811065,0.6001735906998783,0.6337584606721892
CHIP >=2%,5.894713786046257,0.616808552865343,0.5997639508745829,0.6333639118663233
CHIP >=2%,5.897451693053245,0.6164061989495795,0.5993543321038767,0.6329693433518441
CHIP >=2%,5.90566541407421,0.6160035822291683,0.5989444544054889,0.6325745091383601
CHIP >=2%,5.911141228088188,0.6156009655087571,0.5985345977589042,0.6321796552167644
CHIP >=2%,5.9138791350951765,0.6156009655087571,0.5985345977589042,0.6321796552167644
CHIP >=2%,5.919354949109153,0.6151978214579983,0.5981242004264908,0.6317842879450652
CHIP >=2%,5.922092856116142,0.613987596235458,0.5968922903277672,0.6305973251003679
CHIP >=2%,5.930306577137108,0.613987596235458,0.5968922903277672,0.6305973251003679
CHIP >=2%,5.9357823911510845,0.613987596235458,0.5968922903277672,0.6305973251003679
CHIP >=2%,5.938520298158073,0.6135836570274084,0.5964811304720378,0.6302011343534577
CHIP >=2%,5.946734019179038,0.6135836570274084,0.5964811304720378,0.6302011343534577
CHIP >=2%,5.949471926186027,0.6135836570274084,0.5964811304720378,0.6302011343534577
CHIP >=2%,5.963161461220969,0.6135836570274084,0.5964811304720378,0.6302011343534577
CHIP >=2%,5.968637275234946,0.6123694413472749,0.595245223942262,0.6290101978897793
CHIP >=2%,5.971375182241935,0.6123694413472749,0.595245223942262,0.6290101978897793
CHIP >=2%,5.982326810269889,0.6123694413472749,0.595245223942262,0.6290101978897793
CHIP >=2%,5.996016345304832,0.6119636299215975,0.594832154858574,0.6286121748736576
CHIP >=2%,5.99875425231182,0.6119636299215975,0.594832154858574,0.6286121748736576
CHIP >=2%,6.004230066325797,0.6115570095694901,0.5944182454735782,0.6282133746074748
CHIP >=2%,6.006967973332785,0.6115570095694901,0.5944182454735782,0.6282133746074748
CHIP >=2%,6.0151816943537515,0.6115570095694901,0.5944182454735782,0.6282133746074748
CHIP >=2%,6.023395415374717,0.6115570095694901,0.5944182454735782,0.6282133746074748
CHIP >=2%,6.0288712293886935,0.6115570095694901,0.5944182454735782,0.6282133746074748
CHIP >=2%,6.031609136395682,0.6111493048964437,0.5940032024000829,0.6278135393342922
CHIP >=2%,6.0370849504096595,0.6111493048964437,0.5940032024000829,0.6278135393342922
CHIP >=2%,6.039822857416648,0.610741328057394,0.593587891119195,0.6274134289783075
CHIP >=2%,6.045298671430625,0.610741328057394,0.593587891119195,0.6274134289783075
CHIP >=2%,6.048036578437613,0.6103330785065535,0.593172311081731,0.6270130429995187
CHIP >=2%,6.0507744854446015,0.6103330785065535,0.593172311081731,0.6270130429995187
CHIP >=2%,6.056250299458579,0.6103330785065535,0.593172311081731,0.6270130429995187
CHIP >=2%,6.067201927486533,0.6099240080786,0.5927558782036567,0.6266118684305018
CHIP >=2%,6.078153555514487,0.6095146631067352,0.592339174766581,0.6262104163903007
CHIP >=2%,6.080891462521476,0.6095146631067352,0.592339174766581,0.6262104163903007
CHIP >=2%,6.083629369528464,0.609105043037443,0.5919222002135808,0.6258086863312404
CHIP >=2%,6.086367276535452,0.6086954229681508,0.5915052477149011,0.6254069356405626
CHIP >=2%,6.094580997556418,0.6086954229681508,0.5915052477149011,0.6254069356405626
CHIP >=2%,6.102794718577384,0.6082855270604282,0.5910880233342121,0.6250049062156644
CHIP >=2%,6.105532625584372,0.6074657352449828,0.5902536407013784,0.6242007854944639
CHIP >=2%,6.10827053259136,0.6070558393372602,0.5898364823879826,0.6237986942513446
CHIP >=2%,6.113746346605337,0.6070558393372602,0.5898364823879826,0.6237986942513446
CHIP >=2%,6.124697974633292,0.606645666472843,0.589419051006563,0.6233963232204077
CHIP >=2%,6.132911695654257,0.606645666472843,0.589419051006563,0.6233963232204077
CHIP >=2%,6.135649602661245,0.606645666472843,0.589419051006563,0.6233963232204077
CHIP >=2%,6.138387509668234,0.606645666472843,0.589419051006563,0.6233963232204077
CHIP >=2%,6.143863323682211,0.606645666472843,0.589419051006563,0.6233963232204077
CHIP >=2%,6.1466012306892,0.6062341022486416,0.589000159302077,0.6229926294383911
CHIP >=2%,6.1520770447031765,0.6062341022486416,0.589000159302077,0.6229926294383911
CHIP >=2%,6.163028672731131,0.6058219784537751,0.5885806936297309,0.6225883912065256
CHIP >=2%,6.165766579738119,0.6054098546589085,0.5881612503150958,0.6221841320599544
CHIP >=2%,6.168504486745108,0.6054098546589085,0.5881612503150958,0.6221841320599544
CHIP >=2%,6.171242393752096,0.6045850455926157,0.5873218324649853,0.6213750256459045
CHIP >=2%,6.1739803007590845,0.6045850455926157,0.5873218324649853,0.6213750256459045
CHIP >=2%,6.176718207766073,0.6041723595546685,0.5869018571380391,0.6209701776375893
CHIP >=2%,6.179456114773061,0.6041723595546685,0.5869018571380391,0.6209701776375893
CHIP >=2%,6.18219402178005,0.6041723595546685,0.5869018571380391,0.6209701776375893
CHIP >=2%,6.190407742801016,0.603758826112126,0.5864810013235229,0.620564515692239
CHIP >=2%,6.198621463821981,0.6033452926695834,0.5860601680225987,0.620158832685594
CHIP >=2%,6.201359370828969,0.6029317592270408,0.585639357204084,0.6197531286447236
CHIP >=2%,6.204097277835958,0.6025182257844982,0.5852185688369401,0.6193474035965706
CHIP >=2%,6.206835184842947,0.6025182257844982,0.5852185688369401,0.6193474035965706
CHIP >=2%,6.2095730918499354,0.6025182257844982,0.5852185688369401,0.6193474035965706
CHIP >=2%,6.212310998856924,0.6021038391092681,0.584796893933449,0.6189408590192316
CHIP >=2%,6.215048905863912,0.6021038391092681,0.584796893933449,0.6189408590192316
CHIP >=2%,6.228738440898855,0.6021038391092681,0.584796893933449,0.6189408590192316
CHIP >=2%,6.2314763479058435,0.6016885950822962,0.5843743281609073,0.6185334910146973
CHIP >=2%,6.23695216191982,0.6012727771174847,0.5839511735859677,0.6181255647041686
CHIP >=2%,6.239690068926809,0.6012727771174847,0.5839511735859677,0.6181255647041686
CHIP >=2%,6.2451658829407855,0.6008566713893757,0.5835277352223275,0.6177173477814445
CHIP >=2%,6.250641696954763,0.6004405656612667,0.5831043197246858,0.6173091094706255
CHIP >=2%,6.258855417975728,0.6004405656612667,0.5831043197246858,0.6173091094706255
CHIP >=2%,6.264331231989705,0.6004405656612667,0.5831043197246858,0.6173091094706255
CHIP >=2%,6.2670691389966935,0.6000233032806821,0.5826796945958721,0.6168997675621722
CHIP >=2%,6.278020767024648,0.6000233032806821,0.5826796945958721,0.6168997675621722
CHIP >=2%,6.2889723950526015,0.6000233032806821,0.5826796945958721,0.6168997675621722
CHIP >=2%,6.291710302059591,0.6000233032806821,0.5826796945958721,0.6168997675621722
CHIP >=2%,6.297186116073568,0.6000233032806821,0.5826796945958721,0.6168997675621722
CHIP >=2%,6.305399837094533,0.6000233032806821,0.5826796945958721,0.6168997675621722
CHIP >=2%,6.308137744101521,0.5996042925940336,0.5822532291837678,0.6164887686912245
CHIP >=2%,6.316351465122487,0.5996042925940336,0.5822532291837678,0.6164887686912245
CHIP >=2%,6.327303093150441,0.5991844016328333,0.581825848803428,0.6160769246893709
CHIP >=2%,6.338254721178395,0.5991844016328333,0.581825848803428,0.6160769246893709
CHIP >=2%,6.340992628185384,0.5991844016328333,0.581825848803428,0.6160769246893709
CHIP >=2%,6.3464684421993605,0.5991844016328333,0.581825848803428,0.6160769246893709
CHIP >=2%,6.357420070227315,0.5987633303737799,0.5813972336063088,0.6156639550019402
CHIP >=2%,6.3683716982552685,0.5983419627943473,0.5809683262805965,0.6152506860021032
CHIP >=2%,6.376585419276235,0.5983419627943473,0.5809683262805965,0.6152506860021032
CHIP >=2%,6.379323326283223,0.5983419627943473,0.5809683262805965,0.6152506860021032
CHIP >=2%,6.395750768325153,0.5983419627943473,0.5809683262805965,0.6152506860021032
CHIP >=2%,6.406702396353108,0.5979197031170048,0.5805384915533339,0.6148365606802908
CHIP >=2%,6.420391931388051,0.5974974434396623,0.5801086808600251,0.6144224129050263
CHIP >=2%,6.428605652409016,0.5970751837623198,0.5796788941664959,0.6140082427059804
CHIP >=2%,6.442295187443959,0.5970751837623198,0.5796788941664959,0.6140082427059804
CHIP >=2%,6.4477710014579355,0.5970751837623198,0.5796788941664959,0.6140082427059804
CHIP >=2%,6.453246815471912,0.5966523259834513,0.5792484937132545,0.6135934909132565
CHIP >=2%,6.4696742575138435,0.5966523259834513,0.5792484937132545,0.6135934909132565
CHIP >=2%,6.472412164520832,0.5962291683054489,0.5788177975560499,0.613178436245532
CHIP >=2%,6.477887978534809,0.5962291683054489,0.5788177975560499,0.613178436245532
CHIP >=2%,6.480625885541797,0.5962291683054489,0.5788177975560499,0.613178436245532
CHIP >=2%,6.483363792548786,0.5958054091239952,0.5783864841249848,0.6127627967055403
CHIP >=2%,6.486101699555775,0.595381348334583,0.5779548732950585,0.612346852578784
CHIP >=2%,6.4915775135697515,0.595381348334583,0.5779548732950585,0.612346852578784
CHIP >=2%,6.497053327583728,0.5949569852922918,0.5775229644180017,0.6119306032267076
CHIP >=2%,6.499791234590717,0.5945326222500006,0.5770910798225731,0.6115143311880973
CHIP >=2%,6.508004955611683,0.5941082592077094,0.5766592194744621,0.6110980364927376
CHIP >=2%,6.521694490646625,0.5941082592077094,0.5766592194744621,0.6110980364927376
CHIP >=2%,6.527170304660602,0.5936835928322929,0.5762270599477732,0.610681435542061
CHIP >=2%,6.532646118674579,0.5936835928322929,0.5762270599477732,0.610681435542061
CHIP >=2%,6.535384025681568,0.5932586224723556,0.5757946005879144,0.6102645276909509
CHIP >=2%,6.538121932688556,0.5932586224723556,0.5757946005879144,0.6102645276909509
CHIP >=2%,6.543597746702533,0.5932586224723556,0.5757946005879144,0.6102645276909509
CHIP >=2%,6.560025188744464,0.592833042398846,0.5753615154749059,0.6098470270509541
CHIP >=2%,6.56823890976543,0.592833042398846,0.5753615154749059,0.6098470270509541
CHIP >=2%,6.581928444800372,0.592833042398846,0.5753615154749059,0.6098470270509541
CHIP >=2%,6.5846663518073605,0.5924065438071923,0.5749274754028195,0.6094286448707121
CHIP >=2%,6.5928800728283266,0.5919800452155385,0.5744934599039124,0.6090102397322056
CHIP >=2%,6.595617979835315,0.5919800452155385,0.5744934599039124,0.6090102397322056
CHIP >=2%,6.598355886842303,0.5919800452155385,0.5744934599039124,0.6090102397322056
CHIP >=2%,6.601093793849292,0.5919800452155385,0.5744934599039124,0.6090102397322056
CHIP >=2%,6.60383170085628,0.5915516949657443,0.5740574943677152,0.6085900807877227
CHIP >=2%,6.617521235891223,0.5915516949657443,0.5740574943677152,0.6085900807877227
CHIP >=2%,6.620259142898211,0.5911230343172185,0.5736212227157411,0.6081696084489933
CHIP >=2%,6.642162398954119,0.5906943736686926,0.5731849760402707,0.6077491127827469
CHIP >=2%,6.644900305961108,0.5902654017197684,0.5727484223192718,0.6073283028498574
CHIP >=2%,6.647638212968096,0.5902654017197684,0.5727484223192718,0.6073283028498574
CHIP >=2%,6.655851933989062,0.5902654017197684,0.5727484223192718,0.6073283028498574
CHIP >=2%,6.661327748003039,0.5902654017197684,0.5727484223192718,0.6073283028498574
CHIP >=2%,6.683231004058947,0.5902654017197684,0.5727484223192718,0.6073283028498574
CHIP >=2%,6.6859689110659355,0.5902654017197684,0.5727484223192718,0.6073283028498574
CHIP >=2%,6.691444725079912,0.5898348653217234,0.5723102249655536,0.6069060075080683
CHIP >=2%,6.71334798113582,0.5894043289236783,0.5718720529268552,0.6064836885280815
CHIP >=2%,6.729775423177752,0.5889737925256333,0.5714339061670642,0.6060613459412494
CHIP >=2%,6.73251333018474,0.5889737925256333,0.5714339061670642,0.6060613459412494
CHIP >=2%,6.735251237191728,0.5885429411777725,0.570995448742286,0.6056386854321875
CHIP >=2%,6.737989144198717,0.5881120898299118,0.5705570165996002,0.6052160013106727
CHIP >=2%,6.768106121275591,0.5881120898299118,0.5705570165996002,0.6052160013106727
CHIP >=2%,6.770844028282579,0.5876806062717094,0.5701179354601128,0.6047927027261671
CHIP >=2%,6.781795656310534,0.5872491227135069,0.5696788796817164,0.6043693804549021
CHIP >=2%,6.784533563317522,0.5868176391553045,0.5692398492285784,0.6039460345279802
CHIP >=2%,6.7872714703245105,0.5863858380963234,0.5688005055001304,0.603522368193323
CHIP >=2%,6.792747284338487,0.5859540370373423,0.5683611871012643,0.6030986781963609
CHIP >=2%,6.8009610053594525,0.5855222359783612,0.5679218939964717,0.6026749645679088
CHIP >=2%,6.803698912366442,0.5850904349193801,0.5674826261504178,0.6022512273386295
CHIP >=2%,6.80643681937343,0.584658633860399,0.5670433835279395,0.6018274665390333
CHIP >=2%,6.817388447401384,0.584658633860399,0.5670433835279395,0.6018274665390333
CHIP >=2%,6.820126354408372,0.5842258739537666,0.5666031438910856,0.6014027856987855
CHIP >=2%,6.828340075429338,0.5837927932466104,0.56616258761837,0.6009777812219474
CHIP >=2%,6.836553796450303,0.5833597125394541,0.5657220567678347,0.6005527529906733
CHIP >=2%,6.839291703457292,0.5829266318322978,0.5652815513042131,0.6001277010355607
CHIP >=2%,6.84202961046428,0.5824935511251416,0.5648410711924119,0.5997026253870541
CHIP >=2%,6.847505424478258,0.5824935511251416,0.5648410711924119,0.5997026253870541
CHIP >=2%,6.858457052506211,0.5820601481853163,0.5644002729367125,0.5992772247435467
CHIP >=2%,6.8611949595132,0.5820601481853163,0.5644002729367125,0.5992772247435467
CHIP >=2%,6.863932866520188,0.5816264222924806,0.5639591558141129,0.5988514983909835
CHIP >=2%,6.880360308562119,0.5811926963996451,0.5635180640919142,0.5984257482968709
CHIP >=2%,6.885836122576096,0.5807589705068096,0.5630769977353112,0.5979999744913963
CHIP >=2%,6.896787750604051,0.5798915187211384,0.562194940980524,0.5971483558663575
CHIP >=2%,6.9022635646180275,0.5794577928283029,0.56175395051358,0.5967225111064177
CHIP >=2%,6.9104772856389935,0.5790240669354674,0.5613129852747096,0.596296642754366
CHIP >=2%,6.913215192645982,0.5790240669354674,0.5613129852747096,0.596296642754366
CHIP >=2%,6.921428913666947,0.5785896902911047,0.5608713519161956,0.5958701420315147
CHIP >=2%,6.926904727680924,0.5781553136467421,0.5604297438715058,0.5954436176360539
CHIP >=2%,6.929642634687912,0.5781553136467421,0.5604297438715058,0.5954436176360539
CHIP >=2%,6.93511844870189,0.5781553136467421,0.5604297438715058,0.5954436176360539
CHIP >=2%,6.937856355708878,0.5781553136467421,0.5604297438715058,0.5954436176360539
CHIP >=2%,6.948807983736832,0.5781553136467421,0.5604297438715058,0.5954436176360539
CHIP >=2%,6.95154589074382,0.5781553136467421,0.5604297438715058,0.5954436176360539
CHIP >=2%,6.95428379775081,0.5777189700138012,0.5599860652117623,0.5950152296528277
CHIP >=2%,6.957021704757798,0.5777189700138012,0.5599860652117623,0.5950152296528277
CHIP >=2%,6.97071123979274,0.5777189700138012,0.5599860652117623,0.5950152296528277
CHIP >=2%,6.978924960813706,0.577281635441497,0.5595413561381949,0.5945858909353199
CHIP >=2%,6.9816628678206945,0.5768443008691929,0.5590966729800005,0.5941565279953835
CHIP >=2%,6.984400774827683,0.5764069662968888,0.558652015701868,0.5937271408636392
CHIP >=2%,6.98987658884166,0.5764069662968888,0.558652015701868,0.5937271408636392
CHIP >=2%,6.995352402855637,0.5759692996558129,0.5582070303886728,0.59329741900327
CHIP >=2%,7.019993565918534,0.575531300188394,0.5577617162805111,0.5928673616629713
CHIP >=2%,7.036421007960464,0.5750933007209752,0.5573164281067233,0.5924372800773494
CHIP >=2%,7.041896821974442,0.5746549674124989,0.5568708100968017,0.5920068620257086
CHIP >=2%,7.050110542995407,0.5746549674124989,0.5568708100968017,0.5920068620257086
CHIP >=2%,7.061062171023361,0.5746549674124989,0.5568708100968017,0.5920068620257086
CHIP >=2%,7.06380007803035,0.5746549674124989,0.5568708100968017,0.5920068620257086
CHIP >=2%,7.066537985037338,0.5742156287523976,0.5564241466783664,0.5915754794518957
CHIP >=2%,7.072013799051315,0.5737762900922964,0.5559775094114343,0.5911440724314725
CHIP >=2%,7.077489613065292,0.5737762900922964,0.5559775094114343,0.5911440724314725
CHIP >=2%,7.091179148100235,0.5737762900922964,0.5559775094114343,0.5911440724314725
CHIP >=2%,7.0993928691212,0.5733362775998943,0.5555301801770205,0.5907120108077076
CHIP >=2%,7.121296125177108,0.5728962651074921,0.5550828771862265,0.5902799246508651
CHIP >=2%,7.1267719391910855,0.5728962651074921,0.5550828771862265,0.5902799246508651
CHIP >=2%,7.134985660212051,0.5728962651074921,0.5550828771862265,0.5902799246508651
CHIP >=2%,7.137723567219039,0.5724548966443893,0.5546341553038324,0.5898465459405974
CHIP >=2%,7.1404614742260275,0.5724548966443893,0.5546341553038324,0.5898465459405974
CHIP >=2%,7.145937288240005,0.5720131876192007,0.5541850969397394,0.5894128240157412
CHIP >=2%,7.148675195246994,0.5720131876192007,0.5541850969397394,0.5894128240157412
CHIP >=2%,7.151413102253982,0.5720131876192007,0.5541850969397394,0.5894128240157412
CHIP >=2%,7.159626823274947,0.5720131876192007,0.5541850969397394,0.5894128240157412
CHIP >=2%,7.165102637288924,0.5720131876192007,0.5541850969397394,0.5894128240157412
CHIP >=2%,7.178792172323867,0.5720131876192007,0.5541850969397394,0.5894128240157412
CHIP >=2%,7.187005893344832,0.5720131876192007,0.5541850969397394,0.5894128240157412
CHIP >=2%,7.19248170735881,0.5720131876192007,0.5541850969397394,0.5894128240157412
CHIP >=2%,7.195219614365798,0.5720131876192007,0.5541850969397394,0.5894128240157412
CHIP >=2%,7.197957521372786,0.571568387317786,0.5537327694104481,0.5889761876555705
CHIP >=2%,7.208909149400741,0.5711235870163714,0.5532804691540458,0.5885395258222259
CHIP >=2%,7.211647056407729,0.5711235870163714,0.5532804691540458,0.5885395258222259
CHIP >=2%,7.214384963414718,0.5706780927987299,0.552827456152131,0.5881021900716261
CHIP >=2%,7.225336591442671,0.5706780927987299,0.552827456152131,0.5881021900716261
CHIP >=2%,7.255453568519545,0.5706780927987299,0.552827456152131,0.5881021900716261
CHIP >=2%,7.274618917568465,0.5706780927987299,0.552827456152131,0.5881021900716261
CHIP >=2%,7.288308452603407,0.5702315528200141,0.5523733552257607,0.5876638515875886
CHIP >=2%,7.291046359610395,0.5702315528200141,0.5523733552257607,0.5876638515875886
CHIP >=2%,7.2992600806313614,0.5697843123864298,0.5519185347886398,0.5872248328990969
CHIP >=2%,7.318425429680281,0.5697843123864298,0.5519185347886398,0.5872248328990969
CHIP >=2%,7.337590778729201,0.5693363687446166,0.5514629919927189,0.5867851313578035
CHIP >=2%,7.340328685736189,0.5688884251028034,0.5510074770656037,0.5863454037946261
CHIP >=2%,7.359494034785109,0.5684401284715167,0.5505516134660692,0.5859053204549698
CHIP >=2%,7.367707755806074,0.5684401284715167,0.5505516134660692,0.5859053204549698
CHIP >=2%,7.373183569820051,0.5679914780149488,0.5500954003558662,0.5854648805099433
CHIP >=2%,7.3786593838340275,0.5679914780149488,0.5500954003558662,0.5854648805099433
CHIP >=2%,7.403300546896925,0.5679914780149488,0.5500954003558662,0.5854648805099433
CHIP >=2%,7.43067961696681,0.5675421176684179,0.549638457984048,0.5850237512749564
CHIP >=2%,7.4361554309807865,0.5675421176684179,0.549638457984048,0.5850237512749564
CHIP >=2%,7.438893337987775,0.5670920446171345,0.5491807834386937,0.5845819300429952
CHIP >=2%,7.4443691520017525,0.5670920446171345,0.5491807834386937,0.5845819300429952
CHIP >=2%,7.466272408057661,0.5670920446171345,0.5491807834386937,0.5845819300429952
CHIP >=2%,7.469010315064649,0.5666412560284086,0.548722373789256,0.5841394140899633
CHIP >=2%,7.482699850099591,0.5661904674396828,0.5482639924954117,0.5836968716635103
CHIP >=2%,7.493651478127545,0.5661904674396828,0.5482639924954117,0.5836968716635103
CHIP >=2%,7.499127292141522,0.5661904674396828,0.5482639924954117,0.5836968716635103
CHIP >=2%,7.501865199148511,0.5661904674396828,0.5482639924954117,0.5836968716635103
CHIP >=2%,7.507341013162487,0.5657382386318237,0.5478041030379759,0.5832529576019977
CHIP >=2%,7.531982176225385,0.5648337810161054,0.5468844100166079,0.5823650492965278
CHIP >=2%,7.548409618267315,0.5648337810161054,0.5468844100166079,0.5823650492965278
CHIP >=2%,7.551147525274304,0.5643811898454194,0.5464242198141607,0.5819207166509812
CHIP >=2%,7.564837060309246,0.5643811898454194,0.5464242198141607,0.5819207166509812
CHIP >=2%,7.570312874323223,0.5639275072169263,0.545962893813503,0.5814753378736064
CHIP >=2%,7.575788688337201,0.5639275072169263,0.545962893813503,0.5814753378736064
CHIP >=2%,7.5812645023511775,0.5639275072169263,0.545962893813503,0.5814753378736064
CHIP >=2%,7.589478223372143,0.5634723599148949,0.5455000338088762,0.5810285644427271
CHIP >=2%,7.597691944393109,0.5634723599148949,0.5455000338088762,0.5810285644427271
CHIP >=2%,7.603167758407086,0.5630161069918869,0.5450360230469848,0.5805807315441048
CHIP >=2%,7.608643572421062,0.5625598540688789,0.5445720417284211,0.5801328711708439
CHIP >=2%,7.63054682847697,0.5621036011458709,0.5441080898116172,0.5796849833590315
CHIP >=2%,7.644236363511913,0.5616469775868572,0.54364377174018,0.5792367220839881
CHIP >=2%,7.646974270518902,0.5611903540278435,0.5431794830845766,0.5787884333542423
CHIP >=2%,7.6606638055538445,0.5607333586255406,0.5427148270364341,0.5783397699876515
CHIP >=2%,7.6743533405887865,0.5607333586255406,0.5427148270364341,0.5783397699876515
CHIP >=2%,7.679829154602764,0.5602756171082953,0.5422494042683949,0.5778903824745938
CHIP >=2%,7.682567061609753,0.5602756171082953,0.5422494042683949,0.5778903824745938
CHIP >=2%,7.693518689637706,0.5602756171082953,0.5422494042683949,0.5778903824745938
CHIP >=2%,7.704470317665661,0.5602756171082953,0.5422494042683949,0.5778903824745938
CHIP >=2%,7.720897759707591,0.5602756171082953,0.5422494042683949,0.5778903824745938
CHIP >=2%,7.72363566671458,0.5602756171082953,0.5422494042683949,0.5778903824745938
CHIP >=2%,7.731849387735545,0.5602756171082953,0.5422494042683949,0.5778903824745938
CHIP >=2%,7.734587294742534,0.5602756171082953,0.5422494042683949,0.5778903824745938
CHIP >=2%,7.740063108756511,0.5602756171082953,0.5422494042683949,0.5778903824745938
CHIP >=2%,7.7428010157635,0.5598141050678437,0.5417799861739397,0.5774374481570762
CHIP >=2%,7.75922845780543,0.5598141050678437,0.5417799861739397,0.5774374481570762
CHIP >=2%,7.767442178826396,0.5598141050678437,0.5417799861739397,0.5774374481570762
CHIP >=2%,7.77839380685435,0.5593518308274904,0.5413097846874328,0.576983774261711
CHIP >=2%,7.781131713861338,0.5588895565871371,0.5408396139019624,0.5765300717349793
CHIP >=2%,7.786607527875316,0.5584268996694326,0.5403690651453217,0.576075983579603
CHIP >=2%,7.811248690938212,0.5584268996694326,0.5403690651453217,0.576075983579603
CHIP >=2%,7.816724504952189,0.5584268996694326,0.5403690651453217,0.576075983579603
CHIP >=2%,7.819462411959178,0.5584268996694326,0.5403690651453217,0.576075983579603
CHIP >=2%,7.824938225973154,0.5584268996694326,0.5403690651453217,0.576075983579603
CHIP >=2%,7.827676132980143,0.5574985091462914,0.5394247744574081,0.5751648508209418
CHIP >=2%,7.844103575022074,0.5570343138847208,0.5389526756986128,0.5747092409996574
CHIP >=2%,7.846841482029062,0.5570343138847208,0.5389526756986128,0.5747092409996574
CHIP >=2%,7.85231729604304,0.5570343138847208,0.5389526756986128,0.5747092409996574
CHIP >=2%,7.87148264509196,0.5570343138847208,0.5389526756986128,0.5747092409996574
CHIP >=2%,7.874220552098948,0.5570343138847208,0.5389526756986128,0.5747092409996574
CHIP >=2%,7.879696366112925,0.5565685661306365,0.5384789498885522,0.5742521541052945
CHIP >=2%,7.893385901147868,0.5565685661306365,0.5384789498885522,0.5742521541052945
CHIP >=2%,7.909813343189798,0.5565685661306365,0.5384789498885522,0.5742521541052945
CHIP >=2%,7.9125512501967865,0.5561020375756235,0.5380044214377074,0.5737943097521769
CHIP >=2%,7.923502878224741,0.5556355090206103,0.5375299245286164,0.5733364359907506
CHIP >=2%,7.928978692238718,0.5556355090206103,0.5375299245286164,0.5733364359907506
CHIP >=2%,7.950881948294626,0.5551678023631855,0.5370542006912329,0.5728774341618362
CHIP >=2%,7.967309390336557,0.5547000957057607,0.536578508627243,0.5724184027102901
CHIP >=2%,7.9700472973435454,0.5542323890483359,0.5361028482906915,0.5719593416760536
CHIP >=2%,7.9782610183645115,0.5542323890483359,0.5361028482906915,0.5719593416760536
CHIP >=2%,7.986474739385477,0.5542323890483359,0.5361028482906915,0.5719593416760536
CHIP >=2%,7.99742636741343,0.5542323890483359,0.5361028482906915,0.5719593416760536
CHIP >=2%,8.002902181427407,0.5537623022043594,0.5356246769184112,0.5714980316223596
CHIP >=2%,8.005640088434395,0.5532922153603829,0.5351465378386763,0.5710366914682938
CHIP >=2%,8.022067530476328,0.5528217287826954,0.5346680039299941,0.5705749485592121
CHIP >=2%,8.030281251497293,0.5528217287826954,0.5346680039299941,0.5705749485592121
CHIP >=2%,8.033019158504281,0.5528217287826954,0.5346680039299941,0.5705749485592121
CHIP >=2%,8.03575706551127,0.5523504400113547,0.5341886452407251,0.5701124276301182
CHIP >=2%,8.046708693539223,0.5523504400113547,0.5341886452407251,0.5701124276301182
CHIP >=2%,8.0521845075532,0.5523504400113547,0.5341886452407251,0.5701124276301182
CHIP >=2%,8.05492241456019,0.5523504400113547,0.5341886452407251,0.5701124276301182
CHIP >=2%,8.063136135581155,0.5523504400113547,0.5341886452407251,0.5701124276301182
CHIP >=2%,8.07134985660212,0.5523504400113547,0.5341886452407251,0.5701124276301182
CHIP >=2%,8.074087763609109,0.5523504400113547,0.5341886452407251,0.5701124276301182
CHIP >=2%,8.082301484630074,0.5518767260833861,0.5337067272999995,0.5696476160084982
CHIP >=2%,8.085039391637062,0.5518767260833861,0.5337067272999995,0.5696476160084982
CHIP >=2%,8.09051520565104,0.5514026051846891,0.533224407467392,0.5691823942876132
CHIP >=2%,8.093253112658028,0.5514026051846891,0.533224407467392,0.5691823942876132
CHIP >=2%,8.095991019665018,0.5514026051846891,0.533224407467392,0.5691823942876132
CHIP >=2%,8.098728926672006,0.5514026051846891,0.533224407467392,0.5691823942876132
CHIP >=2%,8.106942647692971,0.5514026051846891,0.533224407467392,0.5691823942876132
CHIP >=2%,8.10968055469996,0.5509268479757291,0.5327403715640758,0.568715617040178
CHIP >=2%,8.112418461706948,0.550451090766769,0.5322563692618638,0.5682488084904317
CHIP >=2%,8.120632182727913,0.550451090766769,0.5322563692618638,0.5682488084904317
CHIP >=2%,8.123370089734902,0.550451090766769,0.5322563692618638,0.5682488084904317
CHIP >=2%,8.12610799674189,0.550451090766769,0.5322563692618638,0.5682488084904317
CHIP >=2%,8.134321717762855,0.5499740967539729,0.5317710781934579,0.5677808164646945
CHIP >=2%,8.139797531776834,0.5494971027411768,0.5312858209800967,0.5673127929016221
CHIP >=2%,8.148011252797799,0.5494971027411768,0.5312858209800967,0.5673127929016221
CHIP >=2%,8.150749159804787,0.5494971027411768,0.5312858209800967,0.5673127929016221
CHIP >=2%,8.161700787832741,0.5494971027411768,0.5312858209800967,0.5673127929016221
CHIP >=2%,8.16443869483973,0.5494971027411768,0.5312858209800967,0.5673127929016221
CHIP >=2%,8.186341950895638,0.549018446728336,0.5307988204637877,0.5668431897212073
CHIP >=2%,8.189079857902627,0.549018446728336,0.5307988204637877,0.5668431897212073
CHIP >=2%,8.191817764909615,0.549018446728336,0.5307988204637877,0.5668431897212073
CHIP >=2%,8.197293578923592,0.549018446728336,0.5307988204637877,0.5668431897212073
CHIP >=2%,8.202769392937569,0.549018446728336,0.5307988204637877,0.5668431897212073
CHIP >=2%,8.205507299944557,0.5485376950236702,0.5303096126980916,0.5663716031882156
CHIP >=2%,8.210983113958534,0.5485376950236702,0.5303096126980916,0.5663716031882156
CHIP >=2%,8.213721020965522,0.5485376950236702,0.5303096126980916,0.5663716031882156
CHIP >=2%,8.221934741986487,0.5485376950236702,0.5303096126980916,0.5663716031882156
CHIP >=2%,8.224672648993478,0.5480552520201314,0.5298186302419429,0.565898409869247
CHIP >=2%,8.232886370014443,0.5475728090165926,0.5293276830198801,0.5654251837498043
CHIP >=2%,8.241100091035408,0.5475728090165926,0.5293276830198801,0.5654251837498043
CHIP >=2%,8.257527533077338,0.5470899405783063,0.5288363158043372,0.5649515288659119
CHIP >=2%,8.268479161105294,0.5470899405783063,0.5288363158043372,0.5649515288659119
CHIP >=2%,8.271217068112282,0.5470899405783063,0.5288363158043372,0.5649515288659119
CHIP >=2%,8.279430789133247,0.5470899405783063,0.5288363158043372,0.5649515288659119
CHIP >=2%,8.282168696140236,0.546605790188414,0.5283436121705622,0.5644766479829516
CHIP >=2%,8.31228567321711,0.5461216397985218,0.5278509441146655,0.5640017339803073
CHIP >=2%,8.317761487231087,0.5461216397985218,0.5278509441146655,0.5640017339803073
CHIP >=2%,8.325975208252052,0.5461216397985218,0.5278509441146655,0.5640017339803073
CHIP >=2%,8.334188929273017,0.5461216397985218,0.5278509441146655,0.5640017339803073
CHIP >=2%,8.336926836280005,0.545636198340923,0.527356930061853,0.563525585352626
CHIP >=2%,8.339664743286994,0.545150324611323,0.526862489269022,0.5630490010871834
CHIP >=2%,8.342402650293982,0.545150324611323,0.526862489269022,0.5630490010871834
CHIP >=2%,8.34514055730097,0.545150324611323,0.526862489269022,0.5630490010871834
CHIP >=2%,8.350616371314947,0.5446635832500628,0.5263671558800452,0.5625715760154324
CHIP >=2%,8.353354278321937,0.5441768418888027,0.5258718586232383,0.562094117310877
CHIP >=2%,8.364305906349891,0.5436901005275426,0.5253765974433557,0.5616166250216731
CHIP >=2%,8.36704381335688,0.5436901005275426,0.5253765974433557,0.5616166250216731
CHIP >=2%,8.377995441384833,0.5436901005275426,0.5253765974433557,0.5616166250216731
CHIP >=2%,8.380733348391821,0.5436901005275426,0.5253765974433557,0.5616166250216731
CHIP >=2%,8.386209162405798,0.5436901005275426,0.5253765974433557,0.5616166250216731
CHIP >=2%,8.388947069412787,0.5436901005275426,0.5253765974433557,0.5616166250216731
CHIP >=2%,8.394422883426765,0.5436901005275426,0.5253765974433557,0.5616166250216731
CHIP >=2%,8.405374511454719,0.5436901005275426,0.5253765974433557,0.5616166250216731
CHIP >=2%,8.413588232475684,0.5436901005275426,0.5253765974433557,0.5616166250216731
CHIP >=2%,8.416326139482672,0.5436901005275426,0.5253765974433557,0.5616166250216731
CHIP >=2%,8.41906404648966,0.5436901005275426,0.5253765974433557,0.5616166250216731
CHIP >=2%,8.421801953496649,0.5436901005275426,0.5253765974433557,0.5616166250216731
CHIP >=2%,8.427277767510626,0.5436901005275426,0.5253765974433557,0.5616166250216731
CHIP >=2%,8.430015674517614,0.5436901005275426,0.5253765974433557,0.5616166250216731
CHIP >=2%,8.432753581524603,0.5436901005275426,0.5253765974433557,0.5616166250216731
CHIP >=2%,8.435491488531591,0.54319448512141,0.5248718688650633,0.5611308480778759
CHIP >=2%,8.44096730254557,0.5426988697152773,0.5243671789759893,0.5606450351661381
CHIP >=2%,8.443705209552558,0.5426988697152773,0.5243671789759893,0.5606450351661381
CHIP >=2%,8.460132651594488,0.5426988697152773,0.5243671789759893,0.5606450351661381
CHIP >=2%,8.465608465608465,0.5422023474191059,0.5238615557459916,0.5601583438517073
CHIP >=2%,8.468346372615454,0.5422023474191059,0.5238615557459916,0.5601583438517073
CHIP >=2%,8.47382218662943,0.5422023474191059,0.5238615557459916,0.5601583438517073
CHIP >=2%,8.479298000643407,0.5417049140728498,0.5233549948611859,0.5596707701465066
CHIP >=2%,8.484773814657386,0.5417049140728498,0.5233549948611859,0.5596707701465066
CHIP >=2%,8.49572544268534,0.5417049140728498,0.5233549948611859,0.5596707701465066
CHIP >=2%,8.501201256699316,0.5417049140728498,0.5233549948611859,0.5596707701465066
CHIP >=2%,8.503939163706304,0.5417049140728498,0.5233549948611859,0.5596707701465066
CHIP >=2%,8.53131823377619,0.5417049140728498,0.5233549948611859,0.5596707701465066
CHIP >=2%,8.534056140783179,0.5417049140728498,0.5233549948611859,0.5596707701465066
CHIP >=2%,8.539531954797155,0.5417049140728498,0.5233549948611859,0.5596707701465066
CHIP >=2%,8.545007768811132,0.5417049140728498,0.5233549948611859,0.5596707701465066
CHIP >=2%,8.54774567581812,0.5417049140728498,0.5233549948611859,0.5596707701465066
CHIP >=2%,8.550483582825109,0.5417049140728498,0.5233549948611859,0.5596707701465066
CHIP >=2%,8.555959396839086,0.5417049140728498,0.5233549948611859,0.5596707701465066
CHIP >=2%,8.56964893187403,0.5417049140728498,0.5233549948611859,0.5596707701465066
CHIP >=2%,8.583338466908971,0.5417049140728498,0.5233549948611859,0.5596707701465066
CHIP >=2%,8.591552187929937,0.5417049140728498,0.5233549948611859,0.5596707701465066
CHIP >=2%,8.597028001943913,0.5417049140728498,0.5233549948611859,0.5596707701465066
CHIP >=2%,8.599765908950902,0.5417049140728498,0.5233549948611859,0.5596707701465066
CHIP >=2%,8.616193350992834,0.541197224368939,0.5228374686333388,0.5591736438189867
CHIP >=2%,8.627144979020787,0.541197224368939,0.5228374686333388,0.5591736438189867
CHIP >=2%,8.635358700041753,0.541197224368939,0.5228374686333388,0.5591736438189867
CHIP >=2%,8.64083451405573,0.541197224368939,0.5228374686333388,0.5591736438189867
CHIP >=2%,8.643572421062718,0.541197224368939,0.5228374686333388,0.5591736438189867
CHIP >=2%,8.649048235076695,0.541197224368939,0.5228374686333388,0.5591736438189867
CHIP >=2%,8.654524049090673,0.541197224368939,0.5228374686333388,0.5591736438189867
CHIP >=2%,8.668213584125615,0.541197224368939,0.5228374686333388,0.5591736438189867
CHIP >=2%,8.67642730514658,0.541197224368939,0.5228374686333388,0.5591736438189867
CHIP >=2%,8.679165212153569,0.541197224368939,0.5228374686333388,0.5591736438189867
CHIP >=2%,8.684641026167546,0.5406852118577101,0.5223153404049636,0.5586724733210151
CHIP >=2%,8.690116840181522,0.5406852118577101,0.5223153404049636,0.5586724733210151
CHIP >=2%,8.6955926541955,0.5406852118577101,0.5223153404049636,0.5586724733210151
CHIP >=2%,8.706544282223454,0.540171740621378,0.5217916879708615,0.5581699115072059
CHIP >=2%,8.712020096237431,0.540171740621378,0.5217916879708615,0.5581699115072059
CHIP >=2%,8.71475800324442,0.540171740621378,0.5217916879708615,0.5581699115072059
CHIP >=2%,8.720233817258396,0.540171740621378,0.5217916879708615,0.5581699115072059
CHIP >=2%,8.722971724265385,0.540171740621378,0.5217916879708615,0.5581699115072059
CHIP >=2%,8.736661259300329,0.540171740621378,0.5217916879708615,0.5581699115072059
CHIP >=2%,8.739399166307317,0.540171740621378,0.5217916879708615,0.5581699115072059
CHIP >=2%,8.742137073314305,0.540171740621378,0.5217916879708615,0.5581699115072059
CHIP >=2%,8.753088701342259,0.5396533416380561,0.5212627801761026,0.5576627485229552
CHIP >=2%,8.7667782363772,0.5391349426547343,0.5207339182161451,0.5571555430422575
CHIP >=2%,8.76951614338419,0.5386165436714124,0.5202051020069539,0.5566482951390875
CHIP >=2%,8.772254050391178,0.5386165436714124,0.5202051020069539,0.5566482951390875
CHIP >=2%,8.780467771412145,0.5386165436714124,0.5202051020069539,0.5566482951390875
CHIP >=2%,8.783205678419133,0.5380951336581777,0.5196730918155419,0.556138219908217
CHIP >=2%,8.791419399440098,0.5380951336581777,0.5196730918155419,0.556138219908217
CHIP >=2%,8.794157306447087,0.5380951336581777,0.5196730918155419,0.556138219908217
CHIP >=2%,8.80510893447504,0.5380951336581777,0.5196730918155419,0.556138219908217
CHIP >=2%,8.813322655496005,0.5380951336581777,0.5196730918155419,0.556138219908217
CHIP >=2%,8.829750097537937,0.5380951336581777,0.5196730918155419,0.556138219908217
CHIP >=2%,8.832488004544926,0.5380951336581777,0.5196730918155419,0.556138219908217
CHIP >=2%,8.835225911551914,0.5375706744635791,0.519137845994555,0.5556252827080667
CHIP >=2%,8.837963818558903,0.5375706744635791,0.519137845994555,0.5556252827080667
CHIP >=2%,8.84343963257288,0.5375706744635791,0.519137845994555,0.5556252827080667
CHIP >=2%,8.851653353593845,0.5375706744635791,0.519137845994555,0.5556252827080667
CHIP >=2%,8.85986707461481,0.5375706744635791,0.519137845994555,0.5556252827080667
CHIP >=2%,8.865342888628788,0.5370441605806568,0.5186004352284737,0.5551104027714491
CHIP >=2%,8.868080795635777,0.5370441605806568,0.5186004352284737,0.5551104027714491
CHIP >=2%,8.873556609649754,0.5365155738084318,0.5180608399378182,0.5545935633080231
CHIP >=2%,8.87903242366373,0.5359864657474768,0.5175207320744556,0.5540761969870577
CHIP >=2%,8.887246144684696,0.5359864657474768,0.5175207320744556,0.5540761969870577
CHIP >=2%,8.892721958698672,0.5359864657474768,0.5175207320744556,0.5540761969870577
CHIP >=2%,8.900935679719638,0.5354552601322662,0.516978413279787,0.5535568482698985
CHIP >=2%,8.909149400740604,0.5354552601322662,0.516978413279787,0.5535568482698985
CHIP >=2%,8.920101028768558,0.5354552601322662,0.516978413279787,0.5535568482698985
CHIP >=2%,8.925576842782535,0.5354552601322662,0.516978413279787,0.5535568482698985
CHIP >=2%,8.939266377817477,0.5354552601322662,0.516978413279787,0.5535568482698985
CHIP >=2%,8.947480098838442,0.5354552601322662,0.516978413279787,0.5535568482698985
CHIP >=2%,8.95295591285242,0.5354552601322662,0.516978413279787,0.5535568482698985
CHIP >=2%,8.955693819859409,0.5354552601322662,0.516978413279787,0.5535568482698985
CHIP >=2%,8.958431726866397,0.5354552601322662,0.516978413279787,0.5535568482698985
CHIP >=2%,8.961169633873386,0.5354552601322662,0.516978413279787,0.5535568482698985
CHIP >=2%,8.966645447887363,0.5349160302630493,0.5164274908013688,0.5530300511704567
CHIP >=2%,8.969383354894351,0.5349160302630493,0.5164274908013688,0.5530300511704567
CHIP >=2%,8.974859168908328,0.5349160302630493,0.5164274908013688,0.5530300511704567
CHIP >=2%,8.977597075915316,0.5343751647117218,0.5158748557321515,0.5525016977086803
CHIP >=2%,8.983072889929293,0.5343751647117218,0.5158748557321515,0.5525016977086803
CHIP >=2%,8.985810796936281,0.5338332020700263,0.51532108975278,0.5519722839344859
CHIP >=2%,8.98854870394327,0.5338332020700263,0.51532108975278,0.5519722839344859
CHIP >=2%,8.991286610950258,0.5332895837379794,0.5147655899530937,0.5514412950736941
CHIP >=2%,8.994024517957248,0.5332895837379794,0.5147655899530937,0.5514412950736941
CHIP >=2%,8.996762424964237,0.5332895837379794,0.5147655899530937,0.5514412950736941
CHIP >=2%,8.999500331971225,0.5332895837379794,0.5147655899530937,0.5514412950736941
CHIP >=2%,9.004976145985202,0.5332895837379794,0.5147655899530937,0.5514412950736941
CHIP >=2%,9.00771405299219,0.5332895837379794,0.5147655899530937,0.5514412950736941
CHIP >=2%,9.010451959999179,0.5332895837379794,0.5147655899530937,0.5514412950736941
CHIP >=2%,9.013189867006167,0.5327414957793587,0.5142053166524668,0.55090614034397
CHIP >=2%,9.018665681020144,0.5327414957793587,0.5142053166524668,0.55090614034397
CHIP >=2%,9.029617309048097,0.5327414957793587,0.5142053166524668,0.55090614034397
CHIP >=2%,9.043306844083041,0.5321905738602487,0.5136420364816576,0.55036832607084
CHIP >=2%,9.04604475109003,0.5321905738602487,0.5136420364816576,0.55036832607084
CHIP >=2%,9.051520565104006,0.5321905738602487,0.5136420364816576,0.55036832607084
CHIP >=2%,9.054258472110995,0.5321905738602487,0.5136420364816576,0.55036832607084
CHIP >=2%,9.056996379117983,0.5321905738602487,0.5136420364816576,0.55036832607084
CHIP >=2%,9.059734286124971,0.5321905738602487,0.5136420364816576,0.55036832607084
CHIP >=2%,9.06247219313196,0.5321905738602487,0.5136420364816576,0.55036832607084
CHIP >=2%,9.065210100138948,0.5321905738602487,0.5136420364816576,0.55036832607084
CHIP >=2%,9.067948007145937,0.5321905738602487,0.5136420364816576,0.55036832607084
CHIP >=2%,9.084375449187869,0.5321905738602487,0.5136420364816576,0.55036832607084
CHIP >=2%,9.087113356194857,0.5321905738602487,0.5136420364816576,0.55036832607084
CHIP >=2%,9.089851263201846,0.5316309623209635,0.5130694126439164,0.5498224720009817
CHIP >=2%,9.092589170208834,0.5316309623209635,0.5130694126439164,0.5498224720009817
CHIP >=2%,9.095327077215822,0.5316309623209635,0.5130694126439164,0.5498224720009817
CHIP >=2%,9.1008028912298,0.5316309623209635,0.5130694126439164,0.5498224720009817
CHIP >=2%,9.103540798236788,0.5316309623209635,0.5130694126439164,0.5498224720009817
CHIP >=2%,9.111754519257753,0.5316309623209635,0.5130694126439164,0.5498224720009817
CHIP >=2%,9.114492426264741,0.5316309623209635,0.5130694126439164,0.5498224720009817
CHIP >=2%,9.11723033327173,0.5316309623209635,0.5130694126439164,0.5498224720009817
CHIP >=2%,9.119968240278718,0.5316309623209635,0.5130694126439164,0.5498224720009817
CHIP >=2%,9.122706147285708,0.5316309623209635,0.5130694126439164,0.5498224720009817
CHIP >=2%,9.125444054292696,0.5316309623209635,0.5130694126439164,0.5498224720009817
CHIP >=2%,9.128181961299685,0.5316309623209635,0.5130694126439164,0.5498224720009817
CHIP >=2%,9.130919868306673,0.5316309623209635,0.5130694126439164,0.5498224720009817
CHIP >=2%,9.141871496334627,0.5310623730564491,0.5124871216092107,0.5492683249652234
CHIP >=2%,9.144609403341615,0.5310623730564491,0.5124871216092107,0.5492683249652234
CHIP >=2%,9.147347310348604,0.5310623730564491,0.5124871216092107,0.5492683249652234
CHIP >=2%,9.150085217355592,0.5310623730564491,0.5124871216092107,0.5492683249652234
CHIP >=2%,9.155561031369569,0.5310623730564491,0.5124871216092107,0.5492683249652234
CHIP >=2%,9.158298938376557,0.5310623730564491,0.5124871216092107,0.5492683249652234
CHIP >=2%,9.161036845383546,0.5310623730564491,0.5124871216092107,0.5492683249652234
CHIP >=2%,9.163774752390536,0.5310623730564491,0.5124871216092107,0.5492683249652234
CHIP >=2%,9.169250566404513,0.5310623730564491,0.5124871216092107,0.5492683249652234
CHIP >=2%,9.171988473411501,0.5310623730564491,0.5124871216092107,0.5492683249652234
CHIP >=2%,9.177464287425478,0.5304845032272255,0.5118948226609227,0.5487056194724358
CHIP >=2%,9.180202194432466,0.5304845032272255,0.5118948226609227,0.5487056194724358
CHIP >=2%,9.196629636474396,0.5304845032272255,0.5118948226609227,0.5487056194724358
CHIP >=2%,9.199367543481385,0.5304845032272255,0.5118948226609227,0.5487056194724358
CHIP >=2%,9.202105450488373,0.5304845032272255,0.5118948226609227,0.5487056194724358
CHIP >=2%,9.207581264502352,0.5304845032272255,0.5118948226609227,0.5487056194724358
CHIP >=2%,9.215794985523317,0.5304845032272255,0.5118948226609227,0.5487056194724358
CHIP >=2%,9.221270799537294,0.5304845032272255,0.5118948226609227,0.5487056194724358
CHIP >=2%,9.224008706544282,0.5299009119145444,0.5112963745833222,0.5481376188962063
CHIP >=2%,9.22674661355127,0.5299009119145444,0.5112963745833222,0.5481376188962063
CHIP >=2%,9.229484520558259,0.5299009119145444,0.5112963745833222,0.5481376188962063
CHIP >=2%,9.243174055593201,0.5299009119145444,0.5112963745833222,0.5481376188962063
CHIP >=2%,9.24591196260019,0.5299009119145444,0.5112963745833222,0.5481376188962063
CHIP >=2%,9.251387776614168,0.5299009119145444,0.5112963745833222,0.5481376188962063
CHIP >=2%,9.254125683621156,0.5299009119145444,0.5112963745833222,0.5481376188962063
CHIP >=2%,9.262339404642121,0.5293127865961043,0.5106930663202871,0.5475654107095813
CHIP >=2%,9.26507731164911,0.5293127865961043,0.5106930663202871,0.5475654107095813
CHIP >=2%,9.267815218656098,0.5293127865961043,0.5106930663202871,0.5475654107095813
CHIP >=2%,9.270553125663087,0.5293127865961043,0.5106930663202871,0.5475654107095813
CHIP >=2%,9.278766846684052,0.5287220357182069,0.5100869741168075,0.5469907379227252
CHIP >=2%,9.28150475369104,0.5287220357182069,0.5100869741168075,0.5469907379227252
CHIP >=2%,9.284242660698029,0.5287220357182069,0.5100869741168075,0.5469907379227252
CHIP >=2%,9.292456381718996,0.5281272977702673,0.5094766154370868,0.5464123585134151
CHIP >=2%,9.297932195732972,0.5281272977702673,0.5094766154370868,0.5464123585134151
CHIP >=2%,9.30340800974695,0.5281272977702673,0.5094766154370868,0.5464123585134151
CHIP >=2%,9.311621730767914,0.5281272977702673,0.5094766154370868,0.5464123585134151
CHIP >=2%,9.314359637774903,0.5281272977702673,0.5094766154370868,0.5464123585134151
CHIP >=2%,9.317097544781891,0.5281272977702673,0.5094766154370868,0.5464123585134151
CHIP >=2%,9.325311265802856,0.5281272977702673,0.5094766154370868,0.5464123585134151
CHIP >=2%,9.328049172809845,0.5281272977702673,0.5094766154370868,0.5464123585134151
CHIP >=2%,9.333524986823821,0.5281272977702673,0.5094766154370868,0.5464123585134151
CHIP >=2%,9.341738707844788,0.5281272977702673,0.5094766154370868,0.5464123585134151
CHIP >=2%,9.344476614851777,0.5281272977702673,0.5094766154370868,0.5464123585134151
CHIP >=2%,9.352690335872742,0.527522340957243,0.5088551940025986,0.5458245975660946
CHIP >=2%,9.35542824287973,0.527522340957243,0.5088551940025986,0.5458245975660946
CHIP >=2%,9.360904056893707,0.527522340957243,0.5088551940025986,0.5458245975660946
CHIP >=2%,9.363641963900696,0.527522340957243,0.5088551940025986,0.5458245975660946
CHIP >=2%,9.369117777914672,0.527522340957243,0.5088551940025986,0.5458245975660946
CHIP >=2%,9.37459359192865,0.527522340957243,0.5088551940025986,0.5458245975660946
CHIP >=2%,9.37733149893564,0.526911075208741,0.5082269672149718,0.5452310224465426
CHIP >=2%,9.380069405942628,0.526911075208741,0.5082269672149718,0.5452310224465426
CHIP >=2%,9.391021033970581,0.526911075208741,0.5082269672149718,0.5452310224465426
CHIP >=2%,9.39375894097757,0.526911075208741,0.5082269672149718,0.5452310224465426
CHIP >=2%,9.396496847984558,0.5262969597364697,0.507595712134949,0.544634779122194
CHIP >=2%,9.399234754991546,0.5262969597364697,0.507595712134949,0.544634779122194
CHIP >=2%,9.404710569005523,0.5262969597364697,0.507595712134949,0.544634779122194
CHIP >=2%,9.407448476012512,0.5262969597364697,0.507595712134949,0.544634779122194
CHIP >=2%,9.4101863830195,0.5262969597364697,0.507595712134949,0.544634779122194
CHIP >=2%,9.412924290026488,0.5262969597364697,0.507595712134949,0.544634779122194
CHIP >=2%,9.421138011047455,0.5262969597364697,0.507595712134949,0.544634779122194
CHIP >=2%,9.423875918054444,0.5256763265292334,0.5069574183125949,0.5440325373120679
CHIP >=2%,9.426613825061432,0.525054959713005,0.5063184115446252,0.5434295472758646
CHIP >=2%,9.42935173206842,0.525054959713005,0.5063184115446252,0.5434295472758646
CHIP >=2%,9.432089639075409,0.525054959713005,0.5063184115446252,0.5434295472758646
CHIP >=2%,9.434827546082397,0.525054959713005,0.5063184115446252,0.5434295472758646
CHIP >=2%,9.437565453089386,0.525054959713005,0.5063184115446252,0.5434295472758646
CHIP >=2%,9.443041267103363,0.525054959713005,0.5063184115446252,0.5434295472758646
CHIP >=2%,9.445779174110351,0.525054959713005,0.5063184115446252,0.5434295472758646
CHIP >=2%,9.44851708111734,0.525054959713005,0.5063184115446252,0.5434295472758646
CHIP >=2%,9.451254988124328,0.525054959713005,0.5063184115446252,0.5434295472758646
CHIP >=2%,9.453992895131316,0.525054959713005,0.5063184115446252,0.5434295472758646
CHIP >=2%,9.456730802138305,0.525054959713005,0.5063184115446252,0.5434295472758646
CHIP >=2%,9.459468709145293,0.525054959713005,0.5063184115446252,0.5434295472758646
CHIP >=2%,9.462206616152283,0.525054959713005,0.5063184115446252,0.5434295472758646
CHIP >=2%,9.470420337173248,0.525054959713005,0.5063184115446252,0.5434295472758646
CHIP >=2%,9.478634058194213,0.524417757091994,0.5056621510380459,0.5428121249564728
CHIP >=2%,9.481371965201202,0.524417757091994,0.5056621510380459,0.5428121249564728
CHIP >=2%,9.486847779215179,0.524417757091994,0.5056621510380459,0.5428121249564728
CHIP >=2%,9.489585686222167,0.524417757091994,0.5056621510380459,0.5428121249564728
CHIP >=2%,9.492323593229155,0.524417757091994,0.5056621510380459,0.5428121249564728
CHIP >=2%,9.495061500236144,0.524417757091994,0.5056621510380459,0.5428121249564728
CHIP >=2%,9.497799407243132,0.524417757091994,0.5056621510380459,0.5428121249564728
CHIP >=2%,9.50053731425012,0.524417757091994,0.5056621510380459,0.5428121249564728
CHIP >=2%,9.5060131282641,0.524417757091994,0.5056621510380459,0.5428121249564728
CHIP >=2%,9.508751035271088,0.524417757091994,0.5056621510380459,0.5428121249564728
CHIP >=2%,9.516964756292053,0.524417757091994,0.5056621510380459,0.5428121249564728
CHIP >=2%,9.52244057030603,0.524417757091994,0.5056621510380459,0.5428121249564728
CHIP >=2%,9.525178477313018,0.524417757091994,0.5056621510380459,0.5428121249564728
CHIP >=2%,9.533392198333983,0.524417757091994,0.5056621510380459,0.5428121249564728
CHIP >=2%,9.536130105340971,0.524417757091994,0.5056621510380459,0.5428121249564728
CHIP >=2%,9.53886801234796,0.524417757091994,0.5056621510380459,0.5428121249564728
CHIP >=2%,9.547081733368925,0.524417757091994,0.5056621510380459,0.5428121249564728
CHIP >=2%,9.552557547382904,0.524417757091994,0.5056621510380459,0.5428121249564728
CHIP >=2%,9.555295454389892,0.524417757091994,0.5056621510380459,0.5428121249564728
CHIP >=2%,9.55803336139688,0.524417757091994,0.5056621510380459,0.5428121249564728
CHIP >=2%,9.566247082417846,0.524417757091994,0.5056621510380459,0.5428121249564728
CHIP >=2%,9.571722896431822,0.524417757091994,0.5056621510380459,0.5428121249564728
CHIP >=2%,9.57446080343881,0.524417757091994,0.5056621510380459,0.5428121249564728
CHIP >=2%,9.5771987104458,0.524417757091994,0.5056621510380459,0.5428121249564728
CHIP >=2%,9.579936617452788,0.5237581121145198,0.5049813257887256,0.5421743571779809
CHIP >=2%,9.585412431466764,0.5230976353022695,0.5042996976060509,0.5415357363347025
CHIP >=2%,9.588150338473753,0.5230976353022695,0.5042996976060509,0.5415357363347025
CHIP >=2%,9.590888245480743,0.5230976353022695,0.5042996976060509,0.5415357363347025
CHIP >=2%,9.593626152487731,0.5230976353022695,0.5042996976060509,0.5415357363347025
CHIP >=2%,9.601839873508696,0.5230976353022695,0.5042996976060509,0.5415357363347025
CHIP >=2%,9.604577780515685,0.5230976353022695,0.5042996976060509,0.5415357363347025
CHIP >=2%,9.607315687522673,0.5230976353022695,0.5042996976060509,0.5415357363347025
CHIP >=2%,9.615529408543638,0.5224261364122794,0.5036060348888448,0.5408870975206703
CHIP >=2%,9.618267315550627,0.5224261364122794,0.5036060348888448,0.5408870975206703
CHIP >=2%,9.623743129564604,0.5224261364122794,0.5036060348888448,0.5408870975206703
CHIP >=2%,9.626481036571592,0.5224261364122794,0.5036060348888448,0.5408870975206703
CHIP >=2%,9.62921894357858,0.5224261364122794,0.5036060348888448,0.5408870975206703
CHIP >=2%,9.637432664599547,0.5224261364122794,0.5036060348888448,0.5408870975206703
CHIP >=2%,9.640170571606536,0.5224261364122794,0.5036060348888448,0.5408870975206703
CHIP >=2%,9.642908478613524,0.5224261364122794,0.5036060348888448,0.5408870975206703
CHIP >=2%,9.645646385620513,0.5224261364122794,0.5036060348888448,0.5408870975206703
CHIP >=2%,9.648384292627501,0.5217458940471592,0.5029028406111964,0.5402304986943365
CHIP >=2%,9.65112219963449,0.521064763637176,0.502198791831416,0.5395729868818744
CHIP >=2%,9.653860106641478,0.521064763637176,0.502198791831416,0.5395729868818744
CHIP >=2%,9.659335920655455,0.521064763637176,0.502198791831416,0.5395729868818744
CHIP >=2%,9.662073827662443,0.521064763637176,0.502198791831416,0.5395729868818744
CHIP >=2%,9.664811734669431,0.521064763637176,0.502198791831416,0.5395729868818744
CHIP >=2%,9.66754964167642,0.521064763637176,0.502198791831416,0.5395729868818744
CHIP >=2%,9.673025455690397,0.5203764350194254,0.5014869142120448,0.5389089057632255
CHIP >=2%,9.683977083718352,0.5196871947081414,0.5007741600742467,0.5382438867451085
CHIP >=2%,9.689452897732329,0.5196871947081414,0.5007741600742467,0.5382438867451085
CHIP >=2%,9.694928711746305,0.5196871947081414,0.5007741600742467,0.5382438867451085
CHIP >=2%,9.700404525760282,0.5196871947081414,0.5007741600742467,0.5382438867451085
CHIP >=2%,9.70314243276727,0.5196871947081414,0.5007741600742467,0.5382438867451085
CHIP >=2%,9.705880339774259,0.5189924257312588,0.50005542224433,0.5375737955013281
CHIP >=2%,9.708618246781247,0.5189924257312588,0.50005542224433,0.5375737955013281
CHIP >=2%,9.716831967802213,0.51829672542867,0.49933578942964413,0.5369027458518243
CHIP >=2%,9.719569874809203,0.5175991524469356,0.498614220212266,0.5362298950147446
CHIP >=2%,9.722307781816191,0.5175991524469356,0.498614220212266,0.5362298950147446
CHIP >=2%,9.730521502837156,0.5168996941328181,0.4978907013488728,0.5355552310078943
CHIP >=2%,9.74147313086511,0.5168996941328181,0.4978907013488728,0.5355552310078943
CHIP >=2%,9.746948944879087,0.5161983376957315,0.4971652194515564,0.5348787417202349
CHIP >=2%,9.749686851886075,0.5161983376957315,0.4971652194515564,0.5348787417202349
CHIP >=2%,9.752424758893063,0.5161983376957315,0.4971652194515564,0.5348787417202349
CHIP >=2%,9.755162665900052,0.5161983376957315,0.4971652194515564,0.5348787417202349
CHIP >=2%,9.75790057290704,0.5161983376957315,0.4971652194515564,0.5348787417202349
CHIP >=2%,9.766114293928007,0.5154912166851894,0.49643349363298633,0.5341969690558521
CHIP >=2%,9.768852200934996,0.5154912166851894,0.49643349363298633,0.5341969690558521
CHIP >=2%,9.771590107941984,0.5154912166851894,0.49643349363298633,0.5341969690558521
CHIP >=2%,9.774328014948972,0.5154912166851894,0.49643349363298633,0.5341969690558521
CHIP >=2%,9.77706592195596,0.5154912166851894,0.49643349363298633,0.5341969690558521
CHIP >=2%,9.785279642976926,0.5154912166851894,0.49643349363298633,0.5341969690558521
CHIP >=2%,9.790755456990903,0.5154912166851894,0.49643349363298633,0.5341969690558521
CHIP >=2%,9.79623127100488,0.5147752566620155,0.4956921133551659,0.5335071698762718
CHIP >=2%,9.798969178011868,0.5147752566620155,0.4956921133551659,0.5335071698762718
CHIP >=2%,9.801707085018856,0.5147752566620155,0.4956921133551659,0.5335071698762718
CHIP >=2%,9.804444992025847,0.5140552912680826,0.49494643882131306,0.5328136595492214
CHIP >=2%,9.807182899032835,0.5140552912680826,0.49494643882131306,0.5328136595492214
CHIP >=2%,9.809920806039823,0.5140552912680826,0.49494643882131306,0.5328136595492214
CHIP >=2%,9.812658713046812,0.5140552912680826,0.49494643882131306,0.5328136595492214
CHIP >=2%,9.818134527060788,0.5140552912680826,0.49494643882131306,0.5328136595492214
CHIP >=2%,9.834561969102719,0.5140552912680826,0.49494643882131306,0.5328136595492214
CHIP >=2%,9.837299876109707,0.5140552912680826,0.49494643882131306,0.5328136595492214
CHIP >=2%,9.840037783116696,0.5140552912680826,0.49494643882131306,0.5328136595492214
CHIP >=2%,9.842775690123684,0.5140552912680826,0.49494643882131306,0.5328136595492214
CHIP >=2%,9.845513597130672,0.5140552912680826,0.49494643882131306,0.5328136595492214
CHIP >=2%,9.848251504137663,0.5140552912680826,0.49494643882131306,0.5328136595492214
CHIP >=2%,9.850989411144651,0.5133188223694177,0.49418257798843457,0.5321053128585532
CHIP >=2%,9.85372731815164,0.5133188223694177,0.49418257798843457,0.5321053128585532
CHIP >=2%,9.864678946179593,0.5133188223694177,0.49418257798843457,0.5321053128585532
CHIP >=2%,9.87015476019357,0.5125770321636816,0.49341295989760725,0.5313920848086011
CHIP >=2%,9.872892667200558,0.5125770321636816,0.49341295989760725,0.5313920848086011
CHIP >=2%,9.878368481214535,0.5125770321636816,0.49341295989760725,0.5313920848086011
CHIP >=2%,9.883844295228512,0.5125770321636816,0.49341295989760725,0.5313920848086011
CHIP >=2%,9.88932010924249,0.5125770321636816,0.49341295989760725,0.5313920848086011
CHIP >=2%,9.903009644277432,0.5125770321636816,0.49341295989760725,0.5313920848086011
CHIP >=2%,9.90574755128442,0.5125770321636816,0.49341295989760725,0.5313920848086011
CHIP >=2%,9.908485458291409,0.5125770321636816,0.49341295989760725,0.5313920848086011
CHIP >=2%,9.919437086319363,0.5125770321636816,0.49341295989760725,0.5313920848086011
CHIP >=2%,9.927650807340328,0.5125770321636816,0.49341295989760725,0.5313920848086011
CHIP >=2%,9.930388714347316,0.5125770321636816,0.49341295989760725,0.5313920848086011
CHIP >=2%,9.933126621354306,0.5125770321636816,0.49341295989760725,0.5313920848086011
CHIP >=2%,9.938602435368283,0.5125770321636816,0.49341295989760725,0.5313920848086011
CHIP >=2%,9.941340342375272,0.5125770321636816,0.49341295989760725,0.5313920848086011
CHIP >=2%,9.94407824938226,0.5125770321636816,0.49341295989760725,0.5313920848086011
CHIP >=2%,9.952291970403225,0.5125770321636816,0.49341295989760725,0.5313920848086011
CHIP >=2%,9.955029877410214,0.5125770321636816,0.49341295989760725,0.5313920848086011
CHIP >=2%,9.96050569142419,0.5125770321636816,0.49341295989760725,0.5313920848086011
CHIP >=2%,9.963243598431179,0.5125770321636816,0.49341295989760725,0.5313920848086011
CHIP >=2%,9.965981505438167,0.5125770321636816,0.49341295989760725,0.5313920848086011
CHIP >=2%,9.968719412445155,0.5125770321636816,0.49341295989760725,0.5313920848086011
CHIP >=2%,9.971457319452144,0.5125770321636816,0.49341295989760725,0.5313920848086011
CHIP >=2%,9.97967104047311,0.5125770321636816,0.49341295989760725,0.5313920848086011
CHIP >=2%,9.985146854487088,0.5117992217962101,0.49260327930686443,0.5306468258318311
CHIP >=2%,9.987884761494076,0.5117992217962101,0.49260327930686443,0.5306468258318311
CHIP >=2%,9.993360575508053,0.5117992217962101,0.49260327930686443,0.5306468258318311
CHIP >=2%,9.996098482515041,0.5117992217962101,0.49260327930686443,0.5306468258318311
CHIP >=2%,10.001574296529018,0.5117992217962101,0.49260327930686443,0.5306468258318311
CHIP >=2%,10.004312203536006,0.5117992217962101,0.49260327930686443,0.5306468258318311
CHIP >=2%,10.009788017549983,0.5110118383780621,0.49178306981079856,0.5298929469429022
CHIP >=2%,10.01526383156396,0.5110118383780621,0.49178306981079856,0.5298929469429022
CHIP >=2%,10.028953366598904,0.5110118383780621,0.49178306981079856,0.5298929469429022
CHIP >=2%,10.045380808640834,0.5102195719619721,0.4909575937827812,0.5291345758017424
CHIP >=2%,10.048118715647822,0.5102195719619721,0.4909575937827812,0.5291345758017424
CHIP >=2%,10.0535945296618,0.5094260734052661,0.49013095228675185,0.5283749206964662
CHIP >=2%,10.056332436668788,0.5094260734052661,0.49013095228675185,0.5283749206964662
CHIP >=2%,10.059070343675776,0.5094260734052661,0.49013095228675185,0.5283749206964662
CHIP >=2%,10.061808250682766,0.5094260734052661,0.49013095228675185,0.5283749206964662
CHIP >=2%,10.070021971703731,0.5094260734052661,0.49013095228675185,0.5283749206964662
CHIP >=2%,10.07275987871072,0.5086263464454462,0.48929753547895694,0.5276095891526057
CHIP >=2%,10.075497785717708,0.5086263464454462,0.48929753547895694,0.5276095891526057
CHIP >=2%,10.078235692724697,0.5086263464454462,0.48929753547895694,0.5276095891526057
CHIP >=2%,10.086449413745662,0.5086263464454462,0.48929753547895694,0.5276095891526057
CHIP >=2%,10.091925227759639,0.5078228293104613,0.48846008443145333,0.5268407218163228
CHIP >=2%,10.094663134766627,0.5078228293104613,0.48846008443145333,0.5268407218163228
CHIP >=2%,10.097401041773615,0.5078228293104613,0.48846008443145333,0.5268407218163228
CHIP >=2%,10.100138948780604,0.5078228293104613,0.48846008443145333,0.5268407218163228
CHIP >=2%,10.105614762794582,0.5078228293104613,0.48846008443145333,0.5268407218163228
CHIP >=2%,10.10835266980157,0.5078228293104613,0.48846008443145333,0.5268407218163228
CHIP >=2%,10.111090576808559,0.5078228293104613,0.48846008443145333,0.5268407218163228
CHIP >=2%,10.113828483815547,0.5078228293104613,0.48846008443145333,0.5268407218163228
CHIP >=2%,10.119304297829524,0.5078228293104613,0.48846008443145333,0.5268407218163228
CHIP >=2%,10.122042204836513,0.5078228293104613,0.48846008443145333,0.5268407218163228
CHIP >=2%,10.124780111843501,0.5078228293104613,0.48846008443145333,0.5268407218163228
CHIP >=2%,10.12751801885049,0.5078228293104613,0.48846008443145333,0.5268407218163228
CHIP >=2%,10.130255925857478,0.5078228293104613,0.48846008443145333,0.5268407218163228
CHIP >=2%,10.132993832864466,0.5078228293104613,0.48846008443145333,0.5268407218163228
CHIP >=2%,10.14394546089242,0.5078228293104613,0.48846008443145333,0.5268407218163228
CHIP >=2%,10.14668336789941,0.5078228293104613,0.48846008443145333,0.5268407218163228
CHIP >=2%,10.157634995927364,0.5078228293104613,0.48846008443145333,0.5268407218163228
CHIP >=2%,10.160372902934352,0.5078228293104613,0.48846008443145333,0.5268407218163228
CHIP >=2%,10.16311080994134,0.5078228293104613,0.48846008443145333,0.5268407218163228
CHIP >=2%,10.171324530962305,0.5078228293104613,0.48846008443145333,0.5268407218163228
CHIP >=2%,10.17953825198327,0.5069764579282772,0.4875745367109463,0.5260341710506536
CHIP >=2%,10.190489880011226,0.5069764579282772,0.4875745367109463,0.5260341710506536
CHIP >=2%,10.198703601032191,0.5069764579282772,0.4875745367109463,0.5260341710506536
CHIP >=2%,10.204179415046168,0.5069764579282772,0.4875745367109463,0.5260341710506536
CHIP >=2%,10.206917322053156,0.5061200787763713,0.4866779329675565,0.5252186602935822
CHIP >=2%,10.209655229060145,0.5061200787763713,0.4866779329675565,0.5252186602935822
CHIP >=2%,10.212393136067133,0.5061200787763713,0.4866779329675565,0.5252186602935822
CHIP >=2%,10.223344764095087,0.5061200787763713,0.4866779329675565,0.5252186602935822
CHIP >=2%,10.226082671102075,0.5061200787763713,0.4866779329675565,0.5252186602935822
CHIP >=2%,10.231558485116054,0.5052504566478896,0.48576659712677844,0.5243913883907831
CHIP >=2%,10.234296392123042,0.5052504566478896,0.48576659712677844,0.5243913883907831
CHIP >=2%,10.239772206137019,0.5052504566478896,0.48576659712677844,0.5243913883907831
CHIP >=2%,10.247985927157984,0.5043748059431272,0.4848487199252893,0.5235586108979039
CHIP >=2%,10.250723834164972,0.5043748059431272,0.4848487199252893,0.5235586108979039
CHIP >=2%,10.25619964817895,0.5043748059431272,0.4848487199252893,0.5235586108979039
CHIP >=2%,10.258937555185938,0.5043748059431272,0.4848487199252893,0.5235586108979039
CHIP >=2%,10.264413369199914,0.5043748059431272,0.4848487199252893,0.5235586108979039
CHIP >=2%,10.267151276206903,0.5043748059431272,0.4848487199252893,0.5235586108979039
CHIP >=2%,10.27262709022088,0.5043748059431272,0.4848487199252893,0.5235586108979039
CHIP >=2%,10.27536499722787,0.5043748059431272,0.4848487199252893,0.5235586108979039
CHIP >=2%,10.278102904234858,0.5043748059431272,0.4848487199252893,0.5235586108979039
CHIP >=2%,10.283578718248835,0.5043748059431272,0.4848487199252893,0.5235586108979039
CHIP >=2%,10.289054532262812,0.5043748059431272,0.4848487199252893,0.5235586108979039
CHIP >=2%,10.2917924392698,0.5043748059431272,0.4848487199252893,0.5235586108979039
CHIP >=2%,10.294530346276789,0.5043748059431272,0.4848487199252893,0.5235586108979039
CHIP >=2%,10.297268253283777,0.5043748059431272,0.4848487199252893,0.5235586108979039
CHIP >=2%,10.300006160290765,0.5043748059431272,0.4848487199252893,0.5235586108979039
CHIP >=2%,10.302744067297754,0.5043748059431272,0.4848487199252893,0.5235586108979039
CHIP >=2%,10.310957788318719,0.5043748059431272,0.4848487199252893,0.5235586108979039
CHIP >=2%,10.313695695325707,0.5043748059431272,0.4848487199252893,0.5235586108979039
CHIP >=2%,10.319171509339686,0.5043748059431272,0.4848487199252893,0.5235586108979039
CHIP >=2%,10.321909416346674,0.5043748059431272,0.4848487199252893,0.5235586108979039
CHIP >=2%,10.335598951381616,0.5043748059431272,0.4848487199252893,0.5235586108979039
CHIP >=2%,10.338336858388605,0.5043748059431272,0.4848487199252893,0.5235586108979039
CHIP >=2%,10.343812672402581,0.5043748059431272,0.4848487199252893,0.5235586108979039
CHIP >=2%,10.34655057940957,0.5043748059431272,0.4848487199252893,0.5235586108979039
CHIP >=2%,10.352026393423547,0.5043748059431272,0.4848487199252893,0.5235586108979039
CHIP >=2%,10.357502207437523,0.5043748059431272,0.4848487199252893,0.5235586108979039
CHIP >=2%,10.360240114444514,0.5043748059431272,0.4848487199252893,0.5235586108979039
CHIP >=2%,10.362978021451502,0.5043748059431272,0.4848487199252893,0.5235586108979039
CHIP >=2%,10.36571592845849,0.5043748059431272,0.4848487199252893,0.5235586108979039
CHIP >=2%,10.371191742472467,0.5043748059431272,0.4848487199252893,0.5235586108979039
CHIP >=2%,10.373929649479456,0.5034355604944435,0.483858528746226,0.5226708246163365
CHIP >=2%,10.376667556486444,0.5034355604944435,0.483858528746226,0.5226708246163365
CHIP >=2%,10.38214337050042,0.5034355604944435,0.483858528746226,0.5226708246163365
CHIP >=2%,10.390357091521386,0.5034355604944435,0.483858528746226,0.5226708246163365
CHIP >=2%,10.393094998528374,0.5034355604944435,0.483858528746226,0.5226708246163365
CHIP >=2%,10.395832905535363,0.5034355604944435,0.483858528746226,0.5226708246163365
CHIP >=2%,10.398570812542351,0.5034355604944435,0.483858528746226,0.5226708246163365
CHIP >=2%,10.40130871954934,0.5034355604944435,0.483858528746226,0.5226708246163365
CHIP >=2%,10.40404662655633,0.5034355604944435,0.483858528746226,0.5226708246163365
CHIP >=2%,10.417736161591272,0.5034355604944435,0.483858528746226,0.5226708246163365
CHIP >=2%,10.42047406859826,0.5034355604944435,0.483858528746226,0.5226708246163365
CHIP >=2%,10.423211975605248,0.5034355604944435,0.483858528746226,0.5226708246163365
CHIP >=2%,10.431425696626214,0.5034355604944435,0.483858528746226,0.5226708246163365
CHIP >=2%,10.439639417647179,0.5034355604944435,0.483858528746226,0.5226708246163365
CHIP >=2%,10.445115231661157,0.5034355604944435,0.483858528746226,0.5226708246163365
CHIP >=2%,10.453328952682122,0.5024542046260333,0.4828202424197784,0.5217468269589983
CHIP >=2%,10.45606685968911,0.5024542046260333,0.4828202424197784,0.5217468269589983
CHIP >=2%,10.472494301731041,0.5024542046260333,0.4828202424197784,0.5217468269589983
CHIP >=2%,10.47523220873803,0.5024542046260333,0.4828202424197784,0.5217468269589983
CHIP >=2%,10.486183836765983,0.5024542046260333,0.4828202424197784,0.5217468269589983
CHIP >=2%,10.488921743772973,0.5024542046260333,0.4828202424197784,0.5217468269589983
CHIP >=2%,10.491659650779962,0.5024542046260333,0.4828202424197784,0.5217468269589983
CHIP >=2%,10.49439755778695,0.5024542046260333,0.4828202424197784,0.5217468269589983
CHIP >=2%,10.505349185814904,0.5014532998359416,0.4817598175585669,0.5208058496127592
CHIP >=2%,10.513562906835869,0.5014532998359416,0.4817598175585669,0.5208058496127592
CHIP >=2%,10.521776627856834,0.5014532998359416,0.4817598175585669,0.5208058496127592
CHIP >=2%,10.524514534863822,0.5014532998359416,0.4817598175585669,0.5208058496127592
CHIP >=2%,10.52725244187081,0.5014532998359416,0.4817598175585669,0.5208058496127592
CHIP >=2%,10.529990348877801,0.5014532998359416,0.4817598175585669,0.5208058496127592
CHIP >=2%,10.535466162891778,0.5004402628665761,0.48068584325865377,0.5198541607440378
CHIP >=2%,10.538204069898766,0.5004402628665761,0.48068584325865377,0.5198541607440378
CHIP >=2%,10.540941976905755,0.5004402628665761,0.48068584325865377,0.5198541607440378
CHIP >=2%,10.543679883912743,0.5004402628665761,0.48068584325865377,0.5198541607440378
CHIP >=2%,10.546417790919731,0.5004402628665761,0.48068584325865377,0.5198541607440378
CHIP >=2%,10.54915569792672,0.5004402628665761,0.48068584325865377,0.5198541607440378
CHIP >=2%,10.554631511940697,0.5004402628665761,0.48068584325865377,0.5198541607440378
CHIP >=2%,10.56558313996865,0.5004402628665761,0.48068584325865377,0.5198541607440378
CHIP >=2%,10.568321046975639,0.5004402628665761,0.48068584325865377,0.5198541607440378
CHIP >=2%,10.590224303031547,0.5004402628665761,0.48068584325865377,0.5198541607440378
CHIP >=2%,10.595700117045524,0.5004402628665761,0.48068584325865377,0.5198541607440378
CHIP >=2%,10.598438024052513,0.5004402628665761,0.48068584325865377,0.5198541607440378
CHIP >=2%,10.60391383806649,0.5004402628665761,0.48068584325865377,0.5198541607440378
CHIP >=2%,10.612127559087455,0.5004402628665761,0.48068584325865377,0.5198541607440378
CHIP >=2%,10.617603373101433,0.5004402628665761,0.48068584325865377,0.5198541607440378
CHIP >=2%,10.625817094122398,0.5004402628665761,0.48068584325865377,0.5198541607440378
CHIP >=2%,10.628555001129387,0.5004402628665761,0.48068584325865377,0.5198541607440378
CHIP >=2%,10.634030815143364,0.4993800080723672,0.47955742512781385,0.5188623743904226
CHIP >=2%,10.63950662915734,0.4993800080723672,0.47955742512781385,0.5188623743904226
CHIP >=2%,10.642244536164329,0.4993800080723672,0.47955742512781385,0.5188623743904226
CHIP >=2%,10.644982443171317,0.4983106718666448,0.4784190291687171,0.5178624218644475
CHIP >=2%,10.647720350178306,0.4983106718666448,0.4784190291687171,0.5178624218644475
CHIP >=2%,10.650458257185294,0.4983106718666448,0.4784190291687171,0.5178624218644475
CHIP >=2%,10.653196164192282,0.4983106718666448,0.4784190291687171,0.5178624218644475
CHIP >=2%,10.66140988521325,0.4972226572992504,0.47725941999249977,0.5168463146528748
CHIP >=2%,10.666885699227226,0.49613464273185603,0.4761005032955211,0.5158295670596748
CHIP >=2%,10.669623606234214,0.49613464273185603,0.4761005032955211,0.5158295670596748
CHIP >=2%,10.672361513241203,0.49613464273185603,0.4761005032955211,0.5158295670596748
CHIP >=2%,10.67783732725518,0.49613464273185603,0.4761005032955211,0.5158295670596748
CHIP >=2%,10.691526862290122,0.49613464273185603,0.4761005032955211,0.5158295670596748
CHIP >=2%,10.69426476929711,0.49613464273185603,0.4761005032955211,0.5158295670596748
CHIP >=2%,10.697002676304098,0.49613464273185603,0.4761005032955211,0.5158295670596748
CHIP >=2%,10.699740583311087,0.49613464273185603,0.4761005032955211,0.5158295670596748
CHIP >=2%,10.705216397325065,0.4950296657992684,0.47492239021973515,0.5147980886810969
CHIP >=2%,10.707954304332054,0.4950296657992684,0.47492239021973515,0.5147980886810969
CHIP >=2%,10.710692211339042,0.4950296657992684,0.47492239021973515,0.5147980886810969
CHIP >=2%,10.71343011834603,0.4950296657992684,0.47492239021973515,0.5147980886810969
CHIP >=2%,10.716168025353019,0.4939147341195403,0.47373331471554436,0.5137576857554189
CHIP >=2%,10.718905932360007,0.4939147341195403,0.47373331471554436,0.5137576857554189
CHIP >=2%,10.721643839366996,0.4939147341195403,0.47373331471554436,0.5137576857554189
CHIP >=2%,10.724381746373984,0.4939147341195403,0.47373331471554436,0.5137576857554189
CHIP >=2%,10.727119653380973,0.4939147341195403,0.47373331471554436,0.5137576857554189
CHIP >=2%,10.735333374401938,0.4939147341195403,0.47373331471554436,0.5137576857554189
CHIP >=2%,10.738071281408926,0.4939147341195403,0.47373331471554436,0.5137576857554189
CHIP >=2%,10.740809188415914,0.4939147341195403,0.47373331471554436,0.5137576857554189
CHIP >=2%,10.746285002429893,0.4939147341195403,0.47373331471554436,0.5137576857554189
CHIP >=2%,10.749022909436881,0.4939147341195403,0.47373331471554436,0.5137576857554189
CHIP >=2%,10.75176081644387,0.4939147341195403,0.47373331471554436,0.5137576857554189
CHIP >=2%,10.754498723450858,0.4939147341195403,0.47373331471554436,0.5137576857554189
CHIP >=2%,10.757236630457847,0.4939147341195403,0.47373331471554436,0.5137576857554189
CHIP >=2%,10.765450351478812,0.4939147341195403,0.47373331471554436,0.5137576857554189
CHIP >=2%,10.7681882584858,0.4939147341195403,0.47373331471554436,0.5137576857554189
CHIP >=2%,10.770926165492789,0.4939147341195403,0.47373331471554436,0.5137576857554189
CHIP >=2%,10.773664072499777,0.4939147341195403,0.47373331471554436,0.5137576857554189
CHIP >=2%,10.776401979506765,0.4939147341195403,0.47373331471554436,0.5137576857554189
CHIP >=2%,10.779139886513754,0.49272457813371007,0.4724561589602633,0.5126547152879841
CHIP >=2%,10.781877793520742,0.49272457813371007,0.4724561589602633,0.5126547152879841
CHIP >=2%,10.78461570052773,0.49272457813371007,0.4724561589602633,0.5126547152879841
CHIP >=2%,10.79009151454171,0.49272457813371007,0.4724561589602633,0.5126547152879841
CHIP >=2%,10.792829421548698,0.49272457813371007,0.4724561589602633,0.5126547152879841
CHIP >=2%,10.795567328555686,0.4915169198539706,0.4711591517688794,0.5115365988043443
CHIP >=2%,10.803781049576651,0.4915169198539706,0.4711591517688794,0.5115365988043443
CHIP >=2%,10.80651895658364,0.4915169198539706,0.4711591517688794,0.5115365988043443
CHIP >=2%,10.809256863590628,0.4915169198539706,0.4711591517688794,0.5115365988043443
CHIP >=2%,10.814732677604605,0.4915169198539706,0.4711591517688794,0.5115365988043443
CHIP >=2%,10.82294639862557,0.4915169198539706,0.4711591517688794,0.5115365988043443
CHIP >=2%,10.825684305632558,0.4915169198539706,0.4711591517688794,0.5115365988043443
CHIP >=2%,10.833898026653525,0.4915169198539706,0.4711591517688794,0.5115365988043443
CHIP >=2%,10.84211174767449,0.4915169198539706,0.4711591517688794,0.5115365988043443
CHIP >=2%,10.844849654681479,0.4902694149812448,0.4698156221444411,0.5103852385627852
CHIP >=2%,10.847587561688467,0.4902694149812448,0.4698156221444411,0.5103852385627852
CHIP >=2%,10.855801282709432,0.4902694149812448,0.4698156221444411,0.5103852385627852
CHIP >=2%,10.85853918971642,0.4902694149812448,0.4698156221444411,0.5103852385627852
CHIP >=2%,10.864015003730398,0.4902694149812448,0.4698156221444411,0.5103852385627852
CHIP >=2%,10.866752910737386,0.4902694149812448,0.4698156221444411,0.5103852385627852
CHIP >=2%,10.874966631758353,0.4902694149812448,0.4698156221444411,0.5103852385627852
CHIP >=2%,10.88044244577233,0.4902694149812448,0.4698156221444411,0.5103852385627852
CHIP >=2%,10.883180352779318,0.4902694149812448,0.4698156221444411,0.5103852385627852
CHIP >=2%,10.888656166793295,0.4902694149812448,0.4698156221444411,0.5103852385627852
CHIP >=2%,10.891394073800283,0.4902694149812448,0.4698156221444411,0.5103852385627852
CHIP >=2%,10.899607794821248,0.4902694149812448,0.4698156221444411,0.5103852385627852
CHIP >=2%,10.907821515842214,0.4902694149812448,0.4698156221444411,0.5103852385627852
CHIP >=2%,10.91329732985619,0.4902694149812448,0.4698156221444411,0.5103852385627852
CHIP >=2%,10.918773143870169,0.4902694149812448,0.4698156221444411,0.5103852385627852
CHIP >=2%,10.921511050877157,0.4902694149812448,0.4698156221444411,0.5103852385627852
CHIP >=2%,10.924248957884146,0.4902694149812448,0.4698156221444411,0.5103852385627852
CHIP >=2%,10.926986864891134,0.4902694149812448,0.4698156221444411,0.5103852385627852
CHIP >=2%,10.932462678905111,0.4902694149812448,0.4698156221444411,0.5103852385627852
CHIP >=2%,10.9352005859121,0.4902694149812448,0.4698156221444411,0.5103852385627852
CHIP >=2%,10.937938492919088,0.4902694149812448,0.4698156221444411,0.5103852385627852
CHIP >=2%,10.943414306933064,0.4902694149812448,0.4698156221444411,0.5103852385627852
CHIP >=2%,10.954365934961018,0.4902694149812448,0.4698156221444411,0.5103852385627852
CHIP >=2%,10.957103841968008,0.4902694149812448,0.4698156221444411,0.5103852385627852
CHIP >=2%,10.962579655981985,0.4902694149812448,0.4698156221444411,0.5103852385627852
CHIP >=2%,10.965317562988973,0.4902694149812448,0.4698156221444411,0.5103852385627852
CHIP >=2%,10.968055469995962,0.4902694149812448,0.4698156221444411,0.5103852385627852
CHIP >=2%,10.976269191016927,0.4902694149812448,0.4698156221444411,0.5103852385627852
CHIP >=2%,10.979007098023915,0.4902694149812448,0.4698156221444411,0.5103852385627852
CHIP >=2%,10.981745005030904,0.4902694149812448,0.4698156221444411,0.5103852385627852
CHIP >=2%,10.984482912037892,0.4902694149812448,0.4698156221444411,0.5103852385627852
CHIP >=2%,10.98722081904488,0.4902694149812448,0.4698156221444411,0.5103852385627852
CHIP >=2%,10.989958726051869,0.4902694149812448,0.4698156221444411,0.5103852385627852
CHIP >=2%,11.006386168093801,0.4902694149812448,0.4698156221444411,0.5103852385627852
CHIP >=2%,11.014599889114766,0.4902694149812448,0.4698156221444411,0.5103852385627852
CHIP >=2%,11.017337796121755,0.4902694149812448,0.4698156221444411,0.5103852385627852
CHIP >=2%,11.028289424149708,0.4902694149812448,0.4698156221444411,0.5103852385627852
CHIP >=2%,11.033765238163685,0.4902694149812448,0.4698156221444411,0.5103852385627852
CHIP >=2%,11.039241052177662,0.4902694149812448,0.4698156221444411,0.5103852385627852
CHIP >=2%,11.04197895918465,0.4902694149812448,0.4698156221444411,0.5103852385627852
CHIP >=2%,11.04471686619164,0.4902694149812448,0.4698156221444411,0.5103852385627852
CHIP >=2%,11.050192680205617,0.4902694149812448,0.4698156221444411,0.5103852385627852
CHIP >=2%,11.052930587212606,0.4902694149812448,0.4698156221444411,0.5103852385627852
CHIP >=2%,11.055668494219594,0.4902694149812448,0.4698156221444411,0.5103852385627852
CHIP >=2%,11.058406401226582,0.4902694149812448,0.4698156221444411,0.5103852385627852
CHIP >=2%,11.06114430823357,0.4902694149812448,0.4698156221444411,0.5103852385627852
CHIP >=2%,11.072095936261524,0.4902694149812448,0.4698156221444411,0.5103852385627852
CHIP >=2%,11.08030965728249,0.4902694149812448,0.4698156221444411,0.5103852385627852
CHIP >=2%,11.091261285310445,0.4902694149812448,0.4698156221444411,0.5103852385627852
CHIP >=2%,11.093999192317433,0.4902694149812448,0.4698156221444411,0.5103852385627852
CHIP >=2%,11.096737099324422,0.4902694149812448,0.4698156221444411,0.5103852385627852
CHIP >=2%,11.09947500633141,0.4902694149812448,0.4698156221444411,0.5103852385627852
CHIP >=2%,11.102212913338398,0.4902694149812448,0.4698156221444411,0.5103852385627852
CHIP >=2%,11.107688727352375,0.4902694149812448,0.4698156221444411,0.5103852385627852
CHIP >=2%,11.110426634359364,0.4902694149812448,0.4698156221444411,0.5103852385627852
CHIP >=2%,11.118640355380329,0.4902694149812448,0.4698156221444411,0.5103852385627852
CHIP >=2%,11.124116169394306,0.4902694149812448,0.4698156221444411,0.5103852385627852
CHIP >=2%,11.126854076401294,0.4902694149812448,0.4698156221444411,0.5103852385627852
CHIP >=2%,11.129591983408284,0.4902694149812448,0.4698156221444411,0.5103852385627852
CHIP >=2%,11.132329890415273,0.4902694149812448,0.4698156221444411,0.5103852385627852
CHIP >=2%,11.135067797422261,0.4902694149812448,0.4698156221444411,0.5103852385627852
CHIP >=2%,11.13780570442925,0.4886406129381178,0.468004062320693,0.5089375492284721
CHIP >=2%,11.140543611436238,0.4886406129381178,0.468004062320693,0.5089375492284721
CHIP >=2%,11.146019425450215,0.4886406129381178,0.468004062320693,0.5089375492284721
CHIP >=2%,11.148757332457203,0.4886406129381178,0.468004062320693,0.5089375492284721
CHIP >=2%,11.15423314647118,0.4886406129381178,0.468004062320693,0.5089375492284721
CHIP >=2%,11.156971053478168,0.4886406129381178,0.468004062320693,0.5089375492284721
CHIP >=2%,11.159708960485156,0.4886406129381178,0.468004062320693,0.5089375492284721
CHIP >=2%,11.162446867492145,0.4886406129381178,0.468004062320693,0.5089375492284721
CHIP >=2%,11.165184774499133,0.4886406129381178,0.468004062320693,0.5089375492284721
CHIP >=2%,11.17066058851311,0.4886406129381178,0.468004062320693,0.5089375492284721
CHIP >=2%,11.1733984955201,0.4886406129381178,0.468004062320693,0.5089375492284721
CHIP >=2%,11.176136402527089,0.4886406129381178,0.468004062320693,0.5089375492284721
CHIP >=2%,11.178874309534077,0.4886406129381178,0.468004062320693,0.5089375492284721
CHIP >=2%,11.181612216541065,0.4886406129381178,0.468004062320693,0.5089375492284721
CHIP >=2%,11.184350123548054,0.4886406129381178,0.468004062320693,0.5089375492284721
CHIP >=2%,11.187088030555042,0.4886406129381178,0.468004062320693,0.5089375492284721
CHIP >=2%,11.18982593756203,0.4886406129381178,0.468004062320693,0.5089375492284721
CHIP >=2%,11.195301751576007,0.4886406129381178,0.468004062320693,0.5089375492284721
CHIP >=2%,11.198039658582996,0.4886406129381178,0.468004062320693,0.5089375492284721
CHIP >=2%,11.200777565589984,0.4886406129381178,0.468004062320693,0.5089375492284721
CHIP >=2%,11.206253379603961,0.4868765674040451,0.46602319086809557,0.5073880458737277
CHIP >=2%,11.217205007631916,0.4868765674040451,0.46602319086809557,0.5073880458737277
CHIP >=2%,11.225418728652881,0.4868765674040451,0.46602319086809557,0.5073880458737277
CHIP >=2%,11.22815663565987,0.4868765674040451,0.46602319086809557,0.5073880458737277
CHIP >=2%,11.230894542666858,0.4868765674040451,0.46602319086809557,0.5073880458737277
CHIP >=2%,11.233632449673847,0.4868765674040451,0.46602319086809557,0.5073880458737277
CHIP >=2%,11.236370356680835,0.4868765674040451,0.46602319086809557,0.5073880458737277
CHIP >=2%,11.239108263687823,0.4868765674040451,0.46602319086809557,0.5073880458737277
CHIP >=2%,11.2445840777018,0.4868765674040451,0.46602319086809557,0.5073880458737277
CHIP >=2%,11.247321984708789,0.4868765674040451,0.46602319086809557,0.5073880458737277
CHIP >=2%,11.250059891715777,0.4868765674040451,0.46602319086809557,0.5073880458737277
CHIP >=2%,11.252797798722765,0.4868765674040451,0.46602319086809557,0.5073880458737277
CHIP >=2%,11.255535705729754,0.4868765674040451,0.46602319086809557,0.5073880458737277
CHIP >=2%,11.261011519743732,0.4868765674040451,0.46602319086809557,0.5073880458737277
CHIP >=2%,11.26648733375771,0.4868765674040451,0.46602319086809557,0.5073880458737277
CHIP >=2%,11.271963147771686,0.4868765674040451,0.46602319086809557,0.5073880458737277
CHIP >=2%,11.277438961785663,0.4868765674040451,0.46602319086809557,0.5073880458737277
CHIP >=2%,11.280176868792651,0.4868765674040451,0.46602319086809557,0.5073880458737277
CHIP >=2%,11.288390589813616,0.4849212398241092,0.4637977008698134,0.505699529105156
CHIP >=2%,11.291128496820605,0.4849212398241092,0.4637977008698134,0.505699529105156
CHIP >=2%,11.30208012484856,0.4849212398241092,0.4637977008698134,0.505699529105156
CHIP >=2%,11.307555938862537,0.4849212398241092,0.4637977008698134,0.505699529105156
CHIP >=2%,11.310293845869525,0.4849212398241092,0.4637977008698134,0.505699529105156
CHIP >=2%,11.313031752876514,0.4849212398241092,0.4637977008698134,0.505699529105156
CHIP >=2%,11.31850756689049,0.4849212398241092,0.4637977008698134,0.505699529105156
CHIP >=2%,11.323983380904467,0.4849212398241092,0.4637977008698134,0.505699529105156
CHIP >=2%,11.33493500893242,0.4849212398241092,0.4637977008698134,0.505699529105156
CHIP >=2%,11.33767291593941,0.4828577451865598,0.46143525121637025,0.5039311848807616
CHIP >=2%,11.340410822946398,0.4828577451865598,0.46143525121637025,0.5039311848807616
CHIP >=2%,11.343148729953388,0.4828577451865598,0.46143525121637025,0.5039311848807616
CHIP >=2%,11.345886636960376,0.4828577451865598,0.46143525121637025,0.5039311848807616
CHIP >=2%,11.348624543967365,0.4828577451865598,0.46143525121637025,0.5039311848807616
CHIP >=2%,11.351362450974353,0.4828577451865598,0.46143525121637025,0.5039311848807616
CHIP >=2%,11.359576171995318,0.4828577451865598,0.46143525121637025,0.5039311848807616
CHIP >=2%,11.362314079002306,0.4807117107635084,0.4589699787044316,0.502100370127624
CHIP >=2%,11.365051986009295,0.4807117107635084,0.4589699787044316,0.502100370127624
CHIP >=2%,11.376003614037248,0.4807117107635084,0.4589699787044316,0.502100370127624
CHIP >=2%,11.381479428051225,0.4807117107635084,0.4589699787044316,0.502100370127624
CHIP >=2%,11.386955242065204,0.4807117107635084,0.4589699787044316,0.502100370127624
CHIP >=2%,11.39243105607918,0.4807117107635084,0.4589699787044316,0.502100370127624
CHIP >=2%,11.395168963086169,0.4807117107635084,0.4589699787044316,0.502100370127624
CHIP >=2%,11.397906870093157,0.4807117107635084,0.4589699787044316,0.502100370127624
CHIP >=2%,11.403382684107134,0.4807117107635084,0.4589699787044316,0.502100370127624
CHIP >=2%,11.406120591114123,0.4807117107635084,0.4589699787044316,0.502100370127624
CHIP >=2%,11.408858498121111,0.4807117107635084,0.4589699787044316,0.502100370127624
CHIP >=2%,11.417072219142076,0.4807117107635084,0.4589699787044316,0.502100370127624
CHIP >=2%,11.419810126149065,0.4807117107635084,0.4589699787044316,0.502100370127624
CHIP >=2%,11.428023847170032,0.4807117107635084,0.4589699787044316,0.502100370127624
CHIP >=2%,11.436237568190997,0.4807117107635084,0.4589699787044316,0.502100370127624
CHIP >=2%,11.438975475197985,0.4807117107635084,0.4589699787044316,0.502100370127624
CHIP >=2%,11.441713382204973,0.4807117107635084,0.4589699787044316,0.502100370127624
CHIP >=2%,11.44718919621895,0.4807117107635084,0.4589699787044316,0.502100370127624
CHIP >=2%,11.452665010232927,0.4807117107635084,0.4589699787044316,0.502100370127624
CHIP >=2%,11.455402917239915,0.4807117107635084,0.4589699787044316,0.502100370127624
CHIP >=2%,11.460878731253892,0.4807117107635084,0.4589699787044316,0.502100370127624
CHIP >=2%,11.466354545267869,0.4807117107635084,0.4589699787044316,0.502100370127624
CHIP >=2%,11.474568266288836,0.4807117107635084,0.4589699787044316,0.502100370127624
CHIP >=2%,11.482781987309801,0.4807117107635084,0.4589699787044316,0.502100370127624
CHIP >=2%,11.48551989431679,0.4807117107635084,0.4589699787044316,0.502100370127624
CHIP >=2%,11.493733615337755,0.4807117107635084,0.4589699787044316,0.502100370127624
CHIP >=2%,11.496471522344743,0.4807117107635084,0.4589699787044316,0.502100370127624
CHIP >=2%,11.515636871393664,0.4807117107635084,0.4589699787044316,0.502100370127624
CHIP >=2%,11.518374778400652,0.4807117107635084,0.4589699787044316,0.502100370127624
CHIP >=2%,11.52111268540764,0.4807117107635084,0.4589699787044316,0.502100370127624
CHIP >=2%,11.534802220442582,0.47802617047991336,0.45576869226773375,0.4999221254360405
CHIP >=2%,11.548491755477524,0.47802617047991336,0.45576869226773375,0.4999221254360405
CHIP >=2%,11.551229662484513,0.47802617047991336,0.45576869226773375,0.4999221254360405
CHIP >=2%,11.553967569491501,0.47802617047991336,0.45576869226773375,0.4999221254360405
CHIP >=2%,11.556705476498491,0.47802617047991336,0.45576869226773375,0.4999221254360405
CHIP >=2%,11.55944338350548,0.4752630134251161,0.45247561542889764,0.49768062177233374
CHIP >=2%,11.562181290512468,0.4752630134251161,0.45247561542889764,0.49768062177233374
CHIP >=2%,11.567657104526445,0.4752630134251161,0.45247561542889764,0.49768062177233374
CHIP >=2%,11.570395011533433,0.4752630134251161,0.45247561542889764,0.49768062177233374
CHIP >=2%,11.573132918540422,0.4752630134251161,0.45247561542889764,0.49768062177233374
CHIP >=2%,11.578608732554398,0.4752630134251161,0.45247561542889764,0.49768062177233374
CHIP >=2%,11.581346639561387,0.4752630134251161,0.45247561542889764,0.49768062177233374
CHIP >=2%,11.584084546568375,0.4752630134251161,0.45247561542889764,0.49768062177233374
CHIP >=2%,11.595036174596329,0.4752630134251161,0.45247561542889764,0.49768062177233374
CHIP >=2%,11.597774081603317,0.4752630134251161,0.45247561542889764,0.49768062177233374
CHIP >=2%,11.608725709631273,0.4752630134251161,0.45247561542889764,0.49768062177233374
CHIP >=2%,11.61420152364525,0.4752630134251161,0.45247561542889764,0.49768062177233374
CHIP >=2%,11.616939430652238,0.4752630134251161,0.45247561542889764,0.49768062177233374
CHIP >=2%,11.627891058680191,0.4752630134251161,0.45247561542889764,0.49768062177233374
CHIP >=2%,11.633366872694168,0.4752630134251161,0.45247561542889764,0.49768062177233374
CHIP >=2%,11.636104779701157,0.4752630134251161,0.45247561542889764,0.49768062177233374
CHIP >=2%,11.638842686708145,0.4752630134251161,0.45247561542889764,0.49768062177233374
CHIP >=2%,11.647056407729112,0.4720299317011357,0.4485203139760778,0.4951573636381376
CHIP >=2%,11.6497943147361,0.4720299317011357,0.4485203139760778,0.4951573636381376
CHIP >=2%,11.658008035757065,0.4720299317011357,0.4485203139760778,0.4951573636381376
CHIP >=2%,11.663483849771042,0.4720299317011357,0.4485203139760778,0.4951573636381376
CHIP >=2%,11.66622175677803,0.4720299317011357,0.4485203139760778,0.4951573636381376
CHIP >=2%,11.668959663785019,0.4720299317011357,0.4485203139760778,0.4951573636381376
CHIP >=2%,11.671697570792007,0.4720299317011357,0.4485203139760778,0.4951573636381376
CHIP >=2%,11.674435477798996,0.4720299317011357,0.4485203139760778,0.4951573636381376
CHIP >=2%,11.677173384805984,0.46863403291191896,0.44435651754341443,0.4925167608090122
CHIP >=2%,11.685387105826951,0.46863403291191896,0.44435651754341443,0.4925167608090122
CHIP >=2%,11.68812501283394,0.46863403291191896,0.44435651754341443,0.4925167608090122
CHIP >=2%,11.699076640861893,0.46863403291191896,0.44435651754341443,0.4925167608090122
CHIP >=2%,11.70455245487587,0.46863403291191896,0.44435651754341443,0.4925167608090122
CHIP >=2%,11.710028268889847,0.46863403291191896,0.44435651754341443,0.4925167608090122
CHIP >=2%,11.726455710931779,0.46863403291191896,0.44435651754341443,0.4925167608090122
CHIP >=2%,11.731931524945756,0.46863403291191896,0.44435651754341443,0.4925167608090122
CHIP >=2%,11.737407338959732,0.46863403291191896,0.44435651754341443,0.4925167608090122
CHIP >=2%,11.74288315297371,0.46863403291191896,0.44435651754341443,0.4925167608090122
CHIP >=2%,11.745621059980698,0.46863403291191896,0.44435651754341443,0.4925167608090122
CHIP >=2%,11.756572688008651,0.46863403291191896,0.44435651754341443,0.4925167608090122
CHIP >=2%,11.770262223043595,0.46863403291191896,0.44435651754341443,0.4925167608090122
CHIP >=2%,11.786689665085525,0.46863403291191896,0.44435651754341443,0.4925167608090122
CHIP >=2%,11.792165479099502,0.46863403291191896,0.44435651754341443,0.4925167608090122
CHIP >=2%,11.808592921141432,0.46863403291191896,0.44435651754341443,0.4925167608090122
CHIP >=2%,11.822282456176376,0.4646286138272017,0.4393032348962981,0.4895408103022681
CHIP >=2%,11.825020363183365,0.4646286138272017,0.4393032348962981,0.4895408103022681
CHIP >=2%,11.827758270190353,0.4646286138272017,0.4393032348962981,0.4895408103022681
CHIP >=2%,11.830496177197341,0.4646286138272017,0.4393032348962981,0.4895408103022681
CHIP >=2%,11.838709898218307,0.4646286138272017,0.4393032348962981,0.4895408103022681
CHIP >=2%,11.84966152624626,0.4646286138272017,0.4393032348962981,0.4895408103022681
CHIP >=2%,11.857875247267227,0.4646286138272017,0.4393032348962981,0.4895408103022681
CHIP >=2%,11.860613154274215,0.4646286138272017,0.4393032348962981,0.4895408103022681
CHIP >=2%,11.863351061281204,0.4646286138272017,0.4393032348962981,0.4895408103022681
CHIP >=2%,11.86882687529518,0.4646286138272017,0.4393032348962981,0.4895408103022681
CHIP >=2%,11.871564782302169,0.4646286138272017,0.4393032348962981,0.4895408103022681
CHIP >=2%,11.874302689309157,0.4646286138272017,0.4393032348962981,0.4895408103022681
CHIP >=2%,11.877040596316146,0.4646286138272017,0.4393032348962981,0.4895408103022681
CHIP >=2%,11.879778503323134,0.4646286138272017,0.4393032348962981,0.4895408103022681
CHIP >=2%,11.885254317337111,0.4646286138272017,0.4393032348962981,0.4895408103022681
CHIP >=2%,11.893468038358076,0.4646286138272017,0.4393032348962981,0.4895408103022681
CHIP >=2%,11.904419666386032,0.4646286138272017,0.4393032348962981,0.4895408103022681
CHIP >=2%,11.90715757339302,0.4646286138272017,0.4393032348962981,0.4895408103022681
CHIP >=2%,11.909895480400008,0.4646286138272017,0.4393032348962981,0.4895408103022681
CHIP >=2%,11.912633387406997,0.4646286138272017,0.4393032348962981,0.4895408103022681
CHIP >=2%,11.920847108427962,0.4646286138272017,0.4393032348962981,0.4895408103022681
CHIP >=2%,11.92358501543495,0.4646286138272017,0.4393032348962981,0.4895408103022681
CHIP >=2%,11.929060829448927,0.4646286138272017,0.4393032348962981,0.4895408103022681
CHIP >=2%,11.934536643462904,0.4646286138272017,0.4393032348962981,0.4895408103022681
CHIP >=2%,11.940012457476882,0.4646286138272017,0.4393032348962981,0.4895408103022681
CHIP >=2%,11.956439899518813,0.4646286138272017,0.4393032348962981,0.4895408103022681
CHIP >=2%,11.96191571353279,0.4646286138272017,0.4393032348962981,0.4895408103022681
CHIP >=2%,11.967391527546766,0.45882075615436174,0.4313350755069895,0.485847979600115
CHIP >=2%,11.97834315557472,0.45882075615436174,0.4313350755069895,0.485847979600115
CHIP >=2%,11.986556876595687,0.45882075615436174,0.4313350755069895,0.485847979600115
CHIP >=2%,11.989294783602675,0.45882075615436174,0.4313350755069895,0.485847979600115
CHIP >=2%,11.992032690609664,0.45882075615436174,0.4313350755069895,0.485847979600115
CHIP >=2%,12.008460132651594,0.4526204756657893,0.4229045691222094,0.4818356469412119
CHIP >=2%,12.019411760679548,0.4526204756657893,0.4229045691222094,0.4818356469412119
CHIP >=2%,12.044052923742445,0.4526204756657893,0.4229045691222094,0.4818356469412119
CHIP >=2%,12.049528737756422,0.4526204756657893,0.4229045691222094,0.4818356469412119
CHIP >=2%,12.057742458777387,0.4526204756657893,0.4229045691222094,0.4818356469412119
CHIP >=2%,12.065956179798352,0.4526204756657893,0.4229045691222094,0.4818356469412119
CHIP >=2%,12.074169900819319,0.4526204756657893,0.4229045691222094,0.4818356469412119
CHIP >=2%,12.079645714833296,0.4526204756657893,0.4229045691222094,0.4818356469412119
CHIP >=2%,12.082383621840284,0.4526204756657893,0.4229045691222094,0.4818356469412119
CHIP >=2%,12.09059734286125,0.4526204756657893,0.4229045691222094,0.4818356469412119
CHIP >=2%,12.098811063882215,0.4526204756657893,0.4229045691222094,0.4818356469412119
CHIP >=2%,12.109762691910168,0.4526204756657893,0.4229045691222094,0.4818356469412119
CHIP >=2%,12.123452226945112,0.4526204756657893,0.4229045691222094,0.4818356469412119
CHIP >=2%,12.128928040959089,0.4526204756657893,0.4229045691222094,0.4818356469412119
CHIP >=2%,12.131665947966077,0.4526204756657893,0.4229045691222094,0.4818356469412119
CHIP >=2%,12.134403854973066,0.4526204756657893,0.4229045691222094,0.4818356469412119
CHIP >=2%,12.14261757599403,0.4526204756657893,0.4229045691222094,0.4818356469412119
CHIP >=2%,12.148093390008007,0.4526204756657893,0.4229045691222094,0.4818356469412119
CHIP >=2%,12.150831297014996,0.4526204756657893,0.4229045691222094,0.4818356469412119
CHIP >=2%,12.169996646063916,0.4526204756657893,0.4229045691222094,0.4818356469412119
CHIP >=2%,12.18094827409187,0.4526204756657893,0.4229045691222094,0.4818356469412119
CHIP >=2%,12.208327344161756,0.4526204756657893,0.4229045691222094,0.4818356469412119
CHIP >=2%,12.241182228245618,0.4526204756657893,0.4229045691222094,0.4818356469412119
CHIP >=2%,12.249395949266583,0.4526204756657893,0.4229045691222094,0.4818356469412119
CHIP >=2%,12.274037112329479,0.4526204756657893,0.4229045691222094,0.4818356469412119
CHIP >=2%,12.279512926343456,0.4526204756657893,0.4229045691222094,0.4818356469412119
CHIP >=2%,12.284988740357434,0.4526204756657893,0.4229045691222094,0.4818356469412119
CHIP >=2%,12.295940368385388,0.4526204756657893,0.4229045691222094,0.4818356469412119
CHIP >=2%,12.304154089406353,0.4410148224435895,0.4042648683243282,0.477100855976215
CHIP >=2%,12.323319438455272,0.4410148224435895,0.4042648683243282,0.477100855976215
CHIP >=2%,12.347960601518169,0.4410148224435895,0.4042648683243282,0.477100855976215
CHIP >=2%,12.353436415532146,0.4410148224435895,0.4042648683243282,0.477100855976215
CHIP >=2%,12.356174322539134,0.4410148224435895,0.4042648683243282,0.477100855976215
CHIP >=2%,12.36712595056709,0.4410148224435895,0.4042648683243282,0.477100855976215
CHIP >=2%,12.375339671588055,0.4410148224435895,0.4042648683243282,0.477100855976215
CHIP >=2%,12.38355339260902,0.4410148224435895,0.4042648683243282,0.477100855976215
CHIP >=2%,12.405456648664927,0.4410148224435895,0.4042648683243282,0.477100855976215
CHIP >=2%,12.42188409070686,0.4410148224435895,0.4042648683243282,0.477100855976215
CHIP >=2%,12.47390432383964,0.4410148224435895,0.4042648683243282,0.477100855976215
CHIP >=2%,12.501283393909526,0.4410148224435895,0.4042648683243282,0.477100855976215
CHIP >=2%,12.504021300916515,0.4410148224435895,0.4042648683243282,0.477100855976215
CHIP >=2%,12.517710835951457,0.4410148224435895,0.4042648683243282,0.477100855976215
CHIP >=2%,12.523186649965433,0.4410148224435895,0.4042648683243282,0.477100855976215
CHIP >=2%,12.542351999014354,0.4410148224435895,0.4042648683243282,0.477100855976215
CHIP >=2%,12.553303627042308,0.4410148224435895,0.4042648683243282,0.477100855976215
CHIP >=2%,12.605323860175089,0.4410148224435895,0.4042648683243282,0.477100855976215
CHIP >=2%,12.629965023237986,0.4410148224435895,0.4042648683243282,0.477100855976215
CHIP >=2%,12.651868279293893,0.4410148224435895,0.4042648683243282,0.477100855976215
CHIP >=2%,12.668295721335825,0.4410148224435895,0.4042648683243282,0.477100855976215
CHIP >=2%,13.158381075586767,0.4410148224435895,0.4042648683243282,0.477100855976215
CHIP >=2%,13.270635262873297,0.4410148224435895,0.4042648683243282,0.477100855976215
CHIP >=2%,13.317179681992101,0.4410148224435895,0.4042648683243282,0.477100855976215
CHIP >=2%,13.459550846355503,0.4410148224435895,0.4042648683243282,0.477100855976215
CHIP >=2%,13.632038987795779,0.4410148224435895,0.4042648683243282,0.477100855976215
CHIP >=2%,13.681321313921572,0.4410148224435895,0.4042648683243282,0.477100855976215
CHIP >=2%,13.727865733040376,0.4410148224435895,0.4042648683243282,0.477100855976215
CHIP >=2%,13.829168292298952,0.4410148224435895,0.4042648683243282,0.477100855976215
CHIP >=2%,13.83190619930594,0.4410148224435895,0.4042648683243282,0.477100855976215
CHIP >=2%,14.086531550955872,0.4410148224435895,0.4042648683243282,0.477100855976215
CHIP >=2%,14.157717133137572,0.4410148224435895,0.4042648683243282,0.477100855976215
CHIP >=2%,14.349370623626768,0.4410148224435895,0.4042648683243282,0.477100855976215
CHIP >=2%,14.371273879682676,0.4410148224435895,0.4042648683243282,0.477100855976215
CHIP >=2%,14.453411089892331,0.4410148224435895,0.4042648683243282,0.477100855976215
CHIP >=2%,14.992778770269068,0.4410148224435895,0.4042648683243282,0.477100855976215
CHIP >=2%,15.18990807477224,0.4410148224435895,0.4042648683243282,0.477100855976215
